ISO-10303-21;
HEADER;
FILE_DESCRIPTION(('STEP AP214'),'1');
FILE_NAME('SOIC_0AJTR_STM','2026-09-21T07:33:01',(''),(''),'','','');
FILE_SCHEMA(('AUTOMOTIVE_DESIGN'));
ENDSEC;
DATA;
#1=SHAPE_DEFINITION_REPRESENTATION(#2,#3);
#2=PRODUCT_DEFINITION_SHAPE('',$,#4);
#3=SHAPE_REPRESENTATION('',(#188,#484,#781,#1651,#2521,#3391,#4261,#5131,#6001,#6871,#7741,#8611,#9481,#10351,#11221,#12091,#12961,#13831,#19),#11);
#4=PRODUCT_DEFINITION('design','example product_definition',#6,#5);
#5=PRODUCT_DEFINITION_CONTEXT('3D Mechanical Parts',#10,'design');
#6=PRODUCT_DEFINITION_FORMATION('1.0','first version',#8);
#7=APPLICATION_PROTOCOL_DEFINITION('international standard','automotive_design',2003,#10);
#8=PRODUCT('product','part','',(#9));
#9=PRODUCT_CONTEXT('3D Mechanical Parts',#10,'mechanical');
#10=APPLICATION_CONTEXT('Core Data for Automotive Mechanical Design Process');
#11=(GEOMETRIC_REPRESENTATION_CONTEXT(3) GLOBAL_UNCERTAINTY_ASSIGNED_CONTEXT((#12)) GLOBAL_UNIT_ASSIGNED_CONTEXT((#13,#14,#18)) REPRESENTATION_CONTEXT('ID1','3D'));
#12=UNCERTAINTY_MEASURE_WITH_UNIT(LENGTH_MEASURE(1.E-005),#13,'DISTANCE_ACCURACY_VALUE','Maximum model space distance between geometric entities at asserted connectivities');
#13=(LENGTH_UNIT() NAMED_UNIT(*) SI_UNIT(.MILLI.,.METRE.));
#14=(CONVERSION_BASED_UNIT('degree',#16) NAMED_UNIT(#15) PLANE_ANGLE_UNIT());
#15=DIMENSIONAL_EXPONENTS(0.,0.,0.,0.,0.,0.,0.);
#16=MEASURE_WITH_UNIT(PLANE_ANGLE_MEASURE(0.01745329252),#17);
#17=(NAMED_UNIT(*) PLANE_ANGLE_UNIT() SI_UNIT($,.RADIAN.));
#18=(NAMED_UNIT(*) SI_UNIT($,.STERADIAN.) SOLID_ANGLE_UNIT());
#19=AXIS2_PLACEMENT_3D('',#20,#21,#22);
#20=CARTESIAN_POINT('',(0.0,0.0,0.0));
#21=DIRECTION('',(0.0,0.0,1.0));
#22=DIRECTION('',(1.0,0.0,0.0));
#25=MECHANICAL_DESIGN_GEOMETRIC_PRESENTATION_REPRESENTATION($,(#190,#239,#288,#337,#386,#435,#486,#535,#584,#633,#682,#731,#783,#832,#881,#930,#979,#1028,#1077,#1126,#1175,#1226,#1277,#1328,#1379,#1515,#1653,#1702,#1751,#1800,#1849,#1898,#1947,#1996,#2045,#2096,#2147,#2198,#2249,#2385,#2523,#2572,#2621,#2670,#2719,#2768,#2817,#2866,#2915,#2966,#3017,#3068,#3119,#3255,#3393,#3442,#3491,#3540,#3589,#3638,#3687,#3736,#3785,#3836,#3887,#3938,#3989,#4125,#4263,#4312,#4361,#4410,#4459,#4508,#4557,#4606,#4655,#4706,#4757,#4808,#4859,#4995,#5133,#5182,#5231,#5280,#5329,#5378,#5427,#5476,#5525,#5576,#5627,#5678,#5729,#5865,#6003,#6052,#6101,#6150,#6199,#6248,#6297,#6346,#6395,#6446,#6497,#6548,#6599,#6735,#6873,#6922,#6971,#7020,#7069,#7118,#7167,#7216,#7265,#7316,#7367,#7418,#7469,#7605,#7743,#7792,#7841,#7890,#7939,#7988,#8037,#8086,#8135,#8186,#8237,#8288,#8339,#8475,#8613,#8662,#8711,#8760,#8809,#8858,#8907,#8956,#9005,#9056,#9107,#9158,#9209,#9345,#9483,#9532,#9581,#9630,#9679,#9728,#9777,#9826,#9875,#9926,#9977,#10028,#10079,#10215,#10353,#10402,#10451,#10500,#10549,#10598,#10647,#10696,#10745,#10796,#10847,#10898,#10949,#11085,#11223,#11272,#11321,#11370,#11419,#11468,#11517,#11566,#11615,#11666,#11717,#11768,#11819,#11955,#12093,#12142,#12191,#12240,#12289,#12338,#12387,#12436,#12485,#12536,#12587,#12638,#12689,#12825,#12963,#13012,#13061,#13110,#13159,#13208,#13257,#13306,#13355,#13406,#13457,#13508,#13559,#13695,#13833,#13882,#13931,#13980,#14029,#14078,#14127,#14176,#14225,#14276,#14327,#14378,#14429,#14565),#11);
#26=PRODUCT_CATEGORY_RELATIONSHIP('','',#27,#28);
#27=PRODUCT_CATEGORY('part','');
#28=PRODUCT_RELATED_PRODUCT_CATEGORY('','',(#8));
#34=PRESENTATION_STYLE_ASSIGNMENT((#35,#40));
#35=SURFACE_STYLE_USAGE(.BOTH.,#36);
#36=SURFACE_SIDE_STYLE('',(#37));
#37=SURFACE_STYLE_FILL_AREA(#38);
#38=FILL_AREA_STYLE('',(#39));
#39=FILL_AREA_STYLE_COLOUR('',#41);
#40=CURVE_STYLE('',#42,POSITIVE_LENGTH_MEASURE(0.1),#41);
#41=COLOUR_RGB('Aluminum',0.725,0.725,0.725);
#42=DRAUGHTING_PRE_DEFINED_CURVE_FONT('continuous');
#43=PRESENTATION_STYLE_ASSIGNMENT((#44,#49));
#44=SURFACE_STYLE_USAGE(.BOTH.,#45);
#45=SURFACE_SIDE_STYLE('',(#46));
#46=SURFACE_STYLE_FILL_AREA(#47);
#47=FILL_AREA_STYLE('',(#48));
#48=FILL_AREA_STYLE_COLOUR('',#50);
#49=CURVE_STYLE('',#51,POSITIVE_LENGTH_MEASURE(0.1),#50);
#50=COLOUR_RGB('Gray',0.431,0.431,0.431);
#51=DRAUGHTING_PRE_DEFINED_CURVE_FONT('continuous');
#52=PRESENTATION_STYLE_ASSIGNMENT((#53,#58));
#53=SURFACE_STYLE_USAGE(.BOTH.,#54);
#54=SURFACE_SIDE_STYLE('',(#55));
#55=SURFACE_STYLE_FILL_AREA(#56);
#56=FILL_AREA_STYLE('',(#57));
#57=FILL_AREA_STYLE_COLOUR('',#59);
#58=CURVE_STYLE('',#60,POSITIVE_LENGTH_MEASURE(0.1),#59);
#59=COLOUR_RGB('Pin1',0.588,0.588,0.588);
#60=DRAUGHTING_PRE_DEFINED_CURVE_FONT('continuous');
#61=PRESENTATION_STYLE_ASSIGNMENT((#62,#67));
#62=SURFACE_STYLE_USAGE(.BOTH.,#63);
#63=SURFACE_SIDE_STYLE('',(#64));
#64=SURFACE_STYLE_FILL_AREA(#65);
#65=FILL_AREA_STYLE('',(#66));
#66=FILL_AREA_STYLE_COLOUR('',#68);
#67=CURVE_STYLE('',#69,POSITIVE_LENGTH_MEASURE(0.1),#68);
#68=COLOUR_RGB('HeatTab',0.588,0.588,0.588);
#69=DRAUGHTING_PRE_DEFINED_CURVE_FONT('continuous');
#70=PRESENTATION_STYLE_ASSIGNMENT((#71,#76));
#71=SURFACE_STYLE_USAGE(.BOTH.,#72);
#72=SURFACE_SIDE_STYLE('',(#73));
#73=SURFACE_STYLE_FILL_AREA(#74);
#74=FILL_AREA_STYLE('',(#75));
#75=FILL_AREA_STYLE_COLOUR('',#77);
#76=CURVE_STYLE('',#78,POSITIVE_LENGTH_MEASURE(0.1),#77);
#77=COLOUR_RGB('Black',0.196,0.196,0.196);
#78=DRAUGHTING_PRE_DEFINED_CURVE_FONT('continuous');
#79=PRESENTATION_STYLE_ASSIGNMENT((#80,#85));
#80=SURFACE_STYLE_USAGE(.BOTH.,#81);
#81=SURFACE_SIDE_STYLE('',(#82));
#82=SURFACE_STYLE_FILL_AREA(#83);
#83=FILL_AREA_STYLE('',(#84));
#84=FILL_AREA_STYLE_COLOUR('',#86);
#85=CURVE_STYLE('',#87,POSITIVE_LENGTH_MEASURE(0.1),#86);
#86=COLOUR_RGB('Gold',0.843,0.686,0.0);
#87=DRAUGHTING_PRE_DEFINED_CURVE_FONT('continuous');
#88=PRESENTATION_STYLE_ASSIGNMENT((#89,#94));
#89=SURFACE_STYLE_USAGE(.BOTH.,#90);
#90=SURFACE_SIDE_STYLE('',(#91));
#91=SURFACE_STYLE_FILL_AREA(#92);
#92=FILL_AREA_STYLE('',(#93));
#93=FILL_AREA_STYLE_COLOUR('',#95);
#94=CURVE_STYLE('',#96,POSITIVE_LENGTH_MEASURE(0.1),#95);
#95=COLOUR_RGB('Brown',0.459,0.345,0.176);
#96=DRAUGHTING_PRE_DEFINED_CURVE_FONT('continuous');
#97=PRESENTATION_STYLE_ASSIGNMENT((#98,#103));
#98=SURFACE_STYLE_USAGE(.BOTH.,#99);
#99=SURFACE_SIDE_STYLE('',(#100));
#100=SURFACE_STYLE_FILL_AREA(#101);
#101=FILL_AREA_STYLE('',(#102));
#102=FILL_AREA_STYLE_COLOUR('',#104);
#103=CURVE_STYLE('',#105,POSITIVE_LENGTH_MEASURE(0.1),#104);
#104=COLOUR_RGB('Tan',0.784,0.686,0.51);
#105=DRAUGHTING_PRE_DEFINED_CURVE_FONT('continuous');
#106=PRESENTATION_STYLE_ASSIGNMENT((#107,#112));
#107=SURFACE_STYLE_USAGE(.BOTH.,#108);
#108=SURFACE_SIDE_STYLE('',(#109));
#109=SURFACE_STYLE_FILL_AREA(#110);
#110=FILL_AREA_STYLE('',(#111));
#111=FILL_AREA_STYLE_COLOUR('',#113);
#112=CURVE_STYLE('',#114,POSITIVE_LENGTH_MEASURE(0.1),#113);
#113=COLOUR_RGB('Red',0.6,0.0,0.0);
#114=DRAUGHTING_PRE_DEFINED_CURVE_FONT('continuous');
#115=PRESENTATION_STYLE_ASSIGNMENT((#116,#121));
#116=SURFACE_STYLE_USAGE(.BOTH.,#117);
#117=SURFACE_SIDE_STYLE('',(#118));
#118=SURFACE_STYLE_FILL_AREA(#119);
#119=FILL_AREA_STYLE('',(#120));
#120=FILL_AREA_STYLE_COLOUR('',#122);
#121=CURVE_STYLE('',#123,POSITIVE_LENGTH_MEASURE(0.1),#122);
#122=COLOUR_RGB('Blue',0.157,0.157,0.588);
#123=DRAUGHTING_PRE_DEFINED_CURVE_FONT('continuous');
#124=PRESENTATION_STYLE_ASSIGNMENT((#125,#130));
#125=SURFACE_STYLE_USAGE(.BOTH.,#126);
#126=SURFACE_SIDE_STYLE('',(#127));
#127=SURFACE_STYLE_FILL_AREA(#128);
#128=FILL_AREA_STYLE('',(#129));
#129=FILL_AREA_STYLE_COLOUR('',#131);
#130=CURVE_STYLE('',#132,POSITIVE_LENGTH_MEASURE(0.1),#131);
#131=COLOUR_RGB('Maroon',0.294,0.0,0.0);
#132=DRAUGHTING_PRE_DEFINED_CURVE_FONT('continuous');
#133=PRESENTATION_STYLE_ASSIGNMENT((#134,#139));
#134=SURFACE_STYLE_USAGE(.BOTH.,#135);
#135=SURFACE_SIDE_STYLE('',(#136));
#136=SURFACE_STYLE_FILL_AREA(#137);
#137=FILL_AREA_STYLE('',(#138));
#138=FILL_AREA_STYLE_COLOUR('',#140);
#139=CURVE_STYLE('',#141,POSITIVE_LENGTH_MEASURE(0.1),#140);
#140=COLOUR_RGB('Green',0.0,0.294,0.0);
#141=DRAUGHTING_PRE_DEFINED_CURVE_FONT('continuous');
#142=PRESENTATION_STYLE_ASSIGNMENT((#143,#148));
#143=SURFACE_STYLE_USAGE(.BOTH.,#144);
#144=SURFACE_SIDE_STYLE('',(#145));
#145=SURFACE_STYLE_FILL_AREA(#146);
#146=FILL_AREA_STYLE('',(#147));
#147=FILL_AREA_STYLE_COLOUR('',#149);
#148=CURVE_STYLE('',#150,POSITIVE_LENGTH_MEASURE(0.1),#149);
#149=COLOUR_RGB('Pin1Wrap',0.98,0.706,0.176);
#150=DRAUGHTING_PRE_DEFINED_CURVE_FONT('continuous');
#151=PRESENTATION_STYLE_ASSIGNMENT((#152,#157));
#152=SURFACE_STYLE_USAGE(.BOTH.,#153);
#153=SURFACE_SIDE_STYLE('',(#154));
#154=SURFACE_STYLE_FILL_AREA(#155);
#155=FILL_AREA_STYLE('',(#156));
#156=FILL_AREA_STYLE_COLOUR('',#158);
#157=CURVE_STYLE('',#159,POSITIVE_LENGTH_MEASURE(0.1),#158);
#158=COLOUR_RGB('Pin1Rad',0.588,0.588,0.588);
#159=DRAUGHTING_PRE_DEFINED_CURVE_FONT('continuous');
#160=PRESENTATION_STYLE_ASSIGNMENT((#161,#166));
#161=SURFACE_STYLE_USAGE(.BOTH.,#162);
#162=SURFACE_SIDE_STYLE('',(#163));
#163=SURFACE_STYLE_FILL_AREA(#164);
#164=FILL_AREA_STYLE('',(#165));
#165=FILL_AREA_STYLE_COLOUR('',#167);
#166=CURVE_STYLE('',#168,POSITIVE_LENGTH_MEASURE(0.1),#167);
#167=COLOUR_RGB('Pin1Axial',0.98,0.706,0.176);
#168=DRAUGHTING_PRE_DEFINED_CURVE_FONT('continuous');
#169=PRESENTATION_STYLE_ASSIGNMENT((#170,#175));
#170=SURFACE_STYLE_USAGE(.BOTH.,#171);
#171=SURFACE_SIDE_STYLE('',(#172));
#172=SURFACE_STYLE_FILL_AREA(#173);
#173=FILL_AREA_STYLE('',(#174));
#174=FILL_AREA_STYLE_COLOUR('',#176);
#175=CURVE_STYLE('',#177,POSITIVE_LENGTH_MEASURE(0.1),#176);
#176=COLOUR_RGB('Pin1Tant',0.459,0.345,0.176);
#177=DRAUGHTING_PRE_DEFINED_CURVE_FONT('continuous');
#178=PRESENTATION_STYLE_ASSIGNMENT((#179,#184));
#179=SURFACE_STYLE_USAGE(.BOTH.,#180);
#180=SURFACE_SIDE_STYLE('',(#181));
#181=SURFACE_STYLE_FILL_AREA(#182);
#182=FILL_AREA_STYLE('',(#183));
#183=FILL_AREA_STYLE_COLOUR('',#185);
#184=CURVE_STYLE('',#186,POSITIVE_LENGTH_MEASURE(0.1),#185);
#185=COLOUR_RGB('Shroud',0.235,0.235,0.235);
#186=DRAUGHTING_PRE_DEFINED_CURVE_FONT('continuous');
#188=MANIFOLD_SOLID_BREP($,#189);
#189=CLOSED_SHELL('',(#191,#240,#289,#338,#387,#436));
#190=STYLED_ITEM('',(#43),#191);
#191=ADVANCED_FACE('',(#197),#192,.T.);
#192=PLANE('',#193);
#193=AXIS2_PLACEMENT_3D('',#194,#195,#196);
#194=CARTESIAN_POINT('',(-1.956,-2.451,0.0));
#195=DIRECTION('',(0.0,-1.0,0.0));
#196=DIRECTION('',(0.,0.,1.));
#197=FACE_OUTER_BOUND('',#198,.T.);
#198=EDGE_LOOP('',(#199,#209,#219,#229));
#202=CARTESIAN_POINT('',(1.956,-2.451,0.0));
#201=VERTEX_POINT('',#202);
#204=CARTESIAN_POINT('',(-1.956,-2.451,0.0));
#203=VERTEX_POINT('',#204);
#200=EDGE_CURVE('',#201,#203,#205,.T.);
#205=LINE('',#202,#207);
#207=VECTOR('',#208,3.9116);
#208=DIRECTION('',(-1.0,0.0,0.0));
#199=ORIENTED_EDGE('',*,*,#200,.F.);
#212=CARTESIAN_POINT('',(1.956,-2.451,1.702));
#211=VERTEX_POINT('',#212);
#210=EDGE_CURVE('',#211,#201,#215,.T.);
#215=LINE('',#212,#217);
#217=VECTOR('',#218,1.7018);
#218=DIRECTION('',(0.0,0.0,-1.0));
#209=ORIENTED_EDGE('',*,*,#210,.F.);
#222=CARTESIAN_POINT('',(-1.956,-2.451,1.702));
#221=VERTEX_POINT('',#222);
#220=EDGE_CURVE('',#221,#211,#225,.T.);
#225=LINE('',#222,#227);
#227=VECTOR('',#228,3.9116);
#228=DIRECTION('',(1.0,0.0,0.0));
#219=ORIENTED_EDGE('',*,*,#220,.F.);
#230=EDGE_CURVE('',#203,#221,#235,.T.);
#235=LINE('',#204,#237);
#237=VECTOR('',#238,1.7018);
#238=DIRECTION('',(0.0,0.0,1.0));
#229=ORIENTED_EDGE('',*,*,#230,.F.);
#239=STYLED_ITEM('',(#43),#240);
#240=ADVANCED_FACE('',(#246),#241,.T.);
#241=PLANE('',#242);
#242=AXIS2_PLACEMENT_3D('',#243,#244,#245);
#243=CARTESIAN_POINT('',(1.956,-2.451,0.0));
#244=DIRECTION('',(1.0,0.0,0.0));
#245=DIRECTION('',(0.,0.,1.));
#246=FACE_OUTER_BOUND('',#247,.T.);
#247=EDGE_LOOP('',(#248,#258,#268,#278));
#251=CARTESIAN_POINT('',(1.956,2.451,0.0));
#250=VERTEX_POINT('',#251);
#249=EDGE_CURVE('',#250,#201,#254,.T.);
#254=LINE('',#251,#256);
#256=VECTOR('',#257,4.9022);
#257=DIRECTION('',(0.0,-1.0,0.0));
#248=ORIENTED_EDGE('',*,*,#249,.F.);
#261=CARTESIAN_POINT('',(1.956,2.451,1.702));
#260=VERTEX_POINT('',#261);
#259=EDGE_CURVE('',#260,#250,#264,.T.);
#264=LINE('',#261,#266);
#266=VECTOR('',#267,1.7018);
#267=DIRECTION('',(0.0,0.0,-1.0));
#258=ORIENTED_EDGE('',*,*,#259,.F.);
#269=EDGE_CURVE('',#211,#260,#274,.T.);
#274=LINE('',#212,#276);
#276=VECTOR('',#277,4.9022);
#277=DIRECTION('',(0.0,1.0,0.0));
#268=ORIENTED_EDGE('',*,*,#269,.F.);
#278=ORIENTED_EDGE('',*,*,#210,.T.);
#288=STYLED_ITEM('',(#43),#289);
#289=ADVANCED_FACE('',(#295),#290,.T.);
#290=PLANE('',#291);
#291=AXIS2_PLACEMENT_3D('',#292,#293,#294);
#292=CARTESIAN_POINT('',(1.956,2.451,0.0));
#293=DIRECTION('',(0.0,1.0,0.0));
#294=DIRECTION('',(0.,0.,1.));
#295=FACE_OUTER_BOUND('',#296,.T.);
#296=EDGE_LOOP('',(#297,#307,#317,#327));
#300=CARTESIAN_POINT('',(-1.956,2.451,0.0));
#299=VERTEX_POINT('',#300);
#298=EDGE_CURVE('',#299,#250,#303,.T.);
#303=LINE('',#300,#305);
#305=VECTOR('',#306,3.9116);
#306=DIRECTION('',(1.0,0.0,0.0));
#297=ORIENTED_EDGE('',*,*,#298,.F.);
#310=CARTESIAN_POINT('',(-1.956,2.451,1.702));
#309=VERTEX_POINT('',#310);
#308=EDGE_CURVE('',#309,#299,#313,.T.);
#313=LINE('',#310,#315);
#315=VECTOR('',#316,1.7018);
#316=DIRECTION('',(0.0,0.0,-1.0));
#307=ORIENTED_EDGE('',*,*,#308,.F.);
#318=EDGE_CURVE('',#260,#309,#323,.T.);
#323=LINE('',#261,#325);
#325=VECTOR('',#326,3.9116);
#326=DIRECTION('',(-1.0,0.0,0.0));
#317=ORIENTED_EDGE('',*,*,#318,.F.);
#327=ORIENTED_EDGE('',*,*,#259,.T.);
#337=STYLED_ITEM('',(#43),#338);
#338=ADVANCED_FACE('',(#344),#339,.T.);
#339=PLANE('',#340);
#340=AXIS2_PLACEMENT_3D('',#341,#342,#343);
#341=CARTESIAN_POINT('',(-1.956,2.451,0.0));
#342=DIRECTION('',(-1.0,0.0,0.0));
#343=DIRECTION('',(0.,0.,1.));
#344=FACE_OUTER_BOUND('',#345,.T.);
#345=EDGE_LOOP('',(#346,#356,#366,#376));
#347=EDGE_CURVE('',#203,#299,#352,.T.);
#352=LINE('',#204,#354);
#354=VECTOR('',#355,4.9022);
#355=DIRECTION('',(0.0,1.0,0.0));
#346=ORIENTED_EDGE('',*,*,#347,.F.);
#356=ORIENTED_EDGE('',*,*,#230,.T.);
#367=EDGE_CURVE('',#309,#221,#372,.T.);
#372=LINE('',#310,#374);
#374=VECTOR('',#375,4.9022);
#375=DIRECTION('',(0.0,-1.0,0.0));
#366=ORIENTED_EDGE('',*,*,#367,.F.);
#376=ORIENTED_EDGE('',*,*,#308,.T.);
#386=STYLED_ITEM('',(#43),#387);
#387=ADVANCED_FACE('',(#393),#388,.T.);
#388=PLANE('',#389);
#389=AXIS2_PLACEMENT_3D('',#390,#391,#392);
#390=CARTESIAN_POINT('',(-1.956,2.451,0.0));
#391=DIRECTION('',(0.0,0.0,-1.0));
#392=DIRECTION('',(0.,1.,0.));
#393=FACE_OUTER_BOUND('',#394,.T.);
#394=EDGE_LOOP('',(#395,#405,#415,#425));
#395=ORIENTED_EDGE('',*,*,#298,.T.);
#405=ORIENTED_EDGE('',*,*,#249,.T.);
#415=ORIENTED_EDGE('',*,*,#200,.T.);
#425=ORIENTED_EDGE('',*,*,#347,.T.);
#435=STYLED_ITEM('',(#43),#436);
#436=ADVANCED_FACE('',(#442),#437,.T.);
#437=PLANE('',#438);
#438=AXIS2_PLACEMENT_3D('',#439,#440,#441);
#439=CARTESIAN_POINT('',(-1.956,-2.451,1.702));
#440=DIRECTION('',(0.0,0.0,1.0));
#441=DIRECTION('',(0.,1.,0.));
#442=FACE_OUTER_BOUND('',#443,.T.);
#443=EDGE_LOOP('',(#444,#454,#464,#474));
#444=ORIENTED_EDGE('',*,*,#220,.T.);
#454=ORIENTED_EDGE('',*,*,#269,.T.);
#464=ORIENTED_EDGE('',*,*,#318,.T.);
#474=ORIENTED_EDGE('',*,*,#367,.T.);
#484=MANIFOLD_SOLID_BREP($,#485);
#485=CLOSED_SHELL('',(#487,#536,#585,#634,#683,#732));
#486=STYLED_ITEM('',(#61),#487);
#487=ADVANCED_FACE('',(#493),#488,.T.);
#488=PLANE('',#489);
#489=AXIS2_PLACEMENT_3D('',#490,#491,#492);
#490=CARTESIAN_POINT('',(-1.245,-2.096,-0.051));
#491=DIRECTION('',(0.0,-1.0,0.0));
#492=DIRECTION('',(0.,0.,1.));
#493=FACE_OUTER_BOUND('',#494,.T.);
#494=EDGE_LOOP('',(#495,#505,#515,#525));
#498=CARTESIAN_POINT('',(1.245,-2.096,-0.051));
#497=VERTEX_POINT('',#498);
#500=CARTESIAN_POINT('',(-1.245,-2.096,-0.051));
#499=VERTEX_POINT('',#500);
#496=EDGE_CURVE('',#497,#499,#501,.T.);
#501=LINE('',#498,#503);
#503=VECTOR('',#504,2.4892);
#504=DIRECTION('',(-1.0,0.0,0.0));
#495=ORIENTED_EDGE('',*,*,#496,.F.);
#508=CARTESIAN_POINT('',(1.245,-2.096,0.0));
#507=VERTEX_POINT('',#508);
#506=EDGE_CURVE('',#507,#497,#511,.T.);
#511=LINE('',#508,#513);
#513=VECTOR('',#514,0.0508);
#514=DIRECTION('',(0.0,0.0,-1.0));
#505=ORIENTED_EDGE('',*,*,#506,.F.);
#518=CARTESIAN_POINT('',(-1.245,-2.096,0.0));
#517=VERTEX_POINT('',#518);
#516=EDGE_CURVE('',#517,#507,#521,.T.);
#521=LINE('',#518,#523);
#523=VECTOR('',#524,2.4892);
#524=DIRECTION('',(1.0,0.0,0.0));
#515=ORIENTED_EDGE('',*,*,#516,.F.);
#526=EDGE_CURVE('',#499,#517,#531,.T.);
#531=LINE('',#500,#533);
#533=VECTOR('',#534,0.0508);
#534=DIRECTION('',(0.0,0.0,1.0));
#525=ORIENTED_EDGE('',*,*,#526,.F.);
#535=STYLED_ITEM('',(#61),#536);
#536=ADVANCED_FACE('',(#542),#537,.T.);
#537=PLANE('',#538);
#538=AXIS2_PLACEMENT_3D('',#539,#540,#541);
#539=CARTESIAN_POINT('',(1.245,-2.096,-0.051));
#540=DIRECTION('',(1.0,0.0,0.0));
#541=DIRECTION('',(0.,0.,1.));
#542=FACE_OUTER_BOUND('',#543,.T.);
#543=EDGE_LOOP('',(#544,#554,#564,#574));
#547=CARTESIAN_POINT('',(1.245,2.096,-0.051));
#546=VERTEX_POINT('',#547);
#545=EDGE_CURVE('',#546,#497,#550,.T.);
#550=LINE('',#547,#552);
#552=VECTOR('',#553,4.191);
#553=DIRECTION('',(0.0,-1.0,0.0));
#544=ORIENTED_EDGE('',*,*,#545,.F.);
#557=CARTESIAN_POINT('',(1.245,2.096,0.0));
#556=VERTEX_POINT('',#557);
#555=EDGE_CURVE('',#556,#546,#560,.T.);
#560=LINE('',#557,#562);
#562=VECTOR('',#563,0.0508);
#563=DIRECTION('',(0.0,0.0,-1.0));
#554=ORIENTED_EDGE('',*,*,#555,.F.);
#565=EDGE_CURVE('',#507,#556,#570,.T.);
#570=LINE('',#508,#572);
#572=VECTOR('',#573,4.191);
#573=DIRECTION('',(0.0,1.0,0.0));
#564=ORIENTED_EDGE('',*,*,#565,.F.);
#574=ORIENTED_EDGE('',*,*,#506,.T.);
#584=STYLED_ITEM('',(#61),#585);
#585=ADVANCED_FACE('',(#591),#586,.T.);
#586=PLANE('',#587);
#587=AXIS2_PLACEMENT_3D('',#588,#589,#590);
#588=CARTESIAN_POINT('',(1.245,2.096,-0.051));
#589=DIRECTION('',(0.0,1.0,0.0));
#590=DIRECTION('',(0.,0.,1.));
#591=FACE_OUTER_BOUND('',#592,.T.);
#592=EDGE_LOOP('',(#593,#603,#613,#623));
#596=CARTESIAN_POINT('',(-1.245,2.096,-0.051));
#595=VERTEX_POINT('',#596);
#594=EDGE_CURVE('',#595,#546,#599,.T.);
#599=LINE('',#596,#601);
#601=VECTOR('',#602,2.4892);
#602=DIRECTION('',(1.0,0.0,0.0));
#593=ORIENTED_EDGE('',*,*,#594,.F.);
#606=CARTESIAN_POINT('',(-1.245,2.096,0.0));
#605=VERTEX_POINT('',#606);
#604=EDGE_CURVE('',#605,#595,#609,.T.);
#609=LINE('',#606,#611);
#611=VECTOR('',#612,0.0508);
#612=DIRECTION('',(0.0,0.0,-1.0));
#603=ORIENTED_EDGE('',*,*,#604,.F.);
#614=EDGE_CURVE('',#556,#605,#619,.T.);
#619=LINE('',#557,#621);
#621=VECTOR('',#622,2.4892);
#622=DIRECTION('',(-1.0,0.0,0.0));
#613=ORIENTED_EDGE('',*,*,#614,.F.);
#623=ORIENTED_EDGE('',*,*,#555,.T.);
#633=STYLED_ITEM('',(#61),#634);
#634=ADVANCED_FACE('',(#640),#635,.T.);
#635=PLANE('',#636);
#636=AXIS2_PLACEMENT_3D('',#637,#638,#639);
#637=CARTESIAN_POINT('',(-1.245,2.096,-0.051));
#638=DIRECTION('',(-1.0,0.0,0.0));
#639=DIRECTION('',(0.,0.,1.));
#640=FACE_OUTER_BOUND('',#641,.T.);
#641=EDGE_LOOP('',(#642,#652,#662,#672));
#643=EDGE_CURVE('',#499,#595,#648,.T.);
#648=LINE('',#500,#650);
#650=VECTOR('',#651,4.191);
#651=DIRECTION('',(0.0,1.0,0.0));
#642=ORIENTED_EDGE('',*,*,#643,.F.);
#652=ORIENTED_EDGE('',*,*,#526,.T.);
#663=EDGE_CURVE('',#605,#517,#668,.T.);
#668=LINE('',#606,#670);
#670=VECTOR('',#671,4.191);
#671=DIRECTION('',(0.0,-1.0,0.0));
#662=ORIENTED_EDGE('',*,*,#663,.F.);
#672=ORIENTED_EDGE('',*,*,#604,.T.);
#682=STYLED_ITEM('',(#61),#683);
#683=ADVANCED_FACE('',(#689),#684,.T.);
#684=PLANE('',#685);
#685=AXIS2_PLACEMENT_3D('',#686,#687,#688);
#686=CARTESIAN_POINT('',(-1.245,2.096,-0.051));
#687=DIRECTION('',(0.0,0.0,-1.0));
#688=DIRECTION('',(0.,1.,0.));
#689=FACE_OUTER_BOUND('',#690,.T.);
#690=EDGE_LOOP('',(#691,#701,#711,#721));
#691=ORIENTED_EDGE('',*,*,#594,.T.);
#701=ORIENTED_EDGE('',*,*,#545,.T.);
#711=ORIENTED_EDGE('',*,*,#496,.T.);
#721=ORIENTED_EDGE('',*,*,#643,.T.);
#731=STYLED_ITEM('',(#61),#732);
#732=ADVANCED_FACE('',(#738),#733,.T.);
#733=PLANE('',#734);
#734=AXIS2_PLACEMENT_3D('',#735,#736,#737);
#735=CARTESIAN_POINT('',(-1.245,-2.096,0.0));
#736=DIRECTION('',(0.0,0.0,1.0));
#737=DIRECTION('',(0.,1.,0.));
#738=FACE_OUTER_BOUND('',#739,.T.);
#739=EDGE_LOOP('',(#740,#750,#760,#770));
#740=ORIENTED_EDGE('',*,*,#516,.T.);
#750=ORIENTED_EDGE('',*,*,#565,.T.);
#760=ORIENTED_EDGE('',*,*,#614,.T.);
#770=ORIENTED_EDGE('',*,*,#663,.T.);
#781=MANIFOLD_SOLID_BREP($,#782);
#782=CLOSED_SHELL('',(#784,#833,#882,#931,#980,#1029,#1078,#1127,#1176,#1227,#1278,#1329,#1380,#1516));
#783=STYLED_ITEM('',(#34),#784);
#784=ADVANCED_FACE('',(#790),#785,.T.);
#785=PLANE('',#786);
#786=AXIS2_PLACEMENT_3D('',#787,#788,#789);
#787=CARTESIAN_POINT('',(-1.956,1.598,0.238));
#788=DIRECTION('',(1.0,0.0,0.0));
#789=DIRECTION('',(0.,0.,1.));
#790=FACE_OUTER_BOUND('',#791,.T.);
#791=EDGE_LOOP('',(#792,#802,#812,#822));
#795=CARTESIAN_POINT('',(-1.956,1.903,0.238));
#794=VERTEX_POINT('',#795);
#797=CARTESIAN_POINT('',(-1.956,1.598,0.238));
#796=VERTEX_POINT('',#797);
#793=EDGE_CURVE('',#794,#796,#798,.T.);
#798=LINE('',#795,#800);
#800=VECTOR('',#801,0.30479999488798);
#801=DIRECTION('',(0.0,-1.0,0.0));
#792=ORIENTED_EDGE('',*,*,#793,.F.);
#805=CARTESIAN_POINT('',(-1.956,1.903,0.318));
#804=VERTEX_POINT('',#805);
#803=EDGE_CURVE('',#804,#794,#808,.T.);
#808=LINE('',#805,#810);
#810=VECTOR('',#811,0.079375);
#811=DIRECTION('',(0.0,0.0,-1.0));
#802=ORIENTED_EDGE('',*,*,#803,.F.);
#815=CARTESIAN_POINT('',(-1.956,1.598,0.318));
#814=VERTEX_POINT('',#815);
#813=EDGE_CURVE('',#814,#804,#818,.T.);
#818=LINE('',#815,#820);
#820=VECTOR('',#821,0.30479999488798);
#821=DIRECTION('',(0.0,1.0,0.0));
#812=ORIENTED_EDGE('',*,*,#813,.F.);
#823=EDGE_CURVE('',#796,#814,#828,.T.);
#828=LINE('',#797,#830);
#830=VECTOR('',#831,0.079375);
#831=DIRECTION('',(0.0,0.0,1.0));
#822=ORIENTED_EDGE('',*,*,#823,.F.);
#832=STYLED_ITEM('',(#34),#833);
#833=ADVANCED_FACE('',(#839),#834,.T.);
#834=PLANE('',#835);
#835=AXIS2_PLACEMENT_3D('',#836,#837,#838);
#836=CARTESIAN_POINT('',(-1.956,1.598,0.318));
#837=DIRECTION('',(0.0,0.0,1.0));
#838=DIRECTION('',(0.,1.,0.));
#839=FACE_OUTER_BOUND('',#840,.T.);
#840=EDGE_LOOP('',(#841,#851,#861,#871));
#841=ORIENTED_EDGE('',*,*,#813,.T.);
#854=CARTESIAN_POINT('',(-2.177,1.903,0.318));
#853=VERTEX_POINT('',#854);
#852=EDGE_CURVE('',#853,#804,#857,.T.);
#857=LINE('',#854,#859);
#859=VECTOR('',#860,0.220881495615771);
#860=DIRECTION('',(1.0,0.0,0.0));
#851=ORIENTED_EDGE('',*,*,#852,.F.);
#864=CARTESIAN_POINT('',(-2.177,1.598,0.318));
#863=VERTEX_POINT('',#864);
#862=EDGE_CURVE('',#863,#853,#867,.T.);
#867=LINE('',#864,#869);
#869=VECTOR('',#870,0.304799994978664);
#870=DIRECTION('',(0.0,1.0,0.0));
#861=ORIENTED_EDGE('',*,*,#862,.F.);
#872=EDGE_CURVE('',#814,#863,#877,.T.);
#877=LINE('',#815,#879);
#879=VECTOR('',#880,0.220881495615772);
#880=DIRECTION('',(-1.0,0.0,0.0));
#871=ORIENTED_EDGE('',*,*,#872,.F.);
#881=STYLED_ITEM('',(#34),#882);
#882=ADVANCED_FACE('',(#888),#883,.T.);
#883=PLANE('',#884);
#884=AXIS2_PLACEMENT_3D('',#885,#886,#887);
#885=CARTESIAN_POINT('',(-1.956,1.903,0.238));
#886=DIRECTION('',(0.0,0.0,-1.0));
#887=DIRECTION('',(0.,1.,0.));
#888=FACE_OUTER_BOUND('',#889,.T.);
#889=EDGE_LOOP('',(#890,#900,#910,#920));
#890=ORIENTED_EDGE('',*,*,#793,.T.);
#903=CARTESIAN_POINT('',(-2.177,1.598,0.238));
#902=VERTEX_POINT('',#903);
#901=EDGE_CURVE('',#902,#796,#906,.T.);
#906=LINE('',#903,#908);
#908=VECTOR('',#909,0.220881495615772);
#909=DIRECTION('',(1.0,0.0,0.0));
#900=ORIENTED_EDGE('',*,*,#901,.F.);
#913=CARTESIAN_POINT('',(-2.177,1.903,0.238));
#912=VERTEX_POINT('',#913);
#911=EDGE_CURVE('',#912,#902,#916,.T.);
#916=LINE('',#913,#918);
#918=VECTOR('',#919,0.304799994978664);
#919=DIRECTION('',(0.0,-1.0,0.0));
#910=ORIENTED_EDGE('',*,*,#911,.F.);
#921=EDGE_CURVE('',#794,#912,#926,.T.);
#926=LINE('',#795,#928);
#928=VECTOR('',#929,0.220881495615771);
#929=DIRECTION('',(-1.0,0.0,0.0));
#920=ORIENTED_EDGE('',*,*,#921,.F.);
#930=STYLED_ITEM('',(#34),#931);
#931=ADVANCED_FACE('',(#937),#932,.T.);
#932=PLANE('',#933);
#933=AXIS2_PLACEMENT_3D('',#934,#935,#936);
#934=CARTESIAN_POINT('',(-2.347,1.903,0.138));
#935=DIRECTION('',(-0.966,0.0,0.259));
#936=DIRECTION('',(0.,0.,1.));
#937=FACE_OUTER_BOUND('',#938,.T.);
#938=EDGE_LOOP('',(#939,#949,#959,#969));
#942=CARTESIAN_POINT('',(-2.347,1.598,0.138));
#941=VERTEX_POINT('',#942);
#944=CARTESIAN_POINT('',(-2.347,1.903,0.138));
#943=VERTEX_POINT('',#944);
#940=EDGE_CURVE('',#941,#943,#945,.T.);
#945=LINE('',#942,#947);
#947=VECTOR('',#948,0.304799995199375);
#948=DIRECTION('',(0.0,1.0,0.0));
#939=ORIENTED_EDGE('',*,*,#940,.F.);
#952=CARTESIAN_POINT('',(-2.33,1.598,0.2));
#951=VERTEX_POINT('',#952);
#950=EDGE_CURVE('',#951,#941,#955,.T.);
#955=LINE('',#952,#957);
#957=VECTOR('',#958,0.063804620199384);
#958=DIRECTION('',(-0.259,0.0,-0.966));
#949=ORIENTED_EDGE('',*,*,#950,.F.);
#962=CARTESIAN_POINT('',(-2.33,1.903,0.2));
#961=VERTEX_POINT('',#962);
#960=EDGE_CURVE('',#961,#951,#965,.T.);
#965=LINE('',#962,#967);
#967=VECTOR('',#968,0.304799995163812);
#968=DIRECTION('',(0.0,-1.0,0.0));
#959=ORIENTED_EDGE('',*,*,#960,.F.);
#970=EDGE_CURVE('',#943,#961,#975,.T.);
#975=LINE('',#944,#977);
#977=VECTOR('',#978,0.063804620199384);
#978=DIRECTION('',(0.259,0.0,0.966));
#969=ORIENTED_EDGE('',*,*,#970,.F.);
#979=STYLED_ITEM('',(#34),#980);
#980=ADVANCED_FACE('',(#986),#981,.T.);
#981=PLANE('',#982);
#982=AXIS2_PLACEMENT_3D('',#983,#984,#985);
#983=CARTESIAN_POINT('',(-2.27,1.598,0.118));
#984=DIRECTION('',(0.966,0.0,-0.259));
#985=DIRECTION('',(0.,0.,1.));
#986=FACE_OUTER_BOUND('',#987,.T.);
#987=EDGE_LOOP('',(#988,#998,#1008,#1018));
#991=CARTESIAN_POINT('',(-2.27,1.903,0.118));
#990=VERTEX_POINT('',#991);
#993=CARTESIAN_POINT('',(-2.27,1.598,0.118));
#992=VERTEX_POINT('',#993);
#989=EDGE_CURVE('',#990,#992,#994,.T.);
#994=LINE('',#991,#996);
#996=VECTOR('',#997,0.304799995067094);
#997=DIRECTION('',(0.0,-1.0,0.0));
#988=ORIENTED_EDGE('',*,*,#989,.F.);
#1001=CARTESIAN_POINT('',(-2.253,1.903,0.179));
#1000=VERTEX_POINT('',#1001);
#999=EDGE_CURVE('',#1000,#990,#1004,.T.);
#1004=LINE('',#1001,#1006);
#1006=VECTOR('',#1007,0.063804620203898);
#1007=DIRECTION('',(-0.259,0.0,-0.966));
#998=ORIENTED_EDGE('',*,*,#999,.F.);
#1011=CARTESIAN_POINT('',(-2.253,1.598,0.179));
#1010=VERTEX_POINT('',#1011);
#1009=EDGE_CURVE('',#1010,#1000,#1014,.T.);
#1014=LINE('',#1011,#1016);
#1016=VECTOR('',#1017,0.304799995047204);
#1017=DIRECTION('',(0.0,1.0,0.0));
#1008=ORIENTED_EDGE('',*,*,#1009,.F.);
#1019=EDGE_CURVE('',#992,#1010,#1024,.T.);
#1024=LINE('',#993,#1026);
#1026=VECTOR('',#1027,0.063804620203898);
#1027=DIRECTION('',(0.259,0.0,0.966));
#1018=ORIENTED_EDGE('',*,*,#1019,.F.);
#1028=STYLED_ITEM('',(#34),#1029);
#1029=ADVANCED_FACE('',(#1035),#1030,.T.);
#1030=PLANE('',#1031);
#1031=AXIS2_PLACEMENT_3D('',#1032,#1033,#1034);
#1032=CARTESIAN_POINT('',(-2.644,1.903,0.079));
#1033=DIRECTION('',(0.0,0.0,1.0));
#1034=DIRECTION('',(0.,1.,0.));
#1035=FACE_OUTER_BOUND('',#1036,.T.);
#1036=EDGE_LOOP('',(#1037,#1047,#1057,#1067));
#1040=CARTESIAN_POINT('',(-2.644,1.598,0.079));
#1039=VERTEX_POINT('',#1040);
#1042=CARTESIAN_POINT('',(-2.644,1.903,0.079));
#1041=VERTEX_POINT('',#1042);
#1038=EDGE_CURVE('',#1039,#1041,#1043,.T.);
#1043=LINE('',#1040,#1045);
#1045=VECTOR('',#1046,0.3048);
#1046=DIRECTION('',(0.0,1.0,0.0));
#1037=ORIENTED_EDGE('',*,*,#1038,.F.);
#1050=CARTESIAN_POINT('',(-2.423,1.598,0.079));
#1049=VERTEX_POINT('',#1050);
#1048=EDGE_CURVE('',#1049,#1039,#1053,.T.);
#1053=LINE('',#1050,#1055);
#1055=VECTOR('',#1056,0.220881493353523);
#1056=DIRECTION('',(-1.0,0.0,0.0));
#1047=ORIENTED_EDGE('',*,*,#1048,.F.);
#1060=CARTESIAN_POINT('',(-2.423,1.903,0.079));
#1059=VERTEX_POINT('',#1060);
#1058=EDGE_CURVE('',#1059,#1049,#1063,.T.);
#1063=LINE('',#1060,#1065);
#1065=VECTOR('',#1066,0.304799995453006);
#1066=DIRECTION('',(0.0,-1.0,0.0));
#1057=ORIENTED_EDGE('',*,*,#1058,.F.);
#1068=EDGE_CURVE('',#1041,#1059,#1073,.T.);
#1073=LINE('',#1042,#1075);
#1075=VECTOR('',#1076,0.220881493353523);
#1076=DIRECTION('',(1.0,0.0,0.0));
#1067=ORIENTED_EDGE('',*,*,#1068,.F.);
#1077=STYLED_ITEM('',(#34),#1078);
#1078=ADVANCED_FACE('',(#1084),#1079,.T.);
#1079=PLANE('',#1080);
#1080=AXIS2_PLACEMENT_3D('',#1081,#1082,#1083);
#1081=CARTESIAN_POINT('',(-2.423,1.903,0.0));
#1082=DIRECTION('',(0.0,0.0,-1.0));
#1083=DIRECTION('',(0.,1.,0.));
#1084=FACE_OUTER_BOUND('',#1085,.T.);
#1085=EDGE_LOOP('',(#1086,#1096,#1106,#1116));
#1089=CARTESIAN_POINT('',(-2.423,1.598,0.0));
#1088=VERTEX_POINT('',#1089);
#1091=CARTESIAN_POINT('',(-2.423,1.903,0.0));
#1090=VERTEX_POINT('',#1091);
#1087=EDGE_CURVE('',#1088,#1090,#1092,.T.);
#1092=LINE('',#1089,#1094);
#1094=VECTOR('',#1095,0.304799995453006);
#1095=DIRECTION('',(0.0,1.0,0.0));
#1086=ORIENTED_EDGE('',*,*,#1087,.F.);
#1099=CARTESIAN_POINT('',(-2.644,1.598,0.0));
#1098=VERTEX_POINT('',#1099);
#1097=EDGE_CURVE('',#1098,#1088,#1102,.T.);
#1102=LINE('',#1099,#1104);
#1104=VECTOR('',#1105,0.220881493353523);
#1105=DIRECTION('',(1.0,0.0,0.0));
#1096=ORIENTED_EDGE('',*,*,#1097,.F.);
#1109=CARTESIAN_POINT('',(-2.644,1.903,0.0));
#1108=VERTEX_POINT('',#1109);
#1107=EDGE_CURVE('',#1108,#1098,#1112,.T.);
#1112=LINE('',#1109,#1114);
#1114=VECTOR('',#1115,0.3048);
#1115=DIRECTION('',(0.0,-1.0,0.0));
#1106=ORIENTED_EDGE('',*,*,#1107,.F.);
#1117=EDGE_CURVE('',#1090,#1108,#1122,.T.);
#1122=LINE('',#1091,#1124);
#1124=VECTOR('',#1125,0.220881493353523);
#1125=DIRECTION('',(-1.0,0.0,0.0));
#1116=ORIENTED_EDGE('',*,*,#1117,.F.);
#1126=STYLED_ITEM('',(#34),#1127);
#1127=ADVANCED_FACE('',(#1133),#1128,.T.);
#1128=PLANE('',#1129);
#1129=AXIS2_PLACEMENT_3D('',#1130,#1131,#1132);
#1130=CARTESIAN_POINT('',(-2.644,1.903,0.0));
#1131=DIRECTION('',(-1.0,0.0,0.0));
#1132=DIRECTION('',(0.,0.,1.));
#1133=FACE_OUTER_BOUND('',#1134,.T.);
#1134=EDGE_LOOP('',(#1135,#1145,#1155,#1165));
#1135=ORIENTED_EDGE('',*,*,#1107,.T.);
#1146=EDGE_CURVE('',#1039,#1098,#1151,.T.);
#1151=LINE('',#1040,#1153);
#1153=VECTOR('',#1154,0.079375);
#1154=DIRECTION('',(0.0,0.0,-1.0));
#1145=ORIENTED_EDGE('',*,*,#1146,.F.);
#1155=ORIENTED_EDGE('',*,*,#1038,.T.);
#1166=EDGE_CURVE('',#1108,#1041,#1171,.T.);
#1171=LINE('',#1109,#1173);
#1173=VECTOR('',#1174,0.079375);
#1174=DIRECTION('',(0.0,0.0,1.0));
#1165=ORIENTED_EDGE('',*,*,#1166,.F.);
#1175=STYLED_ITEM($,(#34),#1176);
#1176=ADVANCED_FACE($,(#1182),#1177,.T.);
#1177=CYLINDRICAL_SURFACE($,#1178,0.15875);
#1178=AXIS2_PLACEMENT_3D($,#1179,#1180,#1181);
#1179=CARTESIAN_POINT('',(-2.177,1.598,0.159));
#1180=DIRECTION('',(0.0,-1.0,0.0));
#1181=DIRECTION('',(0.,0.,1.));
#1182=FACE_OUTER_BOUND($,#1183,.T.);
#1183=EDGE_LOOP($,(#1195,#1205,#1216,#1184));
#1195=ORIENTED_EDGE('',*,*,#862,.T.);
#1206=EDGE_CURVE($,#961,#853,#1211,.T.);
#1211=CIRCLE($,#1212,0.15875);
#1213=CARTESIAN_POINT('',(-2.177,1.903,0.159));
#1212=AXIS2_PLACEMENT_3D($,#1213,#1214,#1215);
#1214=DIRECTION('',(0.0,1.0,0.0));
#1215=DIRECTION('',(0.793,0.0,0.609));
#1205=ORIENTED_EDGE('',*,*,#1206,.F.);
#1216=ORIENTED_EDGE('',*,*,#960,.T.);
#1185=EDGE_CURVE($,#863,#951,#1190,.T.);
#1190=CIRCLE($,#1191,0.15875);
#1192=CARTESIAN_POINT('',(-2.177,1.598,0.159));
#1191=AXIS2_PLACEMENT_3D($,#1192,#1193,#1194);
#1193=DIRECTION('',(0.0,-1.0,0.0));
#1194=DIRECTION('',(-0.793,0.0,-0.609));
#1184=ORIENTED_EDGE('',*,*,#1185,.F.);
#1226=STYLED_ITEM($,(#34),#1227);
#1227=ADVANCED_FACE($,(#1233),#1228,.F.);
#1228=CYLINDRICAL_SURFACE($,#1229,0.079375);
#1229=AXIS2_PLACEMENT_3D($,#1230,#1231,#1232);
#1230=CARTESIAN_POINT('',(-2.177,1.903,0.159));
#1231=DIRECTION('',(0.0,-1.0,0.0));
#1232=DIRECTION('',(0.,0.,-1.));
#1233=FACE_OUTER_BOUND($,#1234,.T.);
#1234=EDGE_LOOP($,(#1246,#1256,#1267,#1235));
#1246=ORIENTED_EDGE('',*,*,#911,.T.);
#1257=EDGE_CURVE($,#1010,#902,#1262,.T.);
#1262=CIRCLE($,#1263,0.079375);
#1263=AXIS2_PLACEMENT_3D($,#1192,#1265,#1266);
#1265=DIRECTION('',(0.0,1.0,0.0));
#1266=DIRECTION('',(0.793,0.0,0.609));
#1256=ORIENTED_EDGE('',*,*,#1257,.F.);
#1267=ORIENTED_EDGE('',*,*,#1009,.T.);
#1236=EDGE_CURVE($,#912,#1000,#1241,.T.);
#1241=CIRCLE($,#1242,0.079375);
#1242=AXIS2_PLACEMENT_3D($,#1213,#1244,#1245);
#1244=DIRECTION('',(0.0,-1.0,0.0));
#1245=DIRECTION('',(-0.793,0.0,-0.609));
#1235=ORIENTED_EDGE('',*,*,#1236,.F.);
#1277=STYLED_ITEM($,(#34),#1278);
#1278=ADVANCED_FACE($,(#1284),#1279,.F.);
#1279=CYLINDRICAL_SURFACE($,#1280,0.079375);
#1280=AXIS2_PLACEMENT_3D($,#1281,#1282,#1283);
#1281=CARTESIAN_POINT('',(-2.423,1.903,0.159));
#1282=DIRECTION('',(0.0,-1.0,0.0));
#1283=DIRECTION('',(0.,0.,1.));
#1284=FACE_OUTER_BOUND($,#1285,.T.);
#1285=EDGE_LOOP($,(#1297,#1307,#1318,#1286));
#1297=ORIENTED_EDGE('',*,*,#1058,.T.);
#1308=EDGE_CURVE($,#941,#1049,#1313,.T.);
#1313=CIRCLE($,#1314,0.079375);
#1315=CARTESIAN_POINT('',(-2.423,1.598,0.159));
#1314=AXIS2_PLACEMENT_3D($,#1315,#1316,#1317);
#1316=DIRECTION('',(0.0,1.0,0.0));
#1317=DIRECTION('',(-0.793,0.0,-0.609));
#1307=ORIENTED_EDGE('',*,*,#1308,.F.);
#1318=ORIENTED_EDGE('',*,*,#940,.T.);
#1287=EDGE_CURVE($,#1059,#943,#1292,.T.);
#1292=CIRCLE($,#1293,0.079375);
#1294=CARTESIAN_POINT('',(-2.423,1.903,0.159));
#1293=AXIS2_PLACEMENT_3D($,#1294,#1295,#1296);
#1295=DIRECTION('',(0.0,-1.0,0.0));
#1296=DIRECTION('',(0.793,0.0,0.609));
#1286=ORIENTED_EDGE('',*,*,#1287,.F.);
#1328=STYLED_ITEM($,(#34),#1329);
#1329=ADVANCED_FACE($,(#1335),#1330,.T.);
#1330=CYLINDRICAL_SURFACE($,#1331,0.15875);
#1331=AXIS2_PLACEMENT_3D($,#1332,#1333,#1334);
#1332=CARTESIAN_POINT('',(-2.423,1.903,0.159));
#1333=DIRECTION('',(0.0,-1.0,0.0));
#1334=DIRECTION('',(0.,0.,-1.));
#1335=FACE_OUTER_BOUND($,#1336,.T.);
#1336=EDGE_LOOP($,(#1348,#1358,#1369,#1337));
#1348=ORIENTED_EDGE('',*,*,#1087,.T.);
#1359=EDGE_CURVE($,#990,#1090,#1364,.T.);
#1364=CIRCLE($,#1365,0.15875);
#1365=AXIS2_PLACEMENT_3D($,#1294,#1367,#1368);
#1367=DIRECTION('',(0.0,1.0,0.0));
#1368=DIRECTION('',(-0.793,0.0,-0.609));
#1358=ORIENTED_EDGE('',*,*,#1359,.F.);
#1369=ORIENTED_EDGE('',*,*,#989,.T.);
#1338=EDGE_CURVE($,#1088,#992,#1343,.T.);
#1343=CIRCLE($,#1344,0.15875);
#1344=AXIS2_PLACEMENT_3D($,#1315,#1346,#1347);
#1346=DIRECTION('',(0.0,-1.0,0.0));
#1347=DIRECTION('',(0.793,0.0,0.609));
#1337=ORIENTED_EDGE('',*,*,#1338,.F.);
#1379=STYLED_ITEM('color',(#34),#1380);
#1380=ADVANCED_FACE($,(#1386),#1381,.T.);
#1381=PLANE($,#1382);
#1382=AXIS2_PLACEMENT_3D($,#1383,#1384,#1385);
#1383=CARTESIAN_POINT('',(-1.956,1.903,0.238));
#1384=DIRECTION('',(0.0,1.0,0.0));
#1385=DIRECTION('',(1.,0.,0.));
#1386=FACE_OUTER_BOUND($,#1387,.T.);
#1387=EDGE_LOOP($,(#1390, #1400, #1410, #1473, #1484, #1420, #1431, #1441, #1451, #1461, #1494, #1504));
#1390=ORIENTED_EDGE('',*,*,#852,.T.);
#1400=ORIENTED_EDGE('',*,*,#803,.T.);
#1410=ORIENTED_EDGE('',*,*,#921,.T.);
#1473=ORIENTED_EDGE('',*,*,#1236,.T.);
#1484=ORIENTED_EDGE('',*,*,#999,.T.);
#1420=ORIENTED_EDGE('',*,*,#1359,.T.);
#1431=ORIENTED_EDGE('',*,*,#1117,.T.);
#1441=ORIENTED_EDGE('',*,*,#1166,.T.);
#1451=ORIENTED_EDGE('',*,*,#1068,.T.);
#1461=ORIENTED_EDGE('',*,*,#1287,.T.);
#1494=ORIENTED_EDGE('',*,*,#970,.T.);
#1504=ORIENTED_EDGE('',*,*,#1206,.T.);
#1515=STYLED_ITEM('color',(#34),#1516);
#1516=ADVANCED_FACE($,(#1522),#1517,.T.);
#1517=PLANE($,#1518);
#1518=AXIS2_PLACEMENT_3D($,#1519,#1520,#1521);
#1519=CARTESIAN_POINT('',(-2.423,1.598,0.079));
#1520=DIRECTION('',(0.0,-1.0,0.0));
#1521=DIRECTION('',(1.,0.,0.));
#1522=FACE_OUTER_BOUND($,#1523,.T.);
#1523=EDGE_LOOP($,(#1526, #1536, #1546, #1609, #1620, #1556, #1567, #1577, #1587, #1597, #1630, #1640));
#1526=ORIENTED_EDGE('',*,*,#901,.T.);
#1536=ORIENTED_EDGE('',*,*,#823,.T.);
#1546=ORIENTED_EDGE('',*,*,#872,.T.);
#1609=ORIENTED_EDGE('',*,*,#1185,.T.);
#1620=ORIENTED_EDGE('',*,*,#950,.T.);
#1556=ORIENTED_EDGE('',*,*,#1308,.T.);
#1567=ORIENTED_EDGE('',*,*,#1048,.T.);
#1577=ORIENTED_EDGE('',*,*,#1146,.T.);
#1587=ORIENTED_EDGE('',*,*,#1097,.T.);
#1597=ORIENTED_EDGE('',*,*,#1338,.T.);
#1630=ORIENTED_EDGE('',*,*,#1019,.T.);
#1640=ORIENTED_EDGE('',*,*,#1257,.T.);
#1651=MANIFOLD_SOLID_BREP($,#1652);
#1652=CLOSED_SHELL('',(#1654,#1703,#1752,#1801,#1850,#1899,#1948,#1997,#2046,#2097,#2148,#2199,#2250,#2386));
#1653=STYLED_ITEM('',(#34),#1654);
#1654=ADVANCED_FACE('',(#1660),#1655,.T.);
#1655=PLANE('',#1656);
#1656=AXIS2_PLACEMENT_3D('',#1657,#1658,#1659);
#1657=CARTESIAN_POINT('',(-1.956,1.098,0.238));
#1658=DIRECTION('',(1.0,0.0,0.0));
#1659=DIRECTION('',(0.,0.,1.));
#1660=FACE_OUTER_BOUND('',#1661,.T.);
#1661=EDGE_LOOP('',(#1662,#1672,#1682,#1692));
#1665=CARTESIAN_POINT('',(-1.956,1.403,0.238));
#1664=VERTEX_POINT('',#1665);
#1667=CARTESIAN_POINT('',(-1.956,1.098,0.238));
#1666=VERTEX_POINT('',#1667);
#1663=EDGE_CURVE('',#1664,#1666,#1668,.T.);
#1668=LINE('',#1665,#1670);
#1670=VECTOR('',#1671,0.30479999488798);
#1671=DIRECTION('',(0.0,-1.0,0.0));
#1662=ORIENTED_EDGE('',*,*,#1663,.F.);
#1675=CARTESIAN_POINT('',(-1.956,1.403,0.318));
#1674=VERTEX_POINT('',#1675);
#1673=EDGE_CURVE('',#1674,#1664,#1678,.T.);
#1678=LINE('',#1675,#1680);
#1680=VECTOR('',#1681,0.079375);
#1681=DIRECTION('',(0.0,0.0,-1.0));
#1672=ORIENTED_EDGE('',*,*,#1673,.F.);
#1685=CARTESIAN_POINT('',(-1.956,1.098,0.318));
#1684=VERTEX_POINT('',#1685);
#1683=EDGE_CURVE('',#1684,#1674,#1688,.T.);
#1688=LINE('',#1685,#1690);
#1690=VECTOR('',#1691,0.30479999488798);
#1691=DIRECTION('',(0.0,1.0,0.0));
#1682=ORIENTED_EDGE('',*,*,#1683,.F.);
#1693=EDGE_CURVE('',#1666,#1684,#1698,.T.);
#1698=LINE('',#1667,#1700);
#1700=VECTOR('',#1701,0.079375);
#1701=DIRECTION('',(0.0,0.0,1.0));
#1692=ORIENTED_EDGE('',*,*,#1693,.F.);
#1702=STYLED_ITEM('',(#34),#1703);
#1703=ADVANCED_FACE('',(#1709),#1704,.T.);
#1704=PLANE('',#1705);
#1705=AXIS2_PLACEMENT_3D('',#1706,#1707,#1708);
#1706=CARTESIAN_POINT('',(-1.956,1.098,0.318));
#1707=DIRECTION('',(0.0,0.0,1.0));
#1708=DIRECTION('',(0.,1.,0.));
#1709=FACE_OUTER_BOUND('',#1710,.T.);
#1710=EDGE_LOOP('',(#1711,#1721,#1731,#1741));
#1711=ORIENTED_EDGE('',*,*,#1683,.T.);
#1724=CARTESIAN_POINT('',(-2.177,1.403,0.318));
#1723=VERTEX_POINT('',#1724);
#1722=EDGE_CURVE('',#1723,#1674,#1727,.T.);
#1727=LINE('',#1724,#1729);
#1729=VECTOR('',#1730,0.220881495615771);
#1730=DIRECTION('',(1.0,0.0,0.0));
#1721=ORIENTED_EDGE('',*,*,#1722,.F.);
#1734=CARTESIAN_POINT('',(-2.177,1.098,0.318));
#1733=VERTEX_POINT('',#1734);
#1732=EDGE_CURVE('',#1733,#1723,#1737,.T.);
#1737=LINE('',#1734,#1739);
#1739=VECTOR('',#1740,0.304799994978664);
#1740=DIRECTION('',(0.0,1.0,0.0));
#1731=ORIENTED_EDGE('',*,*,#1732,.F.);
#1742=EDGE_CURVE('',#1684,#1733,#1747,.T.);
#1747=LINE('',#1685,#1749);
#1749=VECTOR('',#1750,0.220881495615772);
#1750=DIRECTION('',(-1.0,0.0,0.0));
#1741=ORIENTED_EDGE('',*,*,#1742,.F.);
#1751=STYLED_ITEM('',(#34),#1752);
#1752=ADVANCED_FACE('',(#1758),#1753,.T.);
#1753=PLANE('',#1754);
#1754=AXIS2_PLACEMENT_3D('',#1755,#1756,#1757);
#1755=CARTESIAN_POINT('',(-1.956,1.403,0.238));
#1756=DIRECTION('',(0.0,0.0,-1.0));
#1757=DIRECTION('',(0.,1.,0.));
#1758=FACE_OUTER_BOUND('',#1759,.T.);
#1759=EDGE_LOOP('',(#1760,#1770,#1780,#1790));
#1760=ORIENTED_EDGE('',*,*,#1663,.T.);
#1773=CARTESIAN_POINT('',(-2.177,1.098,0.238));
#1772=VERTEX_POINT('',#1773);
#1771=EDGE_CURVE('',#1772,#1666,#1776,.T.);
#1776=LINE('',#1773,#1778);
#1778=VECTOR('',#1779,0.220881495615772);
#1779=DIRECTION('',(1.0,0.0,0.0));
#1770=ORIENTED_EDGE('',*,*,#1771,.F.);
#1783=CARTESIAN_POINT('',(-2.177,1.403,0.238));
#1782=VERTEX_POINT('',#1783);
#1781=EDGE_CURVE('',#1782,#1772,#1786,.T.);
#1786=LINE('',#1783,#1788);
#1788=VECTOR('',#1789,0.304799994978664);
#1789=DIRECTION('',(0.0,-1.0,0.0));
#1780=ORIENTED_EDGE('',*,*,#1781,.F.);
#1791=EDGE_CURVE('',#1664,#1782,#1796,.T.);
#1796=LINE('',#1665,#1798);
#1798=VECTOR('',#1799,0.220881495615771);
#1799=DIRECTION('',(-1.0,0.0,0.0));
#1790=ORIENTED_EDGE('',*,*,#1791,.F.);
#1800=STYLED_ITEM('',(#34),#1801);
#1801=ADVANCED_FACE('',(#1807),#1802,.T.);
#1802=PLANE('',#1803);
#1803=AXIS2_PLACEMENT_3D('',#1804,#1805,#1806);
#1804=CARTESIAN_POINT('',(-2.347,1.403,0.138));
#1805=DIRECTION('',(-0.966,0.0,0.259));
#1806=DIRECTION('',(0.,0.,1.));
#1807=FACE_OUTER_BOUND('',#1808,.T.);
#1808=EDGE_LOOP('',(#1809,#1819,#1829,#1839));
#1812=CARTESIAN_POINT('',(-2.347,1.098,0.138));
#1811=VERTEX_POINT('',#1812);
#1814=CARTESIAN_POINT('',(-2.347,1.403,0.138));
#1813=VERTEX_POINT('',#1814);
#1810=EDGE_CURVE('',#1811,#1813,#1815,.T.);
#1815=LINE('',#1812,#1817);
#1817=VECTOR('',#1818,0.304799995199375);
#1818=DIRECTION('',(0.0,1.0,0.0));
#1809=ORIENTED_EDGE('',*,*,#1810,.F.);
#1822=CARTESIAN_POINT('',(-2.33,1.098,0.2));
#1821=VERTEX_POINT('',#1822);
#1820=EDGE_CURVE('',#1821,#1811,#1825,.T.);
#1825=LINE('',#1822,#1827);
#1827=VECTOR('',#1828,0.063804620199384);
#1828=DIRECTION('',(-0.259,0.0,-0.966));
#1819=ORIENTED_EDGE('',*,*,#1820,.F.);
#1832=CARTESIAN_POINT('',(-2.33,1.403,0.2));
#1831=VERTEX_POINT('',#1832);
#1830=EDGE_CURVE('',#1831,#1821,#1835,.T.);
#1835=LINE('',#1832,#1837);
#1837=VECTOR('',#1838,0.304799995163812);
#1838=DIRECTION('',(0.0,-1.0,0.0));
#1829=ORIENTED_EDGE('',*,*,#1830,.F.);
#1840=EDGE_CURVE('',#1813,#1831,#1845,.T.);
#1845=LINE('',#1814,#1847);
#1847=VECTOR('',#1848,0.063804620199384);
#1848=DIRECTION('',(0.259,0.0,0.966));
#1839=ORIENTED_EDGE('',*,*,#1840,.F.);
#1849=STYLED_ITEM('',(#34),#1850);
#1850=ADVANCED_FACE('',(#1856),#1851,.T.);
#1851=PLANE('',#1852);
#1852=AXIS2_PLACEMENT_3D('',#1853,#1854,#1855);
#1853=CARTESIAN_POINT('',(-2.27,1.098,0.118));
#1854=DIRECTION('',(0.966,0.0,-0.259));
#1855=DIRECTION('',(0.,0.,1.));
#1856=FACE_OUTER_BOUND('',#1857,.T.);
#1857=EDGE_LOOP('',(#1858,#1868,#1878,#1888));
#1861=CARTESIAN_POINT('',(-2.27,1.403,0.118));
#1860=VERTEX_POINT('',#1861);
#1863=CARTESIAN_POINT('',(-2.27,1.098,0.118));
#1862=VERTEX_POINT('',#1863);
#1859=EDGE_CURVE('',#1860,#1862,#1864,.T.);
#1864=LINE('',#1861,#1866);
#1866=VECTOR('',#1867,0.304799995067094);
#1867=DIRECTION('',(0.0,-1.0,0.0));
#1858=ORIENTED_EDGE('',*,*,#1859,.F.);
#1871=CARTESIAN_POINT('',(-2.253,1.403,0.179));
#1870=VERTEX_POINT('',#1871);
#1869=EDGE_CURVE('',#1870,#1860,#1874,.T.);
#1874=LINE('',#1871,#1876);
#1876=VECTOR('',#1877,0.063804620203898);
#1877=DIRECTION('',(-0.259,0.0,-0.966));
#1868=ORIENTED_EDGE('',*,*,#1869,.F.);
#1881=CARTESIAN_POINT('',(-2.253,1.098,0.179));
#1880=VERTEX_POINT('',#1881);
#1879=EDGE_CURVE('',#1880,#1870,#1884,.T.);
#1884=LINE('',#1881,#1886);
#1886=VECTOR('',#1887,0.304799995047204);
#1887=DIRECTION('',(0.0,1.0,0.0));
#1878=ORIENTED_EDGE('',*,*,#1879,.F.);
#1889=EDGE_CURVE('',#1862,#1880,#1894,.T.);
#1894=LINE('',#1863,#1896);
#1896=VECTOR('',#1897,0.063804620203898);
#1897=DIRECTION('',(0.259,0.0,0.966));
#1888=ORIENTED_EDGE('',*,*,#1889,.F.);
#1898=STYLED_ITEM('',(#34),#1899);
#1899=ADVANCED_FACE('',(#1905),#1900,.T.);
#1900=PLANE('',#1901);
#1901=AXIS2_PLACEMENT_3D('',#1902,#1903,#1904);
#1902=CARTESIAN_POINT('',(-2.644,1.403,0.079));
#1903=DIRECTION('',(0.0,0.0,1.0));
#1904=DIRECTION('',(0.,1.,0.));
#1905=FACE_OUTER_BOUND('',#1906,.T.);
#1906=EDGE_LOOP('',(#1907,#1917,#1927,#1937));
#1910=CARTESIAN_POINT('',(-2.644,1.098,0.079));
#1909=VERTEX_POINT('',#1910);
#1912=CARTESIAN_POINT('',(-2.644,1.403,0.079));
#1911=VERTEX_POINT('',#1912);
#1908=EDGE_CURVE('',#1909,#1911,#1913,.T.);
#1913=LINE('',#1910,#1915);
#1915=VECTOR('',#1916,0.3048);
#1916=DIRECTION('',(0.0,1.0,0.0));
#1907=ORIENTED_EDGE('',*,*,#1908,.F.);
#1920=CARTESIAN_POINT('',(-2.423,1.098,0.079));
#1919=VERTEX_POINT('',#1920);
#1918=EDGE_CURVE('',#1919,#1909,#1923,.T.);
#1923=LINE('',#1920,#1925);
#1925=VECTOR('',#1926,0.220881493353523);
#1926=DIRECTION('',(-1.0,0.0,0.0));
#1917=ORIENTED_EDGE('',*,*,#1918,.F.);
#1930=CARTESIAN_POINT('',(-2.423,1.403,0.079));
#1929=VERTEX_POINT('',#1930);
#1928=EDGE_CURVE('',#1929,#1919,#1933,.T.);
#1933=LINE('',#1930,#1935);
#1935=VECTOR('',#1936,0.304799995453006);
#1936=DIRECTION('',(0.0,-1.0,0.0));
#1927=ORIENTED_EDGE('',*,*,#1928,.F.);
#1938=EDGE_CURVE('',#1911,#1929,#1943,.T.);
#1943=LINE('',#1912,#1945);
#1945=VECTOR('',#1946,0.220881493353523);
#1946=DIRECTION('',(1.0,0.0,0.0));
#1937=ORIENTED_EDGE('',*,*,#1938,.F.);
#1947=STYLED_ITEM('',(#34),#1948);
#1948=ADVANCED_FACE('',(#1954),#1949,.T.);
#1949=PLANE('',#1950);
#1950=AXIS2_PLACEMENT_3D('',#1951,#1952,#1953);
#1951=CARTESIAN_POINT('',(-2.423,1.403,0.0));
#1952=DIRECTION('',(0.0,0.0,-1.0));
#1953=DIRECTION('',(0.,1.,0.));
#1954=FACE_OUTER_BOUND('',#1955,.T.);
#1955=EDGE_LOOP('',(#1956,#1966,#1976,#1986));
#1959=CARTESIAN_POINT('',(-2.423,1.098,0.0));
#1958=VERTEX_POINT('',#1959);
#1961=CARTESIAN_POINT('',(-2.423,1.403,0.0));
#1960=VERTEX_POINT('',#1961);
#1957=EDGE_CURVE('',#1958,#1960,#1962,.T.);
#1962=LINE('',#1959,#1964);
#1964=VECTOR('',#1965,0.304799995453006);
#1965=DIRECTION('',(0.0,1.0,0.0));
#1956=ORIENTED_EDGE('',*,*,#1957,.F.);
#1969=CARTESIAN_POINT('',(-2.644,1.098,0.0));
#1968=VERTEX_POINT('',#1969);
#1967=EDGE_CURVE('',#1968,#1958,#1972,.T.);
#1972=LINE('',#1969,#1974);
#1974=VECTOR('',#1975,0.220881493353523);
#1975=DIRECTION('',(1.0,0.0,0.0));
#1966=ORIENTED_EDGE('',*,*,#1967,.F.);
#1979=CARTESIAN_POINT('',(-2.644,1.403,0.0));
#1978=VERTEX_POINT('',#1979);
#1977=EDGE_CURVE('',#1978,#1968,#1982,.T.);
#1982=LINE('',#1979,#1984);
#1984=VECTOR('',#1985,0.3048);
#1985=DIRECTION('',(0.0,-1.0,0.0));
#1976=ORIENTED_EDGE('',*,*,#1977,.F.);
#1987=EDGE_CURVE('',#1960,#1978,#1992,.T.);
#1992=LINE('',#1961,#1994);
#1994=VECTOR('',#1995,0.220881493353523);
#1995=DIRECTION('',(-1.0,0.0,0.0));
#1986=ORIENTED_EDGE('',*,*,#1987,.F.);
#1996=STYLED_ITEM('',(#34),#1997);
#1997=ADVANCED_FACE('',(#2003),#1998,.T.);
#1998=PLANE('',#1999);
#1999=AXIS2_PLACEMENT_3D('',#2000,#2001,#2002);
#2000=CARTESIAN_POINT('',(-2.644,1.403,0.0));
#2001=DIRECTION('',(-1.0,0.0,0.0));
#2002=DIRECTION('',(0.,0.,1.));
#2003=FACE_OUTER_BOUND('',#2004,.T.);
#2004=EDGE_LOOP('',(#2005,#2015,#2025,#2035));
#2005=ORIENTED_EDGE('',*,*,#1977,.T.);
#2016=EDGE_CURVE('',#1909,#1968,#2021,.T.);
#2021=LINE('',#1910,#2023);
#2023=VECTOR('',#2024,0.079375);
#2024=DIRECTION('',(0.0,0.0,-1.0));
#2015=ORIENTED_EDGE('',*,*,#2016,.F.);
#2025=ORIENTED_EDGE('',*,*,#1908,.T.);
#2036=EDGE_CURVE('',#1978,#1911,#2041,.T.);
#2041=LINE('',#1979,#2043);
#2043=VECTOR('',#2044,0.079375);
#2044=DIRECTION('',(0.0,0.0,1.0));
#2035=ORIENTED_EDGE('',*,*,#2036,.F.);
#2045=STYLED_ITEM($,(#34),#2046);
#2046=ADVANCED_FACE($,(#2052),#2047,.T.);
#2047=CYLINDRICAL_SURFACE($,#2048,0.15875);
#2048=AXIS2_PLACEMENT_3D($,#2049,#2050,#2051);
#2049=CARTESIAN_POINT('',(-2.177,1.098,0.159));
#2050=DIRECTION('',(0.0,-1.0,0.0));
#2051=DIRECTION('',(0.,0.,1.));
#2052=FACE_OUTER_BOUND($,#2053,.T.);
#2053=EDGE_LOOP($,(#2065,#2075,#2086,#2054));
#2065=ORIENTED_EDGE('',*,*,#1732,.T.);
#2076=EDGE_CURVE($,#1831,#1723,#2081,.T.);
#2081=CIRCLE($,#2082,0.15875);
#2083=CARTESIAN_POINT('',(-2.177,1.403,0.159));
#2082=AXIS2_PLACEMENT_3D($,#2083,#2084,#2085);
#2084=DIRECTION('',(0.0,1.0,0.0));
#2085=DIRECTION('',(0.793,0.0,0.609));
#2075=ORIENTED_EDGE('',*,*,#2076,.F.);
#2086=ORIENTED_EDGE('',*,*,#1830,.T.);
#2055=EDGE_CURVE($,#1733,#1821,#2060,.T.);
#2060=CIRCLE($,#2061,0.15875);
#2062=CARTESIAN_POINT('',(-2.177,1.098,0.159));
#2061=AXIS2_PLACEMENT_3D($,#2062,#2063,#2064);
#2063=DIRECTION('',(0.0,-1.0,0.0));
#2064=DIRECTION('',(-0.793,0.0,-0.609));
#2054=ORIENTED_EDGE('',*,*,#2055,.F.);
#2096=STYLED_ITEM($,(#34),#2097);
#2097=ADVANCED_FACE($,(#2103),#2098,.F.);
#2098=CYLINDRICAL_SURFACE($,#2099,0.079375);
#2099=AXIS2_PLACEMENT_3D($,#2100,#2101,#2102);
#2100=CARTESIAN_POINT('',(-2.177,1.403,0.159));
#2101=DIRECTION('',(0.0,-1.0,0.0));
#2102=DIRECTION('',(0.,0.,-1.));
#2103=FACE_OUTER_BOUND($,#2104,.T.);
#2104=EDGE_LOOP($,(#2116,#2126,#2137,#2105));
#2116=ORIENTED_EDGE('',*,*,#1781,.T.);
#2127=EDGE_CURVE($,#1880,#1772,#2132,.T.);
#2132=CIRCLE($,#2133,0.079375);
#2133=AXIS2_PLACEMENT_3D($,#2062,#2135,#2136);
#2135=DIRECTION('',(0.0,1.0,0.0));
#2136=DIRECTION('',(0.793,0.0,0.609));
#2126=ORIENTED_EDGE('',*,*,#2127,.F.);
#2137=ORIENTED_EDGE('',*,*,#1879,.T.);
#2106=EDGE_CURVE($,#1782,#1870,#2111,.T.);
#2111=CIRCLE($,#2112,0.079375);
#2112=AXIS2_PLACEMENT_3D($,#2083,#2114,#2115);
#2114=DIRECTION('',(0.0,-1.0,0.0));
#2115=DIRECTION('',(-0.793,0.0,-0.609));
#2105=ORIENTED_EDGE('',*,*,#2106,.F.);
#2147=STYLED_ITEM($,(#34),#2148);
#2148=ADVANCED_FACE($,(#2154),#2149,.F.);
#2149=CYLINDRICAL_SURFACE($,#2150,0.079375);
#2150=AXIS2_PLACEMENT_3D($,#2151,#2152,#2153);
#2151=CARTESIAN_POINT('',(-2.423,1.403,0.159));
#2152=DIRECTION('',(0.0,-1.0,0.0));
#2153=DIRECTION('',(0.,0.,1.));
#2154=FACE_OUTER_BOUND($,#2155,.T.);
#2155=EDGE_LOOP($,(#2167,#2177,#2188,#2156));
#2167=ORIENTED_EDGE('',*,*,#1928,.T.);
#2178=EDGE_CURVE($,#1811,#1919,#2183,.T.);
#2183=CIRCLE($,#2184,0.079375);
#2185=CARTESIAN_POINT('',(-2.423,1.098,0.159));
#2184=AXIS2_PLACEMENT_3D($,#2185,#2186,#2187);
#2186=DIRECTION('',(0.0,1.0,0.0));
#2187=DIRECTION('',(-0.793,0.0,-0.609));
#2177=ORIENTED_EDGE('',*,*,#2178,.F.);
#2188=ORIENTED_EDGE('',*,*,#1810,.T.);
#2157=EDGE_CURVE($,#1929,#1813,#2162,.T.);
#2162=CIRCLE($,#2163,0.079375);
#2164=CARTESIAN_POINT('',(-2.423,1.403,0.159));
#2163=AXIS2_PLACEMENT_3D($,#2164,#2165,#2166);
#2165=DIRECTION('',(0.0,-1.0,0.0));
#2166=DIRECTION('',(0.793,0.0,0.609));
#2156=ORIENTED_EDGE('',*,*,#2157,.F.);
#2198=STYLED_ITEM($,(#34),#2199);
#2199=ADVANCED_FACE($,(#2205),#2200,.T.);
#2200=CYLINDRICAL_SURFACE($,#2201,0.15875);
#2201=AXIS2_PLACEMENT_3D($,#2202,#2203,#2204);
#2202=CARTESIAN_POINT('',(-2.423,1.403,0.159));
#2203=DIRECTION('',(0.0,-1.0,0.0));
#2204=DIRECTION('',(0.,0.,-1.));
#2205=FACE_OUTER_BOUND($,#2206,.T.);
#2206=EDGE_LOOP($,(#2218,#2228,#2239,#2207));
#2218=ORIENTED_EDGE('',*,*,#1957,.T.);
#2229=EDGE_CURVE($,#1860,#1960,#2234,.T.);
#2234=CIRCLE($,#2235,0.15875);
#2235=AXIS2_PLACEMENT_3D($,#2164,#2237,#2238);
#2237=DIRECTION('',(0.0,1.0,0.0));
#2238=DIRECTION('',(-0.793,0.0,-0.609));
#2228=ORIENTED_EDGE('',*,*,#2229,.F.);
#2239=ORIENTED_EDGE('',*,*,#1859,.T.);
#2208=EDGE_CURVE($,#1958,#1862,#2213,.T.);
#2213=CIRCLE($,#2214,0.15875);
#2214=AXIS2_PLACEMENT_3D($,#2185,#2216,#2217);
#2216=DIRECTION('',(0.0,-1.0,0.0));
#2217=DIRECTION('',(0.793,0.0,0.609));
#2207=ORIENTED_EDGE('',*,*,#2208,.F.);
#2249=STYLED_ITEM('color',(#34),#2250);
#2250=ADVANCED_FACE($,(#2256),#2251,.T.);
#2251=PLANE($,#2252);
#2252=AXIS2_PLACEMENT_3D($,#2253,#2254,#2255);
#2253=CARTESIAN_POINT('',(-1.956,1.403,0.238));
#2254=DIRECTION('',(0.0,1.0,0.0));
#2255=DIRECTION('',(1.,0.,0.));
#2256=FACE_OUTER_BOUND($,#2257,.T.);
#2257=EDGE_LOOP($,(#2260, #2270, #2280, #2343, #2354, #2290, #2301, #2311, #2321, #2331, #2364, #2374));
#2260=ORIENTED_EDGE('',*,*,#1722,.T.);
#2270=ORIENTED_EDGE('',*,*,#1673,.T.);
#2280=ORIENTED_EDGE('',*,*,#1791,.T.);
#2343=ORIENTED_EDGE('',*,*,#2106,.T.);
#2354=ORIENTED_EDGE('',*,*,#1869,.T.);
#2290=ORIENTED_EDGE('',*,*,#2229,.T.);
#2301=ORIENTED_EDGE('',*,*,#1987,.T.);
#2311=ORIENTED_EDGE('',*,*,#2036,.T.);
#2321=ORIENTED_EDGE('',*,*,#1938,.T.);
#2331=ORIENTED_EDGE('',*,*,#2157,.T.);
#2364=ORIENTED_EDGE('',*,*,#1840,.T.);
#2374=ORIENTED_EDGE('',*,*,#2076,.T.);
#2385=STYLED_ITEM('color',(#34),#2386);
#2386=ADVANCED_FACE($,(#2392),#2387,.T.);
#2387=PLANE($,#2388);
#2388=AXIS2_PLACEMENT_3D($,#2389,#2390,#2391);
#2389=CARTESIAN_POINT('',(-2.423,1.098,0.079));
#2390=DIRECTION('',(0.0,-1.0,0.0));
#2391=DIRECTION('',(1.,0.,0.));
#2392=FACE_OUTER_BOUND($,#2393,.T.);
#2393=EDGE_LOOP($,(#2396, #2406, #2416, #2479, #2490, #2426, #2437, #2447, #2457, #2467, #2500, #2510));
#2396=ORIENTED_EDGE('',*,*,#1771,.T.);
#2406=ORIENTED_EDGE('',*,*,#1693,.T.);
#2416=ORIENTED_EDGE('',*,*,#1742,.T.);
#2479=ORIENTED_EDGE('',*,*,#2055,.T.);
#2490=ORIENTED_EDGE('',*,*,#1820,.T.);
#2426=ORIENTED_EDGE('',*,*,#2178,.T.);
#2437=ORIENTED_EDGE('',*,*,#1918,.T.);
#2447=ORIENTED_EDGE('',*,*,#2016,.T.);
#2457=ORIENTED_EDGE('',*,*,#1967,.T.);
#2467=ORIENTED_EDGE('',*,*,#2208,.T.);
#2500=ORIENTED_EDGE('',*,*,#1889,.T.);
#2510=ORIENTED_EDGE('',*,*,#2127,.T.);
#2521=MANIFOLD_SOLID_BREP($,#2522);
#2522=CLOSED_SHELL('',(#2524,#2573,#2622,#2671,#2720,#2769,#2818,#2867,#2916,#2967,#3018,#3069,#3120,#3256));
#2523=STYLED_ITEM('',(#34),#2524);
#2524=ADVANCED_FACE('',(#2530),#2525,.T.);
#2525=PLANE('',#2526);
#2526=AXIS2_PLACEMENT_3D('',#2527,#2528,#2529);
#2527=CARTESIAN_POINT('',(-1.956,0.598,0.238));
#2528=DIRECTION('',(1.0,0.0,0.0));
#2529=DIRECTION('',(0.,0.,1.));
#2530=FACE_OUTER_BOUND('',#2531,.T.);
#2531=EDGE_LOOP('',(#2532,#2542,#2552,#2562));
#2535=CARTESIAN_POINT('',(-1.956,0.903,0.238));
#2534=VERTEX_POINT('',#2535);
#2537=CARTESIAN_POINT('',(-1.956,0.598,0.238));
#2536=VERTEX_POINT('',#2537);
#2533=EDGE_CURVE('',#2534,#2536,#2538,.T.);
#2538=LINE('',#2535,#2540);
#2540=VECTOR('',#2541,0.30479999488798);
#2541=DIRECTION('',(0.0,-1.0,0.0));
#2532=ORIENTED_EDGE('',*,*,#2533,.F.);
#2545=CARTESIAN_POINT('',(-1.956,0.903,0.318));
#2544=VERTEX_POINT('',#2545);
#2543=EDGE_CURVE('',#2544,#2534,#2548,.T.);
#2548=LINE('',#2545,#2550);
#2550=VECTOR('',#2551,0.079375);
#2551=DIRECTION('',(0.0,0.0,-1.0));
#2542=ORIENTED_EDGE('',*,*,#2543,.F.);
#2555=CARTESIAN_POINT('',(-1.956,0.598,0.318));
#2554=VERTEX_POINT('',#2555);
#2553=EDGE_CURVE('',#2554,#2544,#2558,.T.);
#2558=LINE('',#2555,#2560);
#2560=VECTOR('',#2561,0.30479999488798);
#2561=DIRECTION('',(0.0,1.0,0.0));
#2552=ORIENTED_EDGE('',*,*,#2553,.F.);
#2563=EDGE_CURVE('',#2536,#2554,#2568,.T.);
#2568=LINE('',#2537,#2570);
#2570=VECTOR('',#2571,0.079375);
#2571=DIRECTION('',(0.0,0.0,1.0));
#2562=ORIENTED_EDGE('',*,*,#2563,.F.);
#2572=STYLED_ITEM('',(#34),#2573);
#2573=ADVANCED_FACE('',(#2579),#2574,.T.);
#2574=PLANE('',#2575);
#2575=AXIS2_PLACEMENT_3D('',#2576,#2577,#2578);
#2576=CARTESIAN_POINT('',(-1.956,0.598,0.318));
#2577=DIRECTION('',(0.0,0.0,1.0));
#2578=DIRECTION('',(0.,1.,0.));
#2579=FACE_OUTER_BOUND('',#2580,.T.);
#2580=EDGE_LOOP('',(#2581,#2591,#2601,#2611));
#2581=ORIENTED_EDGE('',*,*,#2553,.T.);
#2594=CARTESIAN_POINT('',(-2.177,0.903,0.318));
#2593=VERTEX_POINT('',#2594);
#2592=EDGE_CURVE('',#2593,#2544,#2597,.T.);
#2597=LINE('',#2594,#2599);
#2599=VECTOR('',#2600,0.220881495615771);
#2600=DIRECTION('',(1.0,0.0,0.0));
#2591=ORIENTED_EDGE('',*,*,#2592,.F.);
#2604=CARTESIAN_POINT('',(-2.177,0.598,0.318));
#2603=VERTEX_POINT('',#2604);
#2602=EDGE_CURVE('',#2603,#2593,#2607,.T.);
#2607=LINE('',#2604,#2609);
#2609=VECTOR('',#2610,0.304799994978664);
#2610=DIRECTION('',(0.0,1.0,0.0));
#2601=ORIENTED_EDGE('',*,*,#2602,.F.);
#2612=EDGE_CURVE('',#2554,#2603,#2617,.T.);
#2617=LINE('',#2555,#2619);
#2619=VECTOR('',#2620,0.220881495615772);
#2620=DIRECTION('',(-1.0,0.0,0.0));
#2611=ORIENTED_EDGE('',*,*,#2612,.F.);
#2621=STYLED_ITEM('',(#34),#2622);
#2622=ADVANCED_FACE('',(#2628),#2623,.T.);
#2623=PLANE('',#2624);
#2624=AXIS2_PLACEMENT_3D('',#2625,#2626,#2627);
#2625=CARTESIAN_POINT('',(-1.956,0.903,0.238));
#2626=DIRECTION('',(0.0,0.0,-1.0));
#2627=DIRECTION('',(0.,1.,0.));
#2628=FACE_OUTER_BOUND('',#2629,.T.);
#2629=EDGE_LOOP('',(#2630,#2640,#2650,#2660));
#2630=ORIENTED_EDGE('',*,*,#2533,.T.);
#2643=CARTESIAN_POINT('',(-2.177,0.598,0.238));
#2642=VERTEX_POINT('',#2643);
#2641=EDGE_CURVE('',#2642,#2536,#2646,.T.);
#2646=LINE('',#2643,#2648);
#2648=VECTOR('',#2649,0.220881495615772);
#2649=DIRECTION('',(1.0,0.0,0.0));
#2640=ORIENTED_EDGE('',*,*,#2641,.F.);
#2653=CARTESIAN_POINT('',(-2.177,0.903,0.238));
#2652=VERTEX_POINT('',#2653);
#2651=EDGE_CURVE('',#2652,#2642,#2656,.T.);
#2656=LINE('',#2653,#2658);
#2658=VECTOR('',#2659,0.304799994978664);
#2659=DIRECTION('',(0.0,-1.0,0.0));
#2650=ORIENTED_EDGE('',*,*,#2651,.F.);
#2661=EDGE_CURVE('',#2534,#2652,#2666,.T.);
#2666=LINE('',#2535,#2668);
#2668=VECTOR('',#2669,0.220881495615771);
#2669=DIRECTION('',(-1.0,0.0,0.0));
#2660=ORIENTED_EDGE('',*,*,#2661,.F.);
#2670=STYLED_ITEM('',(#34),#2671);
#2671=ADVANCED_FACE('',(#2677),#2672,.T.);
#2672=PLANE('',#2673);
#2673=AXIS2_PLACEMENT_3D('',#2674,#2675,#2676);
#2674=CARTESIAN_POINT('',(-2.347,0.903,0.138));
#2675=DIRECTION('',(-0.966,0.0,0.259));
#2676=DIRECTION('',(0.,0.,1.));
#2677=FACE_OUTER_BOUND('',#2678,.T.);
#2678=EDGE_LOOP('',(#2679,#2689,#2699,#2709));
#2682=CARTESIAN_POINT('',(-2.347,0.598,0.138));
#2681=VERTEX_POINT('',#2682);
#2684=CARTESIAN_POINT('',(-2.347,0.903,0.138));
#2683=VERTEX_POINT('',#2684);
#2680=EDGE_CURVE('',#2681,#2683,#2685,.T.);
#2685=LINE('',#2682,#2687);
#2687=VECTOR('',#2688,0.304799995199375);
#2688=DIRECTION('',(0.0,1.0,0.0));
#2679=ORIENTED_EDGE('',*,*,#2680,.F.);
#2692=CARTESIAN_POINT('',(-2.33,0.598,0.2));
#2691=VERTEX_POINT('',#2692);
#2690=EDGE_CURVE('',#2691,#2681,#2695,.T.);
#2695=LINE('',#2692,#2697);
#2697=VECTOR('',#2698,0.063804620199384);
#2698=DIRECTION('',(-0.259,0.0,-0.966));
#2689=ORIENTED_EDGE('',*,*,#2690,.F.);
#2702=CARTESIAN_POINT('',(-2.33,0.903,0.2));
#2701=VERTEX_POINT('',#2702);
#2700=EDGE_CURVE('',#2701,#2691,#2705,.T.);
#2705=LINE('',#2702,#2707);
#2707=VECTOR('',#2708,0.304799995163812);
#2708=DIRECTION('',(0.0,-1.0,0.0));
#2699=ORIENTED_EDGE('',*,*,#2700,.F.);
#2710=EDGE_CURVE('',#2683,#2701,#2715,.T.);
#2715=LINE('',#2684,#2717);
#2717=VECTOR('',#2718,0.063804620199384);
#2718=DIRECTION('',(0.259,0.0,0.966));
#2709=ORIENTED_EDGE('',*,*,#2710,.F.);
#2719=STYLED_ITEM('',(#34),#2720);
#2720=ADVANCED_FACE('',(#2726),#2721,.T.);
#2721=PLANE('',#2722);
#2722=AXIS2_PLACEMENT_3D('',#2723,#2724,#2725);
#2723=CARTESIAN_POINT('',(-2.27,0.598,0.118));
#2724=DIRECTION('',(0.966,0.0,-0.259));
#2725=DIRECTION('',(0.,0.,1.));
#2726=FACE_OUTER_BOUND('',#2727,.T.);
#2727=EDGE_LOOP('',(#2728,#2738,#2748,#2758));
#2731=CARTESIAN_POINT('',(-2.27,0.903,0.118));
#2730=VERTEX_POINT('',#2731);
#2733=CARTESIAN_POINT('',(-2.27,0.598,0.118));
#2732=VERTEX_POINT('',#2733);
#2729=EDGE_CURVE('',#2730,#2732,#2734,.T.);
#2734=LINE('',#2731,#2736);
#2736=VECTOR('',#2737,0.304799995067094);
#2737=DIRECTION('',(0.0,-1.0,0.0));
#2728=ORIENTED_EDGE('',*,*,#2729,.F.);
#2741=CARTESIAN_POINT('',(-2.253,0.903,0.179));
#2740=VERTEX_POINT('',#2741);
#2739=EDGE_CURVE('',#2740,#2730,#2744,.T.);
#2744=LINE('',#2741,#2746);
#2746=VECTOR('',#2747,0.063804620203898);
#2747=DIRECTION('',(-0.259,0.0,-0.966));
#2738=ORIENTED_EDGE('',*,*,#2739,.F.);
#2751=CARTESIAN_POINT('',(-2.253,0.598,0.179));
#2750=VERTEX_POINT('',#2751);
#2749=EDGE_CURVE('',#2750,#2740,#2754,.T.);
#2754=LINE('',#2751,#2756);
#2756=VECTOR('',#2757,0.304799995047204);
#2757=DIRECTION('',(0.0,1.0,0.0));
#2748=ORIENTED_EDGE('',*,*,#2749,.F.);
#2759=EDGE_CURVE('',#2732,#2750,#2764,.T.);
#2764=LINE('',#2733,#2766);
#2766=VECTOR('',#2767,0.063804620203898);
#2767=DIRECTION('',(0.259,0.0,0.966));
#2758=ORIENTED_EDGE('',*,*,#2759,.F.);
#2768=STYLED_ITEM('',(#34),#2769);
#2769=ADVANCED_FACE('',(#2775),#2770,.T.);
#2770=PLANE('',#2771);
#2771=AXIS2_PLACEMENT_3D('',#2772,#2773,#2774);
#2772=CARTESIAN_POINT('',(-2.644,0.903,0.079));
#2773=DIRECTION('',(0.0,0.0,1.0));
#2774=DIRECTION('',(0.,1.,0.));
#2775=FACE_OUTER_BOUND('',#2776,.T.);
#2776=EDGE_LOOP('',(#2777,#2787,#2797,#2807));
#2780=CARTESIAN_POINT('',(-2.644,0.598,0.079));
#2779=VERTEX_POINT('',#2780);
#2782=CARTESIAN_POINT('',(-2.644,0.903,0.079));
#2781=VERTEX_POINT('',#2782);
#2778=EDGE_CURVE('',#2779,#2781,#2783,.T.);
#2783=LINE('',#2780,#2785);
#2785=VECTOR('',#2786,0.3048);
#2786=DIRECTION('',(0.0,1.0,0.0));
#2777=ORIENTED_EDGE('',*,*,#2778,.F.);
#2790=CARTESIAN_POINT('',(-2.423,0.598,0.079));
#2789=VERTEX_POINT('',#2790);
#2788=EDGE_CURVE('',#2789,#2779,#2793,.T.);
#2793=LINE('',#2790,#2795);
#2795=VECTOR('',#2796,0.220881493353523);
#2796=DIRECTION('',(-1.0,0.0,0.0));
#2787=ORIENTED_EDGE('',*,*,#2788,.F.);
#2800=CARTESIAN_POINT('',(-2.423,0.903,0.079));
#2799=VERTEX_POINT('',#2800);
#2798=EDGE_CURVE('',#2799,#2789,#2803,.T.);
#2803=LINE('',#2800,#2805);
#2805=VECTOR('',#2806,0.304799995453006);
#2806=DIRECTION('',(0.0,-1.0,0.0));
#2797=ORIENTED_EDGE('',*,*,#2798,.F.);
#2808=EDGE_CURVE('',#2781,#2799,#2813,.T.);
#2813=LINE('',#2782,#2815);
#2815=VECTOR('',#2816,0.220881493353523);
#2816=DIRECTION('',(1.0,0.0,0.0));
#2807=ORIENTED_EDGE('',*,*,#2808,.F.);
#2817=STYLED_ITEM('',(#34),#2818);
#2818=ADVANCED_FACE('',(#2824),#2819,.T.);
#2819=PLANE('',#2820);
#2820=AXIS2_PLACEMENT_3D('',#2821,#2822,#2823);
#2821=CARTESIAN_POINT('',(-2.423,0.903,0.0));
#2822=DIRECTION('',(0.0,0.0,-1.0));
#2823=DIRECTION('',(0.,1.,0.));
#2824=FACE_OUTER_BOUND('',#2825,.T.);
#2825=EDGE_LOOP('',(#2826,#2836,#2846,#2856));
#2829=CARTESIAN_POINT('',(-2.423,0.598,0.0));
#2828=VERTEX_POINT('',#2829);
#2831=CARTESIAN_POINT('',(-2.423,0.903,0.0));
#2830=VERTEX_POINT('',#2831);
#2827=EDGE_CURVE('',#2828,#2830,#2832,.T.);
#2832=LINE('',#2829,#2834);
#2834=VECTOR('',#2835,0.304799995453006);
#2835=DIRECTION('',(0.0,1.0,0.0));
#2826=ORIENTED_EDGE('',*,*,#2827,.F.);
#2839=CARTESIAN_POINT('',(-2.644,0.598,0.0));
#2838=VERTEX_POINT('',#2839);
#2837=EDGE_CURVE('',#2838,#2828,#2842,.T.);
#2842=LINE('',#2839,#2844);
#2844=VECTOR('',#2845,0.220881493353523);
#2845=DIRECTION('',(1.0,0.0,0.0));
#2836=ORIENTED_EDGE('',*,*,#2837,.F.);
#2849=CARTESIAN_POINT('',(-2.644,0.903,0.0));
#2848=VERTEX_POINT('',#2849);
#2847=EDGE_CURVE('',#2848,#2838,#2852,.T.);
#2852=LINE('',#2849,#2854);
#2854=VECTOR('',#2855,0.3048);
#2855=DIRECTION('',(0.0,-1.0,0.0));
#2846=ORIENTED_EDGE('',*,*,#2847,.F.);
#2857=EDGE_CURVE('',#2830,#2848,#2862,.T.);
#2862=LINE('',#2831,#2864);
#2864=VECTOR('',#2865,0.220881493353523);
#2865=DIRECTION('',(-1.0,0.0,0.0));
#2856=ORIENTED_EDGE('',*,*,#2857,.F.);
#2866=STYLED_ITEM('',(#34),#2867);
#2867=ADVANCED_FACE('',(#2873),#2868,.T.);
#2868=PLANE('',#2869);
#2869=AXIS2_PLACEMENT_3D('',#2870,#2871,#2872);
#2870=CARTESIAN_POINT('',(-2.644,0.903,0.0));
#2871=DIRECTION('',(-1.0,0.0,0.0));
#2872=DIRECTION('',(0.,0.,1.));
#2873=FACE_OUTER_BOUND('',#2874,.T.);
#2874=EDGE_LOOP('',(#2875,#2885,#2895,#2905));
#2875=ORIENTED_EDGE('',*,*,#2847,.T.);
#2886=EDGE_CURVE('',#2779,#2838,#2891,.T.);
#2891=LINE('',#2780,#2893);
#2893=VECTOR('',#2894,0.079375);
#2894=DIRECTION('',(0.0,0.0,-1.0));
#2885=ORIENTED_EDGE('',*,*,#2886,.F.);
#2895=ORIENTED_EDGE('',*,*,#2778,.T.);
#2906=EDGE_CURVE('',#2848,#2781,#2911,.T.);
#2911=LINE('',#2849,#2913);
#2913=VECTOR('',#2914,0.079375);
#2914=DIRECTION('',(0.0,0.0,1.0));
#2905=ORIENTED_EDGE('',*,*,#2906,.F.);
#2915=STYLED_ITEM($,(#34),#2916);
#2916=ADVANCED_FACE($,(#2922),#2917,.T.);
#2917=CYLINDRICAL_SURFACE($,#2918,0.15875);
#2918=AXIS2_PLACEMENT_3D($,#2919,#2920,#2921);
#2919=CARTESIAN_POINT('',(-2.177,0.598,0.159));
#2920=DIRECTION('',(0.0,-1.0,0.0));
#2921=DIRECTION('',(0.,0.,1.));
#2922=FACE_OUTER_BOUND($,#2923,.T.);
#2923=EDGE_LOOP($,(#2935,#2945,#2956,#2924));
#2935=ORIENTED_EDGE('',*,*,#2602,.T.);
#2946=EDGE_CURVE($,#2701,#2593,#2951,.T.);
#2951=CIRCLE($,#2952,0.15875);
#2953=CARTESIAN_POINT('',(-2.177,0.903,0.159));
#2952=AXIS2_PLACEMENT_3D($,#2953,#2954,#2955);
#2954=DIRECTION('',(0.0,1.0,0.0));
#2955=DIRECTION('',(0.793,0.0,0.609));
#2945=ORIENTED_EDGE('',*,*,#2946,.F.);
#2956=ORIENTED_EDGE('',*,*,#2700,.T.);
#2925=EDGE_CURVE($,#2603,#2691,#2930,.T.);
#2930=CIRCLE($,#2931,0.15875);
#2932=CARTESIAN_POINT('',(-2.177,0.598,0.159));
#2931=AXIS2_PLACEMENT_3D($,#2932,#2933,#2934);
#2933=DIRECTION('',(0.0,-1.0,0.0));
#2934=DIRECTION('',(-0.793,0.0,-0.609));
#2924=ORIENTED_EDGE('',*,*,#2925,.F.);
#2966=STYLED_ITEM($,(#34),#2967);
#2967=ADVANCED_FACE($,(#2973),#2968,.F.);
#2968=CYLINDRICAL_SURFACE($,#2969,0.079375);
#2969=AXIS2_PLACEMENT_3D($,#2970,#2971,#2972);
#2970=CARTESIAN_POINT('',(-2.177,0.903,0.159));
#2971=DIRECTION('',(0.0,-1.0,0.0));
#2972=DIRECTION('',(0.,0.,-1.));
#2973=FACE_OUTER_BOUND($,#2974,.T.);
#2974=EDGE_LOOP($,(#2986,#2996,#3007,#2975));
#2986=ORIENTED_EDGE('',*,*,#2651,.T.);
#2997=EDGE_CURVE($,#2750,#2642,#3002,.T.);
#3002=CIRCLE($,#3003,0.079375);
#3003=AXIS2_PLACEMENT_3D($,#2932,#3005,#3006);
#3005=DIRECTION('',(0.0,1.0,0.0));
#3006=DIRECTION('',(0.793,0.0,0.609));
#2996=ORIENTED_EDGE('',*,*,#2997,.F.);
#3007=ORIENTED_EDGE('',*,*,#2749,.T.);
#2976=EDGE_CURVE($,#2652,#2740,#2981,.T.);
#2981=CIRCLE($,#2982,0.079375);
#2982=AXIS2_PLACEMENT_3D($,#2953,#2984,#2985);
#2984=DIRECTION('',(0.0,-1.0,0.0));
#2985=DIRECTION('',(-0.793,0.0,-0.609));
#2975=ORIENTED_EDGE('',*,*,#2976,.F.);
#3017=STYLED_ITEM($,(#34),#3018);
#3018=ADVANCED_FACE($,(#3024),#3019,.F.);
#3019=CYLINDRICAL_SURFACE($,#3020,0.079375);
#3020=AXIS2_PLACEMENT_3D($,#3021,#3022,#3023);
#3021=CARTESIAN_POINT('',(-2.423,0.903,0.159));
#3022=DIRECTION('',(0.0,-1.0,0.0));
#3023=DIRECTION('',(0.,0.,1.));
#3024=FACE_OUTER_BOUND($,#3025,.T.);
#3025=EDGE_LOOP($,(#3037,#3047,#3058,#3026));
#3037=ORIENTED_EDGE('',*,*,#2798,.T.);
#3048=EDGE_CURVE($,#2681,#2789,#3053,.T.);
#3053=CIRCLE($,#3054,0.079375);
#3055=CARTESIAN_POINT('',(-2.423,0.598,0.159));
#3054=AXIS2_PLACEMENT_3D($,#3055,#3056,#3057);
#3056=DIRECTION('',(0.0,1.0,0.0));
#3057=DIRECTION('',(-0.793,0.0,-0.609));
#3047=ORIENTED_EDGE('',*,*,#3048,.F.);
#3058=ORIENTED_EDGE('',*,*,#2680,.T.);
#3027=EDGE_CURVE($,#2799,#2683,#3032,.T.);
#3032=CIRCLE($,#3033,0.079375);
#3034=CARTESIAN_POINT('',(-2.423,0.903,0.159));
#3033=AXIS2_PLACEMENT_3D($,#3034,#3035,#3036);
#3035=DIRECTION('',(0.0,-1.0,0.0));
#3036=DIRECTION('',(0.793,0.0,0.609));
#3026=ORIENTED_EDGE('',*,*,#3027,.F.);
#3068=STYLED_ITEM($,(#34),#3069);
#3069=ADVANCED_FACE($,(#3075),#3070,.T.);
#3070=CYLINDRICAL_SURFACE($,#3071,0.15875);
#3071=AXIS2_PLACEMENT_3D($,#3072,#3073,#3074);
#3072=CARTESIAN_POINT('',(-2.423,0.903,0.159));
#3073=DIRECTION('',(0.0,-1.0,0.0));
#3074=DIRECTION('',(0.,0.,-1.));
#3075=FACE_OUTER_BOUND($,#3076,.T.);
#3076=EDGE_LOOP($,(#3088,#3098,#3109,#3077));
#3088=ORIENTED_EDGE('',*,*,#2827,.T.);
#3099=EDGE_CURVE($,#2730,#2830,#3104,.T.);
#3104=CIRCLE($,#3105,0.15875);
#3105=AXIS2_PLACEMENT_3D($,#3034,#3107,#3108);
#3107=DIRECTION('',(0.0,1.0,0.0));
#3108=DIRECTION('',(-0.793,0.0,-0.609));
#3098=ORIENTED_EDGE('',*,*,#3099,.F.);
#3109=ORIENTED_EDGE('',*,*,#2729,.T.);
#3078=EDGE_CURVE($,#2828,#2732,#3083,.T.);
#3083=CIRCLE($,#3084,0.15875);
#3084=AXIS2_PLACEMENT_3D($,#3055,#3086,#3087);
#3086=DIRECTION('',(0.0,-1.0,0.0));
#3087=DIRECTION('',(0.793,0.0,0.609));
#3077=ORIENTED_EDGE('',*,*,#3078,.F.);
#3119=STYLED_ITEM('color',(#34),#3120);
#3120=ADVANCED_FACE($,(#3126),#3121,.T.);
#3121=PLANE($,#3122);
#3122=AXIS2_PLACEMENT_3D($,#3123,#3124,#3125);
#3123=CARTESIAN_POINT('',(-1.956,0.903,0.238));
#3124=DIRECTION('',(0.0,1.0,0.0));
#3125=DIRECTION('',(1.,0.,0.));
#3126=FACE_OUTER_BOUND($,#3127,.T.);
#3127=EDGE_LOOP($,(#3130, #3140, #3150, #3213, #3224, #3160, #3171, #3181, #3191, #3201, #3234, #3244));
#3130=ORIENTED_EDGE('',*,*,#2592,.T.);
#3140=ORIENTED_EDGE('',*,*,#2543,.T.);
#3150=ORIENTED_EDGE('',*,*,#2661,.T.);
#3213=ORIENTED_EDGE('',*,*,#2976,.T.);
#3224=ORIENTED_EDGE('',*,*,#2739,.T.);
#3160=ORIENTED_EDGE('',*,*,#3099,.T.);
#3171=ORIENTED_EDGE('',*,*,#2857,.T.);
#3181=ORIENTED_EDGE('',*,*,#2906,.T.);
#3191=ORIENTED_EDGE('',*,*,#2808,.T.);
#3201=ORIENTED_EDGE('',*,*,#3027,.T.);
#3234=ORIENTED_EDGE('',*,*,#2710,.T.);
#3244=ORIENTED_EDGE('',*,*,#2946,.T.);
#3255=STYLED_ITEM('color',(#34),#3256);
#3256=ADVANCED_FACE($,(#3262),#3257,.T.);
#3257=PLANE($,#3258);
#3258=AXIS2_PLACEMENT_3D($,#3259,#3260,#3261);
#3259=CARTESIAN_POINT('',(-2.423,0.598,0.079));
#3260=DIRECTION('',(0.0,-1.0,0.0));
#3261=DIRECTION('',(1.,0.,0.));
#3262=FACE_OUTER_BOUND($,#3263,.T.);
#3263=EDGE_LOOP($,(#3266, #3276, #3286, #3349, #3360, #3296, #3307, #3317, #3327, #3337, #3370, #3380));
#3266=ORIENTED_EDGE('',*,*,#2641,.T.);
#3276=ORIENTED_EDGE('',*,*,#2563,.T.);
#3286=ORIENTED_EDGE('',*,*,#2612,.T.);
#3349=ORIENTED_EDGE('',*,*,#2925,.T.);
#3360=ORIENTED_EDGE('',*,*,#2690,.T.);
#3296=ORIENTED_EDGE('',*,*,#3048,.T.);
#3307=ORIENTED_EDGE('',*,*,#2788,.T.);
#3317=ORIENTED_EDGE('',*,*,#2886,.T.);
#3327=ORIENTED_EDGE('',*,*,#2837,.T.);
#3337=ORIENTED_EDGE('',*,*,#3078,.T.);
#3370=ORIENTED_EDGE('',*,*,#2759,.T.);
#3380=ORIENTED_EDGE('',*,*,#2997,.T.);
#3391=MANIFOLD_SOLID_BREP($,#3392);
#3392=CLOSED_SHELL('',(#3394,#3443,#3492,#3541,#3590,#3639,#3688,#3737,#3786,#3837,#3888,#3939,#3990,#4126));
#3393=STYLED_ITEM('',(#34),#3394);
#3394=ADVANCED_FACE('',(#3400),#3395,.T.);
#3395=PLANE('',#3396);
#3396=AXIS2_PLACEMENT_3D('',#3397,#3398,#3399);
#3397=CARTESIAN_POINT('',(-1.956,0.098,0.238));
#3398=DIRECTION('',(1.0,0.0,0.0));
#3399=DIRECTION('',(0.,0.,1.));
#3400=FACE_OUTER_BOUND('',#3401,.T.);
#3401=EDGE_LOOP('',(#3402,#3412,#3422,#3432));
#3405=CARTESIAN_POINT('',(-1.956,0.402,0.238));
#3404=VERTEX_POINT('',#3405);
#3407=CARTESIAN_POINT('',(-1.956,0.098,0.238));
#3406=VERTEX_POINT('',#3407);
#3403=EDGE_CURVE('',#3404,#3406,#3408,.T.);
#3408=LINE('',#3405,#3410);
#3410=VECTOR('',#3411,0.30479999488798);
#3411=DIRECTION('',(0.0,-1.0,0.0));
#3402=ORIENTED_EDGE('',*,*,#3403,.F.);
#3415=CARTESIAN_POINT('',(-1.956,0.402,0.318));
#3414=VERTEX_POINT('',#3415);
#3413=EDGE_CURVE('',#3414,#3404,#3418,.T.);
#3418=LINE('',#3415,#3420);
#3420=VECTOR('',#3421,0.079375);
#3421=DIRECTION('',(0.0,0.0,-1.0));
#3412=ORIENTED_EDGE('',*,*,#3413,.F.);
#3425=CARTESIAN_POINT('',(-1.956,0.098,0.318));
#3424=VERTEX_POINT('',#3425);
#3423=EDGE_CURVE('',#3424,#3414,#3428,.T.);
#3428=LINE('',#3425,#3430);
#3430=VECTOR('',#3431,0.30479999488798);
#3431=DIRECTION('',(0.0,1.0,0.0));
#3422=ORIENTED_EDGE('',*,*,#3423,.F.);
#3433=EDGE_CURVE('',#3406,#3424,#3438,.T.);
#3438=LINE('',#3407,#3440);
#3440=VECTOR('',#3441,0.079375);
#3441=DIRECTION('',(0.0,0.0,1.0));
#3432=ORIENTED_EDGE('',*,*,#3433,.F.);
#3442=STYLED_ITEM('',(#34),#3443);
#3443=ADVANCED_FACE('',(#3449),#3444,.T.);
#3444=PLANE('',#3445);
#3445=AXIS2_PLACEMENT_3D('',#3446,#3447,#3448);
#3446=CARTESIAN_POINT('',(-1.956,0.098,0.318));
#3447=DIRECTION('',(0.0,0.0,1.0));
#3448=DIRECTION('',(0.,1.,0.));
#3449=FACE_OUTER_BOUND('',#3450,.T.);
#3450=EDGE_LOOP('',(#3451,#3461,#3471,#3481));
#3451=ORIENTED_EDGE('',*,*,#3423,.T.);
#3464=CARTESIAN_POINT('',(-2.177,0.402,0.318));
#3463=VERTEX_POINT('',#3464);
#3462=EDGE_CURVE('',#3463,#3414,#3467,.T.);
#3467=LINE('',#3464,#3469);
#3469=VECTOR('',#3470,0.220881495615771);
#3470=DIRECTION('',(1.0,0.0,0.0));
#3461=ORIENTED_EDGE('',*,*,#3462,.F.);
#3474=CARTESIAN_POINT('',(-2.177,0.098,0.318));
#3473=VERTEX_POINT('',#3474);
#3472=EDGE_CURVE('',#3473,#3463,#3477,.T.);
#3477=LINE('',#3474,#3479);
#3479=VECTOR('',#3480,0.304799994978664);
#3480=DIRECTION('',(0.0,1.0,0.0));
#3471=ORIENTED_EDGE('',*,*,#3472,.F.);
#3482=EDGE_CURVE('',#3424,#3473,#3487,.T.);
#3487=LINE('',#3425,#3489);
#3489=VECTOR('',#3490,0.220881495615772);
#3490=DIRECTION('',(-1.0,0.0,0.0));
#3481=ORIENTED_EDGE('',*,*,#3482,.F.);
#3491=STYLED_ITEM('',(#34),#3492);
#3492=ADVANCED_FACE('',(#3498),#3493,.T.);
#3493=PLANE('',#3494);
#3494=AXIS2_PLACEMENT_3D('',#3495,#3496,#3497);
#3495=CARTESIAN_POINT('',(-1.956,0.402,0.238));
#3496=DIRECTION('',(0.0,0.0,-1.0));
#3497=DIRECTION('',(0.,1.,0.));
#3498=FACE_OUTER_BOUND('',#3499,.T.);
#3499=EDGE_LOOP('',(#3500,#3510,#3520,#3530));
#3500=ORIENTED_EDGE('',*,*,#3403,.T.);
#3513=CARTESIAN_POINT('',(-2.177,0.098,0.238));
#3512=VERTEX_POINT('',#3513);
#3511=EDGE_CURVE('',#3512,#3406,#3516,.T.);
#3516=LINE('',#3513,#3518);
#3518=VECTOR('',#3519,0.220881495615772);
#3519=DIRECTION('',(1.0,0.0,0.0));
#3510=ORIENTED_EDGE('',*,*,#3511,.F.);
#3523=CARTESIAN_POINT('',(-2.177,0.402,0.238));
#3522=VERTEX_POINT('',#3523);
#3521=EDGE_CURVE('',#3522,#3512,#3526,.T.);
#3526=LINE('',#3523,#3528);
#3528=VECTOR('',#3529,0.304799994978664);
#3529=DIRECTION('',(0.0,-1.0,0.0));
#3520=ORIENTED_EDGE('',*,*,#3521,.F.);
#3531=EDGE_CURVE('',#3404,#3522,#3536,.T.);
#3536=LINE('',#3405,#3538);
#3538=VECTOR('',#3539,0.220881495615771);
#3539=DIRECTION('',(-1.0,0.0,0.0));
#3530=ORIENTED_EDGE('',*,*,#3531,.F.);
#3540=STYLED_ITEM('',(#34),#3541);
#3541=ADVANCED_FACE('',(#3547),#3542,.T.);
#3542=PLANE('',#3543);
#3543=AXIS2_PLACEMENT_3D('',#3544,#3545,#3546);
#3544=CARTESIAN_POINT('',(-2.347,0.402,0.138));
#3545=DIRECTION('',(-0.966,0.0,0.259));
#3546=DIRECTION('',(0.,0.,1.));
#3547=FACE_OUTER_BOUND('',#3548,.T.);
#3548=EDGE_LOOP('',(#3549,#3559,#3569,#3579));
#3552=CARTESIAN_POINT('',(-2.347,0.098,0.138));
#3551=VERTEX_POINT('',#3552);
#3554=CARTESIAN_POINT('',(-2.347,0.402,0.138));
#3553=VERTEX_POINT('',#3554);
#3550=EDGE_CURVE('',#3551,#3553,#3555,.T.);
#3555=LINE('',#3552,#3557);
#3557=VECTOR('',#3558,0.304799995199375);
#3558=DIRECTION('',(0.0,1.0,0.0));
#3549=ORIENTED_EDGE('',*,*,#3550,.F.);
#3562=CARTESIAN_POINT('',(-2.33,0.098,0.2));
#3561=VERTEX_POINT('',#3562);
#3560=EDGE_CURVE('',#3561,#3551,#3565,.T.);
#3565=LINE('',#3562,#3567);
#3567=VECTOR('',#3568,0.063804620199384);
#3568=DIRECTION('',(-0.259,0.0,-0.966));
#3559=ORIENTED_EDGE('',*,*,#3560,.F.);
#3572=CARTESIAN_POINT('',(-2.33,0.402,0.2));
#3571=VERTEX_POINT('',#3572);
#3570=EDGE_CURVE('',#3571,#3561,#3575,.T.);
#3575=LINE('',#3572,#3577);
#3577=VECTOR('',#3578,0.304799995163812);
#3578=DIRECTION('',(0.0,-1.0,0.0));
#3569=ORIENTED_EDGE('',*,*,#3570,.F.);
#3580=EDGE_CURVE('',#3553,#3571,#3585,.T.);
#3585=LINE('',#3554,#3587);
#3587=VECTOR('',#3588,0.063804620199384);
#3588=DIRECTION('',(0.259,0.0,0.966));
#3579=ORIENTED_EDGE('',*,*,#3580,.F.);
#3589=STYLED_ITEM('',(#34),#3590);
#3590=ADVANCED_FACE('',(#3596),#3591,.T.);
#3591=PLANE('',#3592);
#3592=AXIS2_PLACEMENT_3D('',#3593,#3594,#3595);
#3593=CARTESIAN_POINT('',(-2.27,0.098,0.118));
#3594=DIRECTION('',(0.966,0.0,-0.259));
#3595=DIRECTION('',(0.,0.,1.));
#3596=FACE_OUTER_BOUND('',#3597,.T.);
#3597=EDGE_LOOP('',(#3598,#3608,#3618,#3628));
#3601=CARTESIAN_POINT('',(-2.27,0.402,0.118));
#3600=VERTEX_POINT('',#3601);
#3603=CARTESIAN_POINT('',(-2.27,0.098,0.118));
#3602=VERTEX_POINT('',#3603);
#3599=EDGE_CURVE('',#3600,#3602,#3604,.T.);
#3604=LINE('',#3601,#3606);
#3606=VECTOR('',#3607,0.304799995067094);
#3607=DIRECTION('',(0.0,-1.0,0.0));
#3598=ORIENTED_EDGE('',*,*,#3599,.F.);
#3611=CARTESIAN_POINT('',(-2.253,0.402,0.179));
#3610=VERTEX_POINT('',#3611);
#3609=EDGE_CURVE('',#3610,#3600,#3614,.T.);
#3614=LINE('',#3611,#3616);
#3616=VECTOR('',#3617,0.063804620203898);
#3617=DIRECTION('',(-0.259,0.0,-0.966));
#3608=ORIENTED_EDGE('',*,*,#3609,.F.);
#3621=CARTESIAN_POINT('',(-2.253,0.098,0.179));
#3620=VERTEX_POINT('',#3621);
#3619=EDGE_CURVE('',#3620,#3610,#3624,.T.);
#3624=LINE('',#3621,#3626);
#3626=VECTOR('',#3627,0.304799995047204);
#3627=DIRECTION('',(0.0,1.0,0.0));
#3618=ORIENTED_EDGE('',*,*,#3619,.F.);
#3629=EDGE_CURVE('',#3602,#3620,#3634,.T.);
#3634=LINE('',#3603,#3636);
#3636=VECTOR('',#3637,0.063804620203898);
#3637=DIRECTION('',(0.259,0.0,0.966));
#3628=ORIENTED_EDGE('',*,*,#3629,.F.);
#3638=STYLED_ITEM('',(#34),#3639);
#3639=ADVANCED_FACE('',(#3645),#3640,.T.);
#3640=PLANE('',#3641);
#3641=AXIS2_PLACEMENT_3D('',#3642,#3643,#3644);
#3642=CARTESIAN_POINT('',(-2.644,0.402,0.079));
#3643=DIRECTION('',(0.0,0.0,1.0));
#3644=DIRECTION('',(0.,1.,0.));
#3645=FACE_OUTER_BOUND('',#3646,.T.);
#3646=EDGE_LOOP('',(#3647,#3657,#3667,#3677));
#3650=CARTESIAN_POINT('',(-2.644,0.098,0.079));
#3649=VERTEX_POINT('',#3650);
#3652=CARTESIAN_POINT('',(-2.644,0.402,0.079));
#3651=VERTEX_POINT('',#3652);
#3648=EDGE_CURVE('',#3649,#3651,#3653,.T.);
#3653=LINE('',#3650,#3655);
#3655=VECTOR('',#3656,0.3048);
#3656=DIRECTION('',(0.0,1.0,0.0));
#3647=ORIENTED_EDGE('',*,*,#3648,.F.);
#3660=CARTESIAN_POINT('',(-2.423,0.098,0.079));
#3659=VERTEX_POINT('',#3660);
#3658=EDGE_CURVE('',#3659,#3649,#3663,.T.);
#3663=LINE('',#3660,#3665);
#3665=VECTOR('',#3666,0.220881493353523);
#3666=DIRECTION('',(-1.0,0.0,0.0));
#3657=ORIENTED_EDGE('',*,*,#3658,.F.);
#3670=CARTESIAN_POINT('',(-2.423,0.402,0.079));
#3669=VERTEX_POINT('',#3670);
#3668=EDGE_CURVE('',#3669,#3659,#3673,.T.);
#3673=LINE('',#3670,#3675);
#3675=VECTOR('',#3676,0.304799995453006);
#3676=DIRECTION('',(0.0,-1.0,0.0));
#3667=ORIENTED_EDGE('',*,*,#3668,.F.);
#3678=EDGE_CURVE('',#3651,#3669,#3683,.T.);
#3683=LINE('',#3652,#3685);
#3685=VECTOR('',#3686,0.220881493353523);
#3686=DIRECTION('',(1.0,0.0,0.0));
#3677=ORIENTED_EDGE('',*,*,#3678,.F.);
#3687=STYLED_ITEM('',(#34),#3688);
#3688=ADVANCED_FACE('',(#3694),#3689,.T.);
#3689=PLANE('',#3690);
#3690=AXIS2_PLACEMENT_3D('',#3691,#3692,#3693);
#3691=CARTESIAN_POINT('',(-2.423,0.402,0.0));
#3692=DIRECTION('',(0.0,0.0,-1.0));
#3693=DIRECTION('',(0.,1.,0.));
#3694=FACE_OUTER_BOUND('',#3695,.T.);
#3695=EDGE_LOOP('',(#3696,#3706,#3716,#3726));
#3699=CARTESIAN_POINT('',(-2.423,0.098,0.0));
#3698=VERTEX_POINT('',#3699);
#3701=CARTESIAN_POINT('',(-2.423,0.402,0.0));
#3700=VERTEX_POINT('',#3701);
#3697=EDGE_CURVE('',#3698,#3700,#3702,.T.);
#3702=LINE('',#3699,#3704);
#3704=VECTOR('',#3705,0.304799995453006);
#3705=DIRECTION('',(0.0,1.0,0.0));
#3696=ORIENTED_EDGE('',*,*,#3697,.F.);
#3709=CARTESIAN_POINT('',(-2.644,0.098,0.0));
#3708=VERTEX_POINT('',#3709);
#3707=EDGE_CURVE('',#3708,#3698,#3712,.T.);
#3712=LINE('',#3709,#3714);
#3714=VECTOR('',#3715,0.220881493353523);
#3715=DIRECTION('',(1.0,0.0,0.0));
#3706=ORIENTED_EDGE('',*,*,#3707,.F.);
#3719=CARTESIAN_POINT('',(-2.644,0.402,0.0));
#3718=VERTEX_POINT('',#3719);
#3717=EDGE_CURVE('',#3718,#3708,#3722,.T.);
#3722=LINE('',#3719,#3724);
#3724=VECTOR('',#3725,0.3048);
#3725=DIRECTION('',(0.0,-1.0,0.0));
#3716=ORIENTED_EDGE('',*,*,#3717,.F.);
#3727=EDGE_CURVE('',#3700,#3718,#3732,.T.);
#3732=LINE('',#3701,#3734);
#3734=VECTOR('',#3735,0.220881493353523);
#3735=DIRECTION('',(-1.0,0.0,0.0));
#3726=ORIENTED_EDGE('',*,*,#3727,.F.);
#3736=STYLED_ITEM('',(#34),#3737);
#3737=ADVANCED_FACE('',(#3743),#3738,.T.);
#3738=PLANE('',#3739);
#3739=AXIS2_PLACEMENT_3D('',#3740,#3741,#3742);
#3740=CARTESIAN_POINT('',(-2.644,0.402,0.0));
#3741=DIRECTION('',(-1.0,0.0,0.0));
#3742=DIRECTION('',(0.,0.,1.));
#3743=FACE_OUTER_BOUND('',#3744,.T.);
#3744=EDGE_LOOP('',(#3745,#3755,#3765,#3775));
#3745=ORIENTED_EDGE('',*,*,#3717,.T.);
#3756=EDGE_CURVE('',#3649,#3708,#3761,.T.);
#3761=LINE('',#3650,#3763);
#3763=VECTOR('',#3764,0.079375);
#3764=DIRECTION('',(0.0,0.0,-1.0));
#3755=ORIENTED_EDGE('',*,*,#3756,.F.);
#3765=ORIENTED_EDGE('',*,*,#3648,.T.);
#3776=EDGE_CURVE('',#3718,#3651,#3781,.T.);
#3781=LINE('',#3719,#3783);
#3783=VECTOR('',#3784,0.079375);
#3784=DIRECTION('',(0.0,0.0,1.0));
#3775=ORIENTED_EDGE('',*,*,#3776,.F.);
#3785=STYLED_ITEM($,(#34),#3786);
#3786=ADVANCED_FACE($,(#3792),#3787,.T.);
#3787=CYLINDRICAL_SURFACE($,#3788,0.15875);
#3788=AXIS2_PLACEMENT_3D($,#3789,#3790,#3791);
#3789=CARTESIAN_POINT('',(-2.177,0.098,0.159));
#3790=DIRECTION('',(0.0,-1.0,0.0));
#3791=DIRECTION('',(0.,0.,1.));
#3792=FACE_OUTER_BOUND($,#3793,.T.);
#3793=EDGE_LOOP($,(#3805,#3815,#3826,#3794));
#3805=ORIENTED_EDGE('',*,*,#3472,.T.);
#3816=EDGE_CURVE($,#3571,#3463,#3821,.T.);
#3821=CIRCLE($,#3822,0.15875);
#3823=CARTESIAN_POINT('',(-2.177,0.402,0.159));
#3822=AXIS2_PLACEMENT_3D($,#3823,#3824,#3825);
#3824=DIRECTION('',(0.0,1.0,0.0));
#3825=DIRECTION('',(0.793,0.0,0.609));
#3815=ORIENTED_EDGE('',*,*,#3816,.F.);
#3826=ORIENTED_EDGE('',*,*,#3570,.T.);
#3795=EDGE_CURVE($,#3473,#3561,#3800,.T.);
#3800=CIRCLE($,#3801,0.15875);
#3802=CARTESIAN_POINT('',(-2.177,0.098,0.159));
#3801=AXIS2_PLACEMENT_3D($,#3802,#3803,#3804);
#3803=DIRECTION('',(0.0,-1.0,0.0));
#3804=DIRECTION('',(-0.793,0.0,-0.609));
#3794=ORIENTED_EDGE('',*,*,#3795,.F.);
#3836=STYLED_ITEM($,(#34),#3837);
#3837=ADVANCED_FACE($,(#3843),#3838,.F.);
#3838=CYLINDRICAL_SURFACE($,#3839,0.079375);
#3839=AXIS2_PLACEMENT_3D($,#3840,#3841,#3842);
#3840=CARTESIAN_POINT('',(-2.177,0.402,0.159));
#3841=DIRECTION('',(0.0,-1.0,0.0));
#3842=DIRECTION('',(0.,0.,-1.));
#3843=FACE_OUTER_BOUND($,#3844,.T.);
#3844=EDGE_LOOP($,(#3856,#3866,#3877,#3845));
#3856=ORIENTED_EDGE('',*,*,#3521,.T.);
#3867=EDGE_CURVE($,#3620,#3512,#3872,.T.);
#3872=CIRCLE($,#3873,0.079375);
#3873=AXIS2_PLACEMENT_3D($,#3802,#3875,#3876);
#3875=DIRECTION('',(0.0,1.0,0.0));
#3876=DIRECTION('',(0.793,0.0,0.609));
#3866=ORIENTED_EDGE('',*,*,#3867,.F.);
#3877=ORIENTED_EDGE('',*,*,#3619,.T.);
#3846=EDGE_CURVE($,#3522,#3610,#3851,.T.);
#3851=CIRCLE($,#3852,0.079375);
#3852=AXIS2_PLACEMENT_3D($,#3823,#3854,#3855);
#3854=DIRECTION('',(0.0,-1.0,0.0));
#3855=DIRECTION('',(-0.793,0.0,-0.609));
#3845=ORIENTED_EDGE('',*,*,#3846,.F.);
#3887=STYLED_ITEM($,(#34),#3888);
#3888=ADVANCED_FACE($,(#3894),#3889,.F.);
#3889=CYLINDRICAL_SURFACE($,#3890,0.079375);
#3890=AXIS2_PLACEMENT_3D($,#3891,#3892,#3893);
#3891=CARTESIAN_POINT('',(-2.423,0.402,0.159));
#3892=DIRECTION('',(0.0,-1.0,0.0));
#3893=DIRECTION('',(0.,0.,1.));
#3894=FACE_OUTER_BOUND($,#3895,.T.);
#3895=EDGE_LOOP($,(#3907,#3917,#3928,#3896));
#3907=ORIENTED_EDGE('',*,*,#3668,.T.);
#3918=EDGE_CURVE($,#3551,#3659,#3923,.T.);
#3923=CIRCLE($,#3924,0.079375);
#3925=CARTESIAN_POINT('',(-2.423,0.098,0.159));
#3924=AXIS2_PLACEMENT_3D($,#3925,#3926,#3927);
#3926=DIRECTION('',(0.0,1.0,0.0));
#3927=DIRECTION('',(-0.793,0.0,-0.609));
#3917=ORIENTED_EDGE('',*,*,#3918,.F.);
#3928=ORIENTED_EDGE('',*,*,#3550,.T.);
#3897=EDGE_CURVE($,#3669,#3553,#3902,.T.);
#3902=CIRCLE($,#3903,0.079375);
#3904=CARTESIAN_POINT('',(-2.423,0.402,0.159));
#3903=AXIS2_PLACEMENT_3D($,#3904,#3905,#3906);
#3905=DIRECTION('',(0.0,-1.0,0.0));
#3906=DIRECTION('',(0.793,0.0,0.609));
#3896=ORIENTED_EDGE('',*,*,#3897,.F.);
#3938=STYLED_ITEM($,(#34),#3939);
#3939=ADVANCED_FACE($,(#3945),#3940,.T.);
#3940=CYLINDRICAL_SURFACE($,#3941,0.15875);
#3941=AXIS2_PLACEMENT_3D($,#3942,#3943,#3944);
#3942=CARTESIAN_POINT('',(-2.423,0.402,0.159));
#3943=DIRECTION('',(0.0,-1.0,0.0));
#3944=DIRECTION('',(0.,0.,-1.));
#3945=FACE_OUTER_BOUND($,#3946,.T.);
#3946=EDGE_LOOP($,(#3958,#3968,#3979,#3947));
#3958=ORIENTED_EDGE('',*,*,#3697,.T.);
#3969=EDGE_CURVE($,#3600,#3700,#3974,.T.);
#3974=CIRCLE($,#3975,0.15875);
#3975=AXIS2_PLACEMENT_3D($,#3904,#3977,#3978);
#3977=DIRECTION('',(0.0,1.0,0.0));
#3978=DIRECTION('',(-0.793,0.0,-0.609));
#3968=ORIENTED_EDGE('',*,*,#3969,.F.);
#3979=ORIENTED_EDGE('',*,*,#3599,.T.);
#3948=EDGE_CURVE($,#3698,#3602,#3953,.T.);
#3953=CIRCLE($,#3954,0.15875);
#3954=AXIS2_PLACEMENT_3D($,#3925,#3956,#3957);
#3956=DIRECTION('',(0.0,-1.0,0.0));
#3957=DIRECTION('',(0.793,0.0,0.609));
#3947=ORIENTED_EDGE('',*,*,#3948,.F.);
#3989=STYLED_ITEM('color',(#34),#3990);
#3990=ADVANCED_FACE($,(#3996),#3991,.T.);
#3991=PLANE($,#3992);
#3992=AXIS2_PLACEMENT_3D($,#3993,#3994,#3995);
#3993=CARTESIAN_POINT('',(-1.956,0.402,0.238));
#3994=DIRECTION('',(0.0,1.0,0.0));
#3995=DIRECTION('',(1.,0.,0.));
#3996=FACE_OUTER_BOUND($,#3997,.T.);
#3997=EDGE_LOOP($,(#4000, #4010, #4020, #4083, #4094, #4030, #4041, #4051, #4061, #4071, #4104, #4114));
#4000=ORIENTED_EDGE('',*,*,#3462,.T.);
#4010=ORIENTED_EDGE('',*,*,#3413,.T.);
#4020=ORIENTED_EDGE('',*,*,#3531,.T.);
#4083=ORIENTED_EDGE('',*,*,#3846,.T.);
#4094=ORIENTED_EDGE('',*,*,#3609,.T.);
#4030=ORIENTED_EDGE('',*,*,#3969,.T.);
#4041=ORIENTED_EDGE('',*,*,#3727,.T.);
#4051=ORIENTED_EDGE('',*,*,#3776,.T.);
#4061=ORIENTED_EDGE('',*,*,#3678,.T.);
#4071=ORIENTED_EDGE('',*,*,#3897,.T.);
#4104=ORIENTED_EDGE('',*,*,#3580,.T.);
#4114=ORIENTED_EDGE('',*,*,#3816,.T.);
#4125=STYLED_ITEM('color',(#34),#4126);
#4126=ADVANCED_FACE($,(#4132),#4127,.T.);
#4127=PLANE($,#4128);
#4128=AXIS2_PLACEMENT_3D($,#4129,#4130,#4131);
#4129=CARTESIAN_POINT('',(-2.423,0.098,0.079));
#4130=DIRECTION('',(0.0,-1.0,0.0));
#4131=DIRECTION('',(1.,0.,0.));
#4132=FACE_OUTER_BOUND($,#4133,.T.);
#4133=EDGE_LOOP($,(#4136, #4146, #4156, #4219, #4230, #4166, #4177, #4187, #4197, #4207, #4240, #4250));
#4136=ORIENTED_EDGE('',*,*,#3511,.T.);
#4146=ORIENTED_EDGE('',*,*,#3433,.T.);
#4156=ORIENTED_EDGE('',*,*,#3482,.T.);
#4219=ORIENTED_EDGE('',*,*,#3795,.T.);
#4230=ORIENTED_EDGE('',*,*,#3560,.T.);
#4166=ORIENTED_EDGE('',*,*,#3918,.T.);
#4177=ORIENTED_EDGE('',*,*,#3658,.T.);
#4187=ORIENTED_EDGE('',*,*,#3756,.T.);
#4197=ORIENTED_EDGE('',*,*,#3707,.T.);
#4207=ORIENTED_EDGE('',*,*,#3948,.T.);
#4240=ORIENTED_EDGE('',*,*,#3629,.T.);
#4250=ORIENTED_EDGE('',*,*,#3867,.T.);
#4261=MANIFOLD_SOLID_BREP($,#4262);
#4262=CLOSED_SHELL('',(#4264,#4313,#4362,#4411,#4460,#4509,#4558,#4607,#4656,#4707,#4758,#4809,#4860,#4996));
#4263=STYLED_ITEM('',(#34),#4264);
#4264=ADVANCED_FACE('',(#4270),#4265,.T.);
#4265=PLANE('',#4266);
#4266=AXIS2_PLACEMENT_3D('',#4267,#4268,#4269);
#4267=CARTESIAN_POINT('',(-1.956,-0.402,0.238));
#4268=DIRECTION('',(1.0,0.0,0.0));
#4269=DIRECTION('',(0.,0.,1.));
#4270=FACE_OUTER_BOUND('',#4271,.T.);
#4271=EDGE_LOOP('',(#4272,#4282,#4292,#4302));
#4275=CARTESIAN_POINT('',(-1.956,-0.098,0.238));
#4274=VERTEX_POINT('',#4275);
#4277=CARTESIAN_POINT('',(-1.956,-0.402,0.238));
#4276=VERTEX_POINT('',#4277);
#4273=EDGE_CURVE('',#4274,#4276,#4278,.T.);
#4278=LINE('',#4275,#4280);
#4280=VECTOR('',#4281,0.30479999488798);
#4281=DIRECTION('',(0.0,-1.0,0.0));
#4272=ORIENTED_EDGE('',*,*,#4273,.F.);
#4285=CARTESIAN_POINT('',(-1.956,-0.098,0.318));
#4284=VERTEX_POINT('',#4285);
#4283=EDGE_CURVE('',#4284,#4274,#4288,.T.);
#4288=LINE('',#4285,#4290);
#4290=VECTOR('',#4291,0.079375);
#4291=DIRECTION('',(0.0,0.0,-1.0));
#4282=ORIENTED_EDGE('',*,*,#4283,.F.);
#4295=CARTESIAN_POINT('',(-1.956,-0.402,0.318));
#4294=VERTEX_POINT('',#4295);
#4293=EDGE_CURVE('',#4294,#4284,#4298,.T.);
#4298=LINE('',#4295,#4300);
#4300=VECTOR('',#4301,0.30479999488798);
#4301=DIRECTION('',(0.0,1.0,0.0));
#4292=ORIENTED_EDGE('',*,*,#4293,.F.);
#4303=EDGE_CURVE('',#4276,#4294,#4308,.T.);
#4308=LINE('',#4277,#4310);
#4310=VECTOR('',#4311,0.079375);
#4311=DIRECTION('',(0.0,0.0,1.0));
#4302=ORIENTED_EDGE('',*,*,#4303,.F.);
#4312=STYLED_ITEM('',(#34),#4313);
#4313=ADVANCED_FACE('',(#4319),#4314,.T.);
#4314=PLANE('',#4315);
#4315=AXIS2_PLACEMENT_3D('',#4316,#4317,#4318);
#4316=CARTESIAN_POINT('',(-1.956,-0.402,0.318));
#4317=DIRECTION('',(0.0,0.0,1.0));
#4318=DIRECTION('',(0.,1.,0.));
#4319=FACE_OUTER_BOUND('',#4320,.T.);
#4320=EDGE_LOOP('',(#4321,#4331,#4341,#4351));
#4321=ORIENTED_EDGE('',*,*,#4293,.T.);
#4334=CARTESIAN_POINT('',(-2.177,-0.098,0.318));
#4333=VERTEX_POINT('',#4334);
#4332=EDGE_CURVE('',#4333,#4284,#4337,.T.);
#4337=LINE('',#4334,#4339);
#4339=VECTOR('',#4340,0.220881495615771);
#4340=DIRECTION('',(1.0,0.0,0.0));
#4331=ORIENTED_EDGE('',*,*,#4332,.F.);
#4344=CARTESIAN_POINT('',(-2.177,-0.402,0.318));
#4343=VERTEX_POINT('',#4344);
#4342=EDGE_CURVE('',#4343,#4333,#4347,.T.);
#4347=LINE('',#4344,#4349);
#4349=VECTOR('',#4350,0.304799994978664);
#4350=DIRECTION('',(0.0,1.0,0.0));
#4341=ORIENTED_EDGE('',*,*,#4342,.F.);
#4352=EDGE_CURVE('',#4294,#4343,#4357,.T.);
#4357=LINE('',#4295,#4359);
#4359=VECTOR('',#4360,0.220881495615772);
#4360=DIRECTION('',(-1.0,0.0,0.0));
#4351=ORIENTED_EDGE('',*,*,#4352,.F.);
#4361=STYLED_ITEM('',(#34),#4362);
#4362=ADVANCED_FACE('',(#4368),#4363,.T.);
#4363=PLANE('',#4364);
#4364=AXIS2_PLACEMENT_3D('',#4365,#4366,#4367);
#4365=CARTESIAN_POINT('',(-1.956,-0.098,0.238));
#4366=DIRECTION('',(0.0,0.0,-1.0));
#4367=DIRECTION('',(0.,1.,0.));
#4368=FACE_OUTER_BOUND('',#4369,.T.);
#4369=EDGE_LOOP('',(#4370,#4380,#4390,#4400));
#4370=ORIENTED_EDGE('',*,*,#4273,.T.);
#4383=CARTESIAN_POINT('',(-2.177,-0.402,0.238));
#4382=VERTEX_POINT('',#4383);
#4381=EDGE_CURVE('',#4382,#4276,#4386,.T.);
#4386=LINE('',#4383,#4388);
#4388=VECTOR('',#4389,0.220881495615772);
#4389=DIRECTION('',(1.0,0.0,0.0));
#4380=ORIENTED_EDGE('',*,*,#4381,.F.);
#4393=CARTESIAN_POINT('',(-2.177,-0.098,0.238));
#4392=VERTEX_POINT('',#4393);
#4391=EDGE_CURVE('',#4392,#4382,#4396,.T.);
#4396=LINE('',#4393,#4398);
#4398=VECTOR('',#4399,0.304799994978664);
#4399=DIRECTION('',(0.0,-1.0,0.0));
#4390=ORIENTED_EDGE('',*,*,#4391,.F.);
#4401=EDGE_CURVE('',#4274,#4392,#4406,.T.);
#4406=LINE('',#4275,#4408);
#4408=VECTOR('',#4409,0.220881495615771);
#4409=DIRECTION('',(-1.0,0.0,0.0));
#4400=ORIENTED_EDGE('',*,*,#4401,.F.);
#4410=STYLED_ITEM('',(#34),#4411);
#4411=ADVANCED_FACE('',(#4417),#4412,.T.);
#4412=PLANE('',#4413);
#4413=AXIS2_PLACEMENT_3D('',#4414,#4415,#4416);
#4414=CARTESIAN_POINT('',(-2.347,-0.098,0.138));
#4415=DIRECTION('',(-0.966,0.0,0.259));
#4416=DIRECTION('',(0.,0.,1.));
#4417=FACE_OUTER_BOUND('',#4418,.T.);
#4418=EDGE_LOOP('',(#4419,#4429,#4439,#4449));
#4422=CARTESIAN_POINT('',(-2.347,-0.402,0.138));
#4421=VERTEX_POINT('',#4422);
#4424=CARTESIAN_POINT('',(-2.347,-0.098,0.138));
#4423=VERTEX_POINT('',#4424);
#4420=EDGE_CURVE('',#4421,#4423,#4425,.T.);
#4425=LINE('',#4422,#4427);
#4427=VECTOR('',#4428,0.304799995199375);
#4428=DIRECTION('',(0.0,1.0,0.0));
#4419=ORIENTED_EDGE('',*,*,#4420,.F.);
#4432=CARTESIAN_POINT('',(-2.33,-0.402,0.2));
#4431=VERTEX_POINT('',#4432);
#4430=EDGE_CURVE('',#4431,#4421,#4435,.T.);
#4435=LINE('',#4432,#4437);
#4437=VECTOR('',#4438,0.063804620199384);
#4438=DIRECTION('',(-0.259,0.0,-0.966));
#4429=ORIENTED_EDGE('',*,*,#4430,.F.);
#4442=CARTESIAN_POINT('',(-2.33,-0.098,0.2));
#4441=VERTEX_POINT('',#4442);
#4440=EDGE_CURVE('',#4441,#4431,#4445,.T.);
#4445=LINE('',#4442,#4447);
#4447=VECTOR('',#4448,0.304799995163812);
#4448=DIRECTION('',(0.0,-1.0,0.0));
#4439=ORIENTED_EDGE('',*,*,#4440,.F.);
#4450=EDGE_CURVE('',#4423,#4441,#4455,.T.);
#4455=LINE('',#4424,#4457);
#4457=VECTOR('',#4458,0.063804620199384);
#4458=DIRECTION('',(0.259,0.0,0.966));
#4449=ORIENTED_EDGE('',*,*,#4450,.F.);
#4459=STYLED_ITEM('',(#34),#4460);
#4460=ADVANCED_FACE('',(#4466),#4461,.T.);
#4461=PLANE('',#4462);
#4462=AXIS2_PLACEMENT_3D('',#4463,#4464,#4465);
#4463=CARTESIAN_POINT('',(-2.27,-0.402,0.118));
#4464=DIRECTION('',(0.966,0.0,-0.259));
#4465=DIRECTION('',(0.,0.,1.));
#4466=FACE_OUTER_BOUND('',#4467,.T.);
#4467=EDGE_LOOP('',(#4468,#4478,#4488,#4498));
#4471=CARTESIAN_POINT('',(-2.27,-0.098,0.118));
#4470=VERTEX_POINT('',#4471);
#4473=CARTESIAN_POINT('',(-2.27,-0.402,0.118));
#4472=VERTEX_POINT('',#4473);
#4469=EDGE_CURVE('',#4470,#4472,#4474,.T.);
#4474=LINE('',#4471,#4476);
#4476=VECTOR('',#4477,0.304799995067094);
#4477=DIRECTION('',(0.0,-1.0,0.0));
#4468=ORIENTED_EDGE('',*,*,#4469,.F.);
#4481=CARTESIAN_POINT('',(-2.253,-0.098,0.179));
#4480=VERTEX_POINT('',#4481);
#4479=EDGE_CURVE('',#4480,#4470,#4484,.T.);
#4484=LINE('',#4481,#4486);
#4486=VECTOR('',#4487,0.063804620203898);
#4487=DIRECTION('',(-0.259,0.0,-0.966));
#4478=ORIENTED_EDGE('',*,*,#4479,.F.);
#4491=CARTESIAN_POINT('',(-2.253,-0.402,0.179));
#4490=VERTEX_POINT('',#4491);
#4489=EDGE_CURVE('',#4490,#4480,#4494,.T.);
#4494=LINE('',#4491,#4496);
#4496=VECTOR('',#4497,0.304799995047204);
#4497=DIRECTION('',(0.0,1.0,0.0));
#4488=ORIENTED_EDGE('',*,*,#4489,.F.);
#4499=EDGE_CURVE('',#4472,#4490,#4504,.T.);
#4504=LINE('',#4473,#4506);
#4506=VECTOR('',#4507,0.063804620203898);
#4507=DIRECTION('',(0.259,0.0,0.966));
#4498=ORIENTED_EDGE('',*,*,#4499,.F.);
#4508=STYLED_ITEM('',(#34),#4509);
#4509=ADVANCED_FACE('',(#4515),#4510,.T.);
#4510=PLANE('',#4511);
#4511=AXIS2_PLACEMENT_3D('',#4512,#4513,#4514);
#4512=CARTESIAN_POINT('',(-2.644,-0.098,0.079));
#4513=DIRECTION('',(0.0,0.0,1.0));
#4514=DIRECTION('',(0.,1.,0.));
#4515=FACE_OUTER_BOUND('',#4516,.T.);
#4516=EDGE_LOOP('',(#4517,#4527,#4537,#4547));
#4520=CARTESIAN_POINT('',(-2.644,-0.402,0.079));
#4519=VERTEX_POINT('',#4520);
#4522=CARTESIAN_POINT('',(-2.644,-0.098,0.079));
#4521=VERTEX_POINT('',#4522);
#4518=EDGE_CURVE('',#4519,#4521,#4523,.T.);
#4523=LINE('',#4520,#4525);
#4525=VECTOR('',#4526,0.3048);
#4526=DIRECTION('',(0.0,1.0,0.0));
#4517=ORIENTED_EDGE('',*,*,#4518,.F.);
#4530=CARTESIAN_POINT('',(-2.423,-0.402,0.079));
#4529=VERTEX_POINT('',#4530);
#4528=EDGE_CURVE('',#4529,#4519,#4533,.T.);
#4533=LINE('',#4530,#4535);
#4535=VECTOR('',#4536,0.220881493353523);
#4536=DIRECTION('',(-1.0,0.0,0.0));
#4527=ORIENTED_EDGE('',*,*,#4528,.F.);
#4540=CARTESIAN_POINT('',(-2.423,-0.098,0.079));
#4539=VERTEX_POINT('',#4540);
#4538=EDGE_CURVE('',#4539,#4529,#4543,.T.);
#4543=LINE('',#4540,#4545);
#4545=VECTOR('',#4546,0.304799995453006);
#4546=DIRECTION('',(0.0,-1.0,0.0));
#4537=ORIENTED_EDGE('',*,*,#4538,.F.);
#4548=EDGE_CURVE('',#4521,#4539,#4553,.T.);
#4553=LINE('',#4522,#4555);
#4555=VECTOR('',#4556,0.220881493353523);
#4556=DIRECTION('',(1.0,0.0,0.0));
#4547=ORIENTED_EDGE('',*,*,#4548,.F.);
#4557=STYLED_ITEM('',(#34),#4558);
#4558=ADVANCED_FACE('',(#4564),#4559,.T.);
#4559=PLANE('',#4560);
#4560=AXIS2_PLACEMENT_3D('',#4561,#4562,#4563);
#4561=CARTESIAN_POINT('',(-2.423,-0.098,0.0));
#4562=DIRECTION('',(0.0,0.0,-1.0));
#4563=DIRECTION('',(0.,1.,0.));
#4564=FACE_OUTER_BOUND('',#4565,.T.);
#4565=EDGE_LOOP('',(#4566,#4576,#4586,#4596));
#4569=CARTESIAN_POINT('',(-2.423,-0.402,0.0));
#4568=VERTEX_POINT('',#4569);
#4571=CARTESIAN_POINT('',(-2.423,-0.098,0.0));
#4570=VERTEX_POINT('',#4571);
#4567=EDGE_CURVE('',#4568,#4570,#4572,.T.);
#4572=LINE('',#4569,#4574);
#4574=VECTOR('',#4575,0.304799995453006);
#4575=DIRECTION('',(0.0,1.0,0.0));
#4566=ORIENTED_EDGE('',*,*,#4567,.F.);
#4579=CARTESIAN_POINT('',(-2.644,-0.402,0.0));
#4578=VERTEX_POINT('',#4579);
#4577=EDGE_CURVE('',#4578,#4568,#4582,.T.);
#4582=LINE('',#4579,#4584);
#4584=VECTOR('',#4585,0.220881493353523);
#4585=DIRECTION('',(1.0,0.0,0.0));
#4576=ORIENTED_EDGE('',*,*,#4577,.F.);
#4589=CARTESIAN_POINT('',(-2.644,-0.098,0.0));
#4588=VERTEX_POINT('',#4589);
#4587=EDGE_CURVE('',#4588,#4578,#4592,.T.);
#4592=LINE('',#4589,#4594);
#4594=VECTOR('',#4595,0.3048);
#4595=DIRECTION('',(0.0,-1.0,0.0));
#4586=ORIENTED_EDGE('',*,*,#4587,.F.);
#4597=EDGE_CURVE('',#4570,#4588,#4602,.T.);
#4602=LINE('',#4571,#4604);
#4604=VECTOR('',#4605,0.220881493353523);
#4605=DIRECTION('',(-1.0,0.0,0.0));
#4596=ORIENTED_EDGE('',*,*,#4597,.F.);
#4606=STYLED_ITEM('',(#34),#4607);
#4607=ADVANCED_FACE('',(#4613),#4608,.T.);
#4608=PLANE('',#4609);
#4609=AXIS2_PLACEMENT_3D('',#4610,#4611,#4612);
#4610=CARTESIAN_POINT('',(-2.644,-0.098,0.0));
#4611=DIRECTION('',(-1.0,0.0,0.0));
#4612=DIRECTION('',(0.,0.,1.));
#4613=FACE_OUTER_BOUND('',#4614,.T.);
#4614=EDGE_LOOP('',(#4615,#4625,#4635,#4645));
#4615=ORIENTED_EDGE('',*,*,#4587,.T.);
#4626=EDGE_CURVE('',#4519,#4578,#4631,.T.);
#4631=LINE('',#4520,#4633);
#4633=VECTOR('',#4634,0.079375);
#4634=DIRECTION('',(0.0,0.0,-1.0));
#4625=ORIENTED_EDGE('',*,*,#4626,.F.);
#4635=ORIENTED_EDGE('',*,*,#4518,.T.);
#4646=EDGE_CURVE('',#4588,#4521,#4651,.T.);
#4651=LINE('',#4589,#4653);
#4653=VECTOR('',#4654,0.079375);
#4654=DIRECTION('',(0.0,0.0,1.0));
#4645=ORIENTED_EDGE('',*,*,#4646,.F.);
#4655=STYLED_ITEM($,(#34),#4656);
#4656=ADVANCED_FACE($,(#4662),#4657,.T.);
#4657=CYLINDRICAL_SURFACE($,#4658,0.15875);
#4658=AXIS2_PLACEMENT_3D($,#4659,#4660,#4661);
#4659=CARTESIAN_POINT('',(-2.177,-0.402,0.159));
#4660=DIRECTION('',(0.0,-1.0,0.0));
#4661=DIRECTION('',(0.,0.,1.));
#4662=FACE_OUTER_BOUND($,#4663,.T.);
#4663=EDGE_LOOP($,(#4675,#4685,#4696,#4664));
#4675=ORIENTED_EDGE('',*,*,#4342,.T.);
#4686=EDGE_CURVE($,#4441,#4333,#4691,.T.);
#4691=CIRCLE($,#4692,0.15875);
#4693=CARTESIAN_POINT('',(-2.177,-0.098,0.159));
#4692=AXIS2_PLACEMENT_3D($,#4693,#4694,#4695);
#4694=DIRECTION('',(0.0,1.0,0.0));
#4695=DIRECTION('',(0.793,0.0,0.609));
#4685=ORIENTED_EDGE('',*,*,#4686,.F.);
#4696=ORIENTED_EDGE('',*,*,#4440,.T.);
#4665=EDGE_CURVE($,#4343,#4431,#4670,.T.);
#4670=CIRCLE($,#4671,0.15875);
#4672=CARTESIAN_POINT('',(-2.177,-0.402,0.159));
#4671=AXIS2_PLACEMENT_3D($,#4672,#4673,#4674);
#4673=DIRECTION('',(0.0,-1.0,0.0));
#4674=DIRECTION('',(-0.793,0.0,-0.609));
#4664=ORIENTED_EDGE('',*,*,#4665,.F.);
#4706=STYLED_ITEM($,(#34),#4707);
#4707=ADVANCED_FACE($,(#4713),#4708,.F.);
#4708=CYLINDRICAL_SURFACE($,#4709,0.079375);
#4709=AXIS2_PLACEMENT_3D($,#4710,#4711,#4712);
#4710=CARTESIAN_POINT('',(-2.177,-0.098,0.159));
#4711=DIRECTION('',(0.0,-1.0,0.0));
#4712=DIRECTION('',(0.,0.,-1.));
#4713=FACE_OUTER_BOUND($,#4714,.T.);
#4714=EDGE_LOOP($,(#4726,#4736,#4747,#4715));
#4726=ORIENTED_EDGE('',*,*,#4391,.T.);
#4737=EDGE_CURVE($,#4490,#4382,#4742,.T.);
#4742=CIRCLE($,#4743,0.079375);
#4743=AXIS2_PLACEMENT_3D($,#4672,#4745,#4746);
#4745=DIRECTION('',(0.0,1.0,0.0));
#4746=DIRECTION('',(0.793,0.0,0.609));
#4736=ORIENTED_EDGE('',*,*,#4737,.F.);
#4747=ORIENTED_EDGE('',*,*,#4489,.T.);
#4716=EDGE_CURVE($,#4392,#4480,#4721,.T.);
#4721=CIRCLE($,#4722,0.079375);
#4722=AXIS2_PLACEMENT_3D($,#4693,#4724,#4725);
#4724=DIRECTION('',(0.0,-1.0,0.0));
#4725=DIRECTION('',(-0.793,0.0,-0.609));
#4715=ORIENTED_EDGE('',*,*,#4716,.F.);
#4757=STYLED_ITEM($,(#34),#4758);
#4758=ADVANCED_FACE($,(#4764),#4759,.F.);
#4759=CYLINDRICAL_SURFACE($,#4760,0.079375);
#4760=AXIS2_PLACEMENT_3D($,#4761,#4762,#4763);
#4761=CARTESIAN_POINT('',(-2.423,-0.098,0.159));
#4762=DIRECTION('',(0.0,-1.0,0.0));
#4763=DIRECTION('',(0.,0.,1.));
#4764=FACE_OUTER_BOUND($,#4765,.T.);
#4765=EDGE_LOOP($,(#4777,#4787,#4798,#4766));
#4777=ORIENTED_EDGE('',*,*,#4538,.T.);
#4788=EDGE_CURVE($,#4421,#4529,#4793,.T.);
#4793=CIRCLE($,#4794,0.079375);
#4795=CARTESIAN_POINT('',(-2.423,-0.402,0.159));
#4794=AXIS2_PLACEMENT_3D($,#4795,#4796,#4797);
#4796=DIRECTION('',(0.0,1.0,0.0));
#4797=DIRECTION('',(-0.793,0.0,-0.609));
#4787=ORIENTED_EDGE('',*,*,#4788,.F.);
#4798=ORIENTED_EDGE('',*,*,#4420,.T.);
#4767=EDGE_CURVE($,#4539,#4423,#4772,.T.);
#4772=CIRCLE($,#4773,0.079375);
#4774=CARTESIAN_POINT('',(-2.423,-0.098,0.159));
#4773=AXIS2_PLACEMENT_3D($,#4774,#4775,#4776);
#4775=DIRECTION('',(0.0,-1.0,0.0));
#4776=DIRECTION('',(0.793,0.0,0.609));
#4766=ORIENTED_EDGE('',*,*,#4767,.F.);
#4808=STYLED_ITEM($,(#34),#4809);
#4809=ADVANCED_FACE($,(#4815),#4810,.T.);
#4810=CYLINDRICAL_SURFACE($,#4811,0.15875);
#4811=AXIS2_PLACEMENT_3D($,#4812,#4813,#4814);
#4812=CARTESIAN_POINT('',(-2.423,-0.098,0.159));
#4813=DIRECTION('',(0.0,-1.0,0.0));
#4814=DIRECTION('',(0.,0.,-1.));
#4815=FACE_OUTER_BOUND($,#4816,.T.);
#4816=EDGE_LOOP($,(#4828,#4838,#4849,#4817));
#4828=ORIENTED_EDGE('',*,*,#4567,.T.);
#4839=EDGE_CURVE($,#4470,#4570,#4844,.T.);
#4844=CIRCLE($,#4845,0.15875);
#4845=AXIS2_PLACEMENT_3D($,#4774,#4847,#4848);
#4847=DIRECTION('',(0.0,1.0,0.0));
#4848=DIRECTION('',(-0.793,0.0,-0.609));
#4838=ORIENTED_EDGE('',*,*,#4839,.F.);
#4849=ORIENTED_EDGE('',*,*,#4469,.T.);
#4818=EDGE_CURVE($,#4568,#4472,#4823,.T.);
#4823=CIRCLE($,#4824,0.15875);
#4824=AXIS2_PLACEMENT_3D($,#4795,#4826,#4827);
#4826=DIRECTION('',(0.0,-1.0,0.0));
#4827=DIRECTION('',(0.793,0.0,0.609));
#4817=ORIENTED_EDGE('',*,*,#4818,.F.);
#4859=STYLED_ITEM('color',(#34),#4860);
#4860=ADVANCED_FACE($,(#4866),#4861,.T.);
#4861=PLANE($,#4862);
#4862=AXIS2_PLACEMENT_3D($,#4863,#4864,#4865);
#4863=CARTESIAN_POINT('',(-1.956,-0.098,0.238));
#4864=DIRECTION('',(0.0,1.0,0.0));
#4865=DIRECTION('',(1.,0.,0.));
#4866=FACE_OUTER_BOUND($,#4867,.T.);
#4867=EDGE_LOOP($,(#4870, #4880, #4890, #4953, #4964, #4900, #4911, #4921, #4931, #4941, #4974, #4984));
#4870=ORIENTED_EDGE('',*,*,#4332,.T.);
#4880=ORIENTED_EDGE('',*,*,#4283,.T.);
#4890=ORIENTED_EDGE('',*,*,#4401,.T.);
#4953=ORIENTED_EDGE('',*,*,#4716,.T.);
#4964=ORIENTED_EDGE('',*,*,#4479,.T.);
#4900=ORIENTED_EDGE('',*,*,#4839,.T.);
#4911=ORIENTED_EDGE('',*,*,#4597,.T.);
#4921=ORIENTED_EDGE('',*,*,#4646,.T.);
#4931=ORIENTED_EDGE('',*,*,#4548,.T.);
#4941=ORIENTED_EDGE('',*,*,#4767,.T.);
#4974=ORIENTED_EDGE('',*,*,#4450,.T.);
#4984=ORIENTED_EDGE('',*,*,#4686,.T.);
#4995=STYLED_ITEM('color',(#34),#4996);
#4996=ADVANCED_FACE($,(#5002),#4997,.T.);
#4997=PLANE($,#4998);
#4998=AXIS2_PLACEMENT_3D($,#4999,#5000,#5001);
#4999=CARTESIAN_POINT('',(-2.423,-0.402,0.079));
#5000=DIRECTION('',(0.0,-1.0,0.0));
#5001=DIRECTION('',(1.,0.,0.));
#5002=FACE_OUTER_BOUND($,#5003,.T.);
#5003=EDGE_LOOP($,(#5006, #5016, #5026, #5089, #5100, #5036, #5047, #5057, #5067, #5077, #5110, #5120));
#5006=ORIENTED_EDGE('',*,*,#4381,.T.);
#5016=ORIENTED_EDGE('',*,*,#4303,.T.);
#5026=ORIENTED_EDGE('',*,*,#4352,.T.);
#5089=ORIENTED_EDGE('',*,*,#4665,.T.);
#5100=ORIENTED_EDGE('',*,*,#4430,.T.);
#5036=ORIENTED_EDGE('',*,*,#4788,.T.);
#5047=ORIENTED_EDGE('',*,*,#4528,.T.);
#5057=ORIENTED_EDGE('',*,*,#4626,.T.);
#5067=ORIENTED_EDGE('',*,*,#4577,.T.);
#5077=ORIENTED_EDGE('',*,*,#4818,.T.);
#5110=ORIENTED_EDGE('',*,*,#4499,.T.);
#5120=ORIENTED_EDGE('',*,*,#4737,.T.);
#5131=MANIFOLD_SOLID_BREP($,#5132);
#5132=CLOSED_SHELL('',(#5134,#5183,#5232,#5281,#5330,#5379,#5428,#5477,#5526,#5577,#5628,#5679,#5730,#5866));
#5133=STYLED_ITEM('',(#34),#5134);
#5134=ADVANCED_FACE('',(#5140),#5135,.T.);
#5135=PLANE('',#5136);
#5136=AXIS2_PLACEMENT_3D('',#5137,#5138,#5139);
#5137=CARTESIAN_POINT('',(-1.956,-0.903,0.238));
#5138=DIRECTION('',(1.0,0.0,0.0));
#5139=DIRECTION('',(0.,0.,1.));
#5140=FACE_OUTER_BOUND('',#5141,.T.);
#5141=EDGE_LOOP('',(#5142,#5152,#5162,#5172));
#5145=CARTESIAN_POINT('',(-1.956,-0.598,0.238));
#5144=VERTEX_POINT('',#5145);
#5147=CARTESIAN_POINT('',(-1.956,-0.903,0.238));
#5146=VERTEX_POINT('',#5147);
#5143=EDGE_CURVE('',#5144,#5146,#5148,.T.);
#5148=LINE('',#5145,#5150);
#5150=VECTOR('',#5151,0.30479999488798);
#5151=DIRECTION('',(0.0,-1.0,0.0));
#5142=ORIENTED_EDGE('',*,*,#5143,.F.);
#5155=CARTESIAN_POINT('',(-1.956,-0.598,0.318));
#5154=VERTEX_POINT('',#5155);
#5153=EDGE_CURVE('',#5154,#5144,#5158,.T.);
#5158=LINE('',#5155,#5160);
#5160=VECTOR('',#5161,0.079375);
#5161=DIRECTION('',(0.0,0.0,-1.0));
#5152=ORIENTED_EDGE('',*,*,#5153,.F.);
#5165=CARTESIAN_POINT('',(-1.956,-0.903,0.318));
#5164=VERTEX_POINT('',#5165);
#5163=EDGE_CURVE('',#5164,#5154,#5168,.T.);
#5168=LINE('',#5165,#5170);
#5170=VECTOR('',#5171,0.30479999488798);
#5171=DIRECTION('',(0.0,1.0,0.0));
#5162=ORIENTED_EDGE('',*,*,#5163,.F.);
#5173=EDGE_CURVE('',#5146,#5164,#5178,.T.);
#5178=LINE('',#5147,#5180);
#5180=VECTOR('',#5181,0.079375);
#5181=DIRECTION('',(0.0,0.0,1.0));
#5172=ORIENTED_EDGE('',*,*,#5173,.F.);
#5182=STYLED_ITEM('',(#34),#5183);
#5183=ADVANCED_FACE('',(#5189),#5184,.T.);
#5184=PLANE('',#5185);
#5185=AXIS2_PLACEMENT_3D('',#5186,#5187,#5188);
#5186=CARTESIAN_POINT('',(-1.956,-0.903,0.318));
#5187=DIRECTION('',(0.0,0.0,1.0));
#5188=DIRECTION('',(0.,1.,0.));
#5189=FACE_OUTER_BOUND('',#5190,.T.);
#5190=EDGE_LOOP('',(#5191,#5201,#5211,#5221));
#5191=ORIENTED_EDGE('',*,*,#5163,.T.);
#5204=CARTESIAN_POINT('',(-2.177,-0.598,0.318));
#5203=VERTEX_POINT('',#5204);
#5202=EDGE_CURVE('',#5203,#5154,#5207,.T.);
#5207=LINE('',#5204,#5209);
#5209=VECTOR('',#5210,0.220881495615771);
#5210=DIRECTION('',(1.0,0.0,0.0));
#5201=ORIENTED_EDGE('',*,*,#5202,.F.);
#5214=CARTESIAN_POINT('',(-2.177,-0.903,0.318));
#5213=VERTEX_POINT('',#5214);
#5212=EDGE_CURVE('',#5213,#5203,#5217,.T.);
#5217=LINE('',#5214,#5219);
#5219=VECTOR('',#5220,0.304799994978664);
#5220=DIRECTION('',(0.0,1.0,0.0));
#5211=ORIENTED_EDGE('',*,*,#5212,.F.);
#5222=EDGE_CURVE('',#5164,#5213,#5227,.T.);
#5227=LINE('',#5165,#5229);
#5229=VECTOR('',#5230,0.220881495615772);
#5230=DIRECTION('',(-1.0,0.0,0.0));
#5221=ORIENTED_EDGE('',*,*,#5222,.F.);
#5231=STYLED_ITEM('',(#34),#5232);
#5232=ADVANCED_FACE('',(#5238),#5233,.T.);
#5233=PLANE('',#5234);
#5234=AXIS2_PLACEMENT_3D('',#5235,#5236,#5237);
#5235=CARTESIAN_POINT('',(-1.956,-0.598,0.238));
#5236=DIRECTION('',(0.0,0.0,-1.0));
#5237=DIRECTION('',(0.,1.,0.));
#5238=FACE_OUTER_BOUND('',#5239,.T.);
#5239=EDGE_LOOP('',(#5240,#5250,#5260,#5270));
#5240=ORIENTED_EDGE('',*,*,#5143,.T.);
#5253=CARTESIAN_POINT('',(-2.177,-0.903,0.238));
#5252=VERTEX_POINT('',#5253);
#5251=EDGE_CURVE('',#5252,#5146,#5256,.T.);
#5256=LINE('',#5253,#5258);
#5258=VECTOR('',#5259,0.220881495615772);
#5259=DIRECTION('',(1.0,0.0,0.0));
#5250=ORIENTED_EDGE('',*,*,#5251,.F.);
#5263=CARTESIAN_POINT('',(-2.177,-0.598,0.238));
#5262=VERTEX_POINT('',#5263);
#5261=EDGE_CURVE('',#5262,#5252,#5266,.T.);
#5266=LINE('',#5263,#5268);
#5268=VECTOR('',#5269,0.304799994978664);
#5269=DIRECTION('',(0.0,-1.0,0.0));
#5260=ORIENTED_EDGE('',*,*,#5261,.F.);
#5271=EDGE_CURVE('',#5144,#5262,#5276,.T.);
#5276=LINE('',#5145,#5278);
#5278=VECTOR('',#5279,0.220881495615771);
#5279=DIRECTION('',(-1.0,0.0,0.0));
#5270=ORIENTED_EDGE('',*,*,#5271,.F.);
#5280=STYLED_ITEM('',(#34),#5281);
#5281=ADVANCED_FACE('',(#5287),#5282,.T.);
#5282=PLANE('',#5283);
#5283=AXIS2_PLACEMENT_3D('',#5284,#5285,#5286);
#5284=CARTESIAN_POINT('',(-2.347,-0.598,0.138));
#5285=DIRECTION('',(-0.966,0.0,0.259));
#5286=DIRECTION('',(0.,0.,1.));
#5287=FACE_OUTER_BOUND('',#5288,.T.);
#5288=EDGE_LOOP('',(#5289,#5299,#5309,#5319));
#5292=CARTESIAN_POINT('',(-2.347,-0.903,0.138));
#5291=VERTEX_POINT('',#5292);
#5294=CARTESIAN_POINT('',(-2.347,-0.598,0.138));
#5293=VERTEX_POINT('',#5294);
#5290=EDGE_CURVE('',#5291,#5293,#5295,.T.);
#5295=LINE('',#5292,#5297);
#5297=VECTOR('',#5298,0.304799995199375);
#5298=DIRECTION('',(0.0,1.0,0.0));
#5289=ORIENTED_EDGE('',*,*,#5290,.F.);
#5302=CARTESIAN_POINT('',(-2.33,-0.903,0.2));
#5301=VERTEX_POINT('',#5302);
#5300=EDGE_CURVE('',#5301,#5291,#5305,.T.);
#5305=LINE('',#5302,#5307);
#5307=VECTOR('',#5308,0.063804620199384);
#5308=DIRECTION('',(-0.259,0.0,-0.966));
#5299=ORIENTED_EDGE('',*,*,#5300,.F.);
#5312=CARTESIAN_POINT('',(-2.33,-0.598,0.2));
#5311=VERTEX_POINT('',#5312);
#5310=EDGE_CURVE('',#5311,#5301,#5315,.T.);
#5315=LINE('',#5312,#5317);
#5317=VECTOR('',#5318,0.304799995163812);
#5318=DIRECTION('',(0.0,-1.0,0.0));
#5309=ORIENTED_EDGE('',*,*,#5310,.F.);
#5320=EDGE_CURVE('',#5293,#5311,#5325,.T.);
#5325=LINE('',#5294,#5327);
#5327=VECTOR('',#5328,0.063804620199384);
#5328=DIRECTION('',(0.259,0.0,0.966));
#5319=ORIENTED_EDGE('',*,*,#5320,.F.);
#5329=STYLED_ITEM('',(#34),#5330);
#5330=ADVANCED_FACE('',(#5336),#5331,.T.);
#5331=PLANE('',#5332);
#5332=AXIS2_PLACEMENT_3D('',#5333,#5334,#5335);
#5333=CARTESIAN_POINT('',(-2.27,-0.903,0.118));
#5334=DIRECTION('',(0.966,0.0,-0.259));
#5335=DIRECTION('',(0.,0.,1.));
#5336=FACE_OUTER_BOUND('',#5337,.T.);
#5337=EDGE_LOOP('',(#5338,#5348,#5358,#5368));
#5341=CARTESIAN_POINT('',(-2.27,-0.598,0.118));
#5340=VERTEX_POINT('',#5341);
#5343=CARTESIAN_POINT('',(-2.27,-0.903,0.118));
#5342=VERTEX_POINT('',#5343);
#5339=EDGE_CURVE('',#5340,#5342,#5344,.T.);
#5344=LINE('',#5341,#5346);
#5346=VECTOR('',#5347,0.304799995067094);
#5347=DIRECTION('',(0.0,-1.0,0.0));
#5338=ORIENTED_EDGE('',*,*,#5339,.F.);
#5351=CARTESIAN_POINT('',(-2.253,-0.598,0.179));
#5350=VERTEX_POINT('',#5351);
#5349=EDGE_CURVE('',#5350,#5340,#5354,.T.);
#5354=LINE('',#5351,#5356);
#5356=VECTOR('',#5357,0.063804620203898);
#5357=DIRECTION('',(-0.259,0.0,-0.966));
#5348=ORIENTED_EDGE('',*,*,#5349,.F.);
#5361=CARTESIAN_POINT('',(-2.253,-0.903,0.179));
#5360=VERTEX_POINT('',#5361);
#5359=EDGE_CURVE('',#5360,#5350,#5364,.T.);
#5364=LINE('',#5361,#5366);
#5366=VECTOR('',#5367,0.304799995047204);
#5367=DIRECTION('',(0.0,1.0,0.0));
#5358=ORIENTED_EDGE('',*,*,#5359,.F.);
#5369=EDGE_CURVE('',#5342,#5360,#5374,.T.);
#5374=LINE('',#5343,#5376);
#5376=VECTOR('',#5377,0.063804620203898);
#5377=DIRECTION('',(0.259,0.0,0.966));
#5368=ORIENTED_EDGE('',*,*,#5369,.F.);
#5378=STYLED_ITEM('',(#34),#5379);
#5379=ADVANCED_FACE('',(#5385),#5380,.T.);
#5380=PLANE('',#5381);
#5381=AXIS2_PLACEMENT_3D('',#5382,#5383,#5384);
#5382=CARTESIAN_POINT('',(-2.644,-0.598,0.079));
#5383=DIRECTION('',(0.0,0.0,1.0));
#5384=DIRECTION('',(0.,1.,0.));
#5385=FACE_OUTER_BOUND('',#5386,.T.);
#5386=EDGE_LOOP('',(#5387,#5397,#5407,#5417));
#5390=CARTESIAN_POINT('',(-2.644,-0.903,0.079));
#5389=VERTEX_POINT('',#5390);
#5392=CARTESIAN_POINT('',(-2.644,-0.598,0.079));
#5391=VERTEX_POINT('',#5392);
#5388=EDGE_CURVE('',#5389,#5391,#5393,.T.);
#5393=LINE('',#5390,#5395);
#5395=VECTOR('',#5396,0.3048);
#5396=DIRECTION('',(0.0,1.0,0.0));
#5387=ORIENTED_EDGE('',*,*,#5388,.F.);
#5400=CARTESIAN_POINT('',(-2.423,-0.903,0.079));
#5399=VERTEX_POINT('',#5400);
#5398=EDGE_CURVE('',#5399,#5389,#5403,.T.);
#5403=LINE('',#5400,#5405);
#5405=VECTOR('',#5406,0.220881493353523);
#5406=DIRECTION('',(-1.0,0.0,0.0));
#5397=ORIENTED_EDGE('',*,*,#5398,.F.);
#5410=CARTESIAN_POINT('',(-2.423,-0.598,0.079));
#5409=VERTEX_POINT('',#5410);
#5408=EDGE_CURVE('',#5409,#5399,#5413,.T.);
#5413=LINE('',#5410,#5415);
#5415=VECTOR('',#5416,0.304799995453006);
#5416=DIRECTION('',(0.0,-1.0,0.0));
#5407=ORIENTED_EDGE('',*,*,#5408,.F.);
#5418=EDGE_CURVE('',#5391,#5409,#5423,.T.);
#5423=LINE('',#5392,#5425);
#5425=VECTOR('',#5426,0.220881493353523);
#5426=DIRECTION('',(1.0,0.0,0.0));
#5417=ORIENTED_EDGE('',*,*,#5418,.F.);
#5427=STYLED_ITEM('',(#34),#5428);
#5428=ADVANCED_FACE('',(#5434),#5429,.T.);
#5429=PLANE('',#5430);
#5430=AXIS2_PLACEMENT_3D('',#5431,#5432,#5433);
#5431=CARTESIAN_POINT('',(-2.423,-0.598,0.0));
#5432=DIRECTION('',(0.0,0.0,-1.0));
#5433=DIRECTION('',(0.,1.,0.));
#5434=FACE_OUTER_BOUND('',#5435,.T.);
#5435=EDGE_LOOP('',(#5436,#5446,#5456,#5466));
#5439=CARTESIAN_POINT('',(-2.423,-0.903,0.0));
#5438=VERTEX_POINT('',#5439);
#5441=CARTESIAN_POINT('',(-2.423,-0.598,0.0));
#5440=VERTEX_POINT('',#5441);
#5437=EDGE_CURVE('',#5438,#5440,#5442,.T.);
#5442=LINE('',#5439,#5444);
#5444=VECTOR('',#5445,0.304799995453006);
#5445=DIRECTION('',(0.0,1.0,0.0));
#5436=ORIENTED_EDGE('',*,*,#5437,.F.);
#5449=CARTESIAN_POINT('',(-2.644,-0.903,0.0));
#5448=VERTEX_POINT('',#5449);
#5447=EDGE_CURVE('',#5448,#5438,#5452,.T.);
#5452=LINE('',#5449,#5454);
#5454=VECTOR('',#5455,0.220881493353523);
#5455=DIRECTION('',(1.0,0.0,0.0));
#5446=ORIENTED_EDGE('',*,*,#5447,.F.);
#5459=CARTESIAN_POINT('',(-2.644,-0.598,0.0));
#5458=VERTEX_POINT('',#5459);
#5457=EDGE_CURVE('',#5458,#5448,#5462,.T.);
#5462=LINE('',#5459,#5464);
#5464=VECTOR('',#5465,0.3048);
#5465=DIRECTION('',(0.0,-1.0,0.0));
#5456=ORIENTED_EDGE('',*,*,#5457,.F.);
#5467=EDGE_CURVE('',#5440,#5458,#5472,.T.);
#5472=LINE('',#5441,#5474);
#5474=VECTOR('',#5475,0.220881493353523);
#5475=DIRECTION('',(-1.0,0.0,0.0));
#5466=ORIENTED_EDGE('',*,*,#5467,.F.);
#5476=STYLED_ITEM('',(#34),#5477);
#5477=ADVANCED_FACE('',(#5483),#5478,.T.);
#5478=PLANE('',#5479);
#5479=AXIS2_PLACEMENT_3D('',#5480,#5481,#5482);
#5480=CARTESIAN_POINT('',(-2.644,-0.598,0.0));
#5481=DIRECTION('',(-1.0,0.0,0.0));
#5482=DIRECTION('',(0.,0.,1.));
#5483=FACE_OUTER_BOUND('',#5484,.T.);
#5484=EDGE_LOOP('',(#5485,#5495,#5505,#5515));
#5485=ORIENTED_EDGE('',*,*,#5457,.T.);
#5496=EDGE_CURVE('',#5389,#5448,#5501,.T.);
#5501=LINE('',#5390,#5503);
#5503=VECTOR('',#5504,0.079375);
#5504=DIRECTION('',(0.0,0.0,-1.0));
#5495=ORIENTED_EDGE('',*,*,#5496,.F.);
#5505=ORIENTED_EDGE('',*,*,#5388,.T.);
#5516=EDGE_CURVE('',#5458,#5391,#5521,.T.);
#5521=LINE('',#5459,#5523);
#5523=VECTOR('',#5524,0.079375);
#5524=DIRECTION('',(0.0,0.0,1.0));
#5515=ORIENTED_EDGE('',*,*,#5516,.F.);
#5525=STYLED_ITEM($,(#34),#5526);
#5526=ADVANCED_FACE($,(#5532),#5527,.T.);
#5527=CYLINDRICAL_SURFACE($,#5528,0.15875);
#5528=AXIS2_PLACEMENT_3D($,#5529,#5530,#5531);
#5529=CARTESIAN_POINT('',(-2.177,-0.903,0.159));
#5530=DIRECTION('',(0.0,-1.0,0.0));
#5531=DIRECTION('',(0.,0.,1.));
#5532=FACE_OUTER_BOUND($,#5533,.T.);
#5533=EDGE_LOOP($,(#5545,#5555,#5566,#5534));
#5545=ORIENTED_EDGE('',*,*,#5212,.T.);
#5556=EDGE_CURVE($,#5311,#5203,#5561,.T.);
#5561=CIRCLE($,#5562,0.15875);
#5563=CARTESIAN_POINT('',(-2.177,-0.598,0.159));
#5562=AXIS2_PLACEMENT_3D($,#5563,#5564,#5565);
#5564=DIRECTION('',(0.0,1.0,0.0));
#5565=DIRECTION('',(0.793,0.0,0.609));
#5555=ORIENTED_EDGE('',*,*,#5556,.F.);
#5566=ORIENTED_EDGE('',*,*,#5310,.T.);
#5535=EDGE_CURVE($,#5213,#5301,#5540,.T.);
#5540=CIRCLE($,#5541,0.15875);
#5542=CARTESIAN_POINT('',(-2.177,-0.903,0.159));
#5541=AXIS2_PLACEMENT_3D($,#5542,#5543,#5544);
#5543=DIRECTION('',(0.0,-1.0,0.0));
#5544=DIRECTION('',(-0.793,0.0,-0.609));
#5534=ORIENTED_EDGE('',*,*,#5535,.F.);
#5576=STYLED_ITEM($,(#34),#5577);
#5577=ADVANCED_FACE($,(#5583),#5578,.F.);
#5578=CYLINDRICAL_SURFACE($,#5579,0.079375);
#5579=AXIS2_PLACEMENT_3D($,#5580,#5581,#5582);
#5580=CARTESIAN_POINT('',(-2.177,-0.598,0.159));
#5581=DIRECTION('',(0.0,-1.0,0.0));
#5582=DIRECTION('',(0.,0.,-1.));
#5583=FACE_OUTER_BOUND($,#5584,.T.);
#5584=EDGE_LOOP($,(#5596,#5606,#5617,#5585));
#5596=ORIENTED_EDGE('',*,*,#5261,.T.);
#5607=EDGE_CURVE($,#5360,#5252,#5612,.T.);
#5612=CIRCLE($,#5613,0.079375);
#5613=AXIS2_PLACEMENT_3D($,#5542,#5615,#5616);
#5615=DIRECTION('',(0.0,1.0,0.0));
#5616=DIRECTION('',(0.793,0.0,0.609));
#5606=ORIENTED_EDGE('',*,*,#5607,.F.);
#5617=ORIENTED_EDGE('',*,*,#5359,.T.);
#5586=EDGE_CURVE($,#5262,#5350,#5591,.T.);
#5591=CIRCLE($,#5592,0.079375);
#5592=AXIS2_PLACEMENT_3D($,#5563,#5594,#5595);
#5594=DIRECTION('',(0.0,-1.0,0.0));
#5595=DIRECTION('',(-0.793,0.0,-0.609));
#5585=ORIENTED_EDGE('',*,*,#5586,.F.);
#5627=STYLED_ITEM($,(#34),#5628);
#5628=ADVANCED_FACE($,(#5634),#5629,.F.);
#5629=CYLINDRICAL_SURFACE($,#5630,0.079375);
#5630=AXIS2_PLACEMENT_3D($,#5631,#5632,#5633);
#5631=CARTESIAN_POINT('',(-2.423,-0.598,0.159));
#5632=DIRECTION('',(0.0,-1.0,0.0));
#5633=DIRECTION('',(0.,0.,1.));
#5634=FACE_OUTER_BOUND($,#5635,.T.);
#5635=EDGE_LOOP($,(#5647,#5657,#5668,#5636));
#5647=ORIENTED_EDGE('',*,*,#5408,.T.);
#5658=EDGE_CURVE($,#5291,#5399,#5663,.T.);
#5663=CIRCLE($,#5664,0.079375);
#5665=CARTESIAN_POINT('',(-2.423,-0.903,0.159));
#5664=AXIS2_PLACEMENT_3D($,#5665,#5666,#5667);
#5666=DIRECTION('',(0.0,1.0,0.0));
#5667=DIRECTION('',(-0.793,0.0,-0.609));
#5657=ORIENTED_EDGE('',*,*,#5658,.F.);
#5668=ORIENTED_EDGE('',*,*,#5290,.T.);
#5637=EDGE_CURVE($,#5409,#5293,#5642,.T.);
#5642=CIRCLE($,#5643,0.079375);
#5644=CARTESIAN_POINT('',(-2.423,-0.598,0.159));
#5643=AXIS2_PLACEMENT_3D($,#5644,#5645,#5646);
#5645=DIRECTION('',(0.0,-1.0,0.0));
#5646=DIRECTION('',(0.793,0.0,0.609));
#5636=ORIENTED_EDGE('',*,*,#5637,.F.);
#5678=STYLED_ITEM($,(#34),#5679);
#5679=ADVANCED_FACE($,(#5685),#5680,.T.);
#5680=CYLINDRICAL_SURFACE($,#5681,0.15875);
#5681=AXIS2_PLACEMENT_3D($,#5682,#5683,#5684);
#5682=CARTESIAN_POINT('',(-2.423,-0.598,0.159));
#5683=DIRECTION('',(0.0,-1.0,0.0));
#5684=DIRECTION('',(0.,0.,-1.));
#5685=FACE_OUTER_BOUND($,#5686,.T.);
#5686=EDGE_LOOP($,(#5698,#5708,#5719,#5687));
#5698=ORIENTED_EDGE('',*,*,#5437,.T.);
#5709=EDGE_CURVE($,#5340,#5440,#5714,.T.);
#5714=CIRCLE($,#5715,0.15875);
#5715=AXIS2_PLACEMENT_3D($,#5644,#5717,#5718);
#5717=DIRECTION('',(0.0,1.0,0.0));
#5718=DIRECTION('',(-0.793,0.0,-0.609));
#5708=ORIENTED_EDGE('',*,*,#5709,.F.);
#5719=ORIENTED_EDGE('',*,*,#5339,.T.);
#5688=EDGE_CURVE($,#5438,#5342,#5693,.T.);
#5693=CIRCLE($,#5694,0.15875);
#5694=AXIS2_PLACEMENT_3D($,#5665,#5696,#5697);
#5696=DIRECTION('',(0.0,-1.0,0.0));
#5697=DIRECTION('',(0.793,0.0,0.609));
#5687=ORIENTED_EDGE('',*,*,#5688,.F.);
#5729=STYLED_ITEM('color',(#34),#5730);
#5730=ADVANCED_FACE($,(#5736),#5731,.T.);
#5731=PLANE($,#5732);
#5732=AXIS2_PLACEMENT_3D($,#5733,#5734,#5735);
#5733=CARTESIAN_POINT('',(-1.956,-0.598,0.238));
#5734=DIRECTION('',(0.0,1.0,0.0));
#5735=DIRECTION('',(1.,0.,0.));
#5736=FACE_OUTER_BOUND($,#5737,.T.);
#5737=EDGE_LOOP($,(#5740, #5750, #5760, #5823, #5834, #5770, #5781, #5791, #5801, #5811, #5844, #5854));
#5740=ORIENTED_EDGE('',*,*,#5202,.T.);
#5750=ORIENTED_EDGE('',*,*,#5153,.T.);
#5760=ORIENTED_EDGE('',*,*,#5271,.T.);
#5823=ORIENTED_EDGE('',*,*,#5586,.T.);
#5834=ORIENTED_EDGE('',*,*,#5349,.T.);
#5770=ORIENTED_EDGE('',*,*,#5709,.T.);
#5781=ORIENTED_EDGE('',*,*,#5467,.T.);
#5791=ORIENTED_EDGE('',*,*,#5516,.T.);
#5801=ORIENTED_EDGE('',*,*,#5418,.T.);
#5811=ORIENTED_EDGE('',*,*,#5637,.T.);
#5844=ORIENTED_EDGE('',*,*,#5320,.T.);
#5854=ORIENTED_EDGE('',*,*,#5556,.T.);
#5865=STYLED_ITEM('color',(#34),#5866);
#5866=ADVANCED_FACE($,(#5872),#5867,.T.);
#5867=PLANE($,#5868);
#5868=AXIS2_PLACEMENT_3D($,#5869,#5870,#5871);
#5869=CARTESIAN_POINT('',(-2.423,-0.903,0.079));
#5870=DIRECTION('',(0.0,-1.0,0.0));
#5871=DIRECTION('',(1.,0.,0.));
#5872=FACE_OUTER_BOUND($,#5873,.T.);
#5873=EDGE_LOOP($,(#5876, #5886, #5896, #5959, #5970, #5906, #5917, #5927, #5937, #5947, #5980, #5990));
#5876=ORIENTED_EDGE('',*,*,#5251,.T.);
#5886=ORIENTED_EDGE('',*,*,#5173,.T.);
#5896=ORIENTED_EDGE('',*,*,#5222,.T.);
#5959=ORIENTED_EDGE('',*,*,#5535,.T.);
#5970=ORIENTED_EDGE('',*,*,#5300,.T.);
#5906=ORIENTED_EDGE('',*,*,#5658,.T.);
#5917=ORIENTED_EDGE('',*,*,#5398,.T.);
#5927=ORIENTED_EDGE('',*,*,#5496,.T.);
#5937=ORIENTED_EDGE('',*,*,#5447,.T.);
#5947=ORIENTED_EDGE('',*,*,#5688,.T.);
#5980=ORIENTED_EDGE('',*,*,#5369,.T.);
#5990=ORIENTED_EDGE('',*,*,#5607,.T.);
#6001=MANIFOLD_SOLID_BREP($,#6002);
#6002=CLOSED_SHELL('',(#6004,#6053,#6102,#6151,#6200,#6249,#6298,#6347,#6396,#6447,#6498,#6549,#6600,#6736));
#6003=STYLED_ITEM('',(#34),#6004);
#6004=ADVANCED_FACE('',(#6010),#6005,.T.);
#6005=PLANE('',#6006);
#6006=AXIS2_PLACEMENT_3D('',#6007,#6008,#6009);
#6007=CARTESIAN_POINT('',(-1.956,-1.403,0.238));
#6008=DIRECTION('',(1.0,0.0,0.0));
#6009=DIRECTION('',(0.,0.,1.));
#6010=FACE_OUTER_BOUND('',#6011,.T.);
#6011=EDGE_LOOP('',(#6012,#6022,#6032,#6042));
#6015=CARTESIAN_POINT('',(-1.956,-1.098,0.238));
#6014=VERTEX_POINT('',#6015);
#6017=CARTESIAN_POINT('',(-1.956,-1.403,0.238));
#6016=VERTEX_POINT('',#6017);
#6013=EDGE_CURVE('',#6014,#6016,#6018,.T.);
#6018=LINE('',#6015,#6020);
#6020=VECTOR('',#6021,0.30479999488798);
#6021=DIRECTION('',(0.0,-1.0,0.0));
#6012=ORIENTED_EDGE('',*,*,#6013,.F.);
#6025=CARTESIAN_POINT('',(-1.956,-1.098,0.318));
#6024=VERTEX_POINT('',#6025);
#6023=EDGE_CURVE('',#6024,#6014,#6028,.T.);
#6028=LINE('',#6025,#6030);
#6030=VECTOR('',#6031,0.079375);
#6031=DIRECTION('',(0.0,0.0,-1.0));
#6022=ORIENTED_EDGE('',*,*,#6023,.F.);
#6035=CARTESIAN_POINT('',(-1.956,-1.403,0.318));
#6034=VERTEX_POINT('',#6035);
#6033=EDGE_CURVE('',#6034,#6024,#6038,.T.);
#6038=LINE('',#6035,#6040);
#6040=VECTOR('',#6041,0.30479999488798);
#6041=DIRECTION('',(0.0,1.0,0.0));
#6032=ORIENTED_EDGE('',*,*,#6033,.F.);
#6043=EDGE_CURVE('',#6016,#6034,#6048,.T.);
#6048=LINE('',#6017,#6050);
#6050=VECTOR('',#6051,0.079375);
#6051=DIRECTION('',(0.0,0.0,1.0));
#6042=ORIENTED_EDGE('',*,*,#6043,.F.);
#6052=STYLED_ITEM('',(#34),#6053);
#6053=ADVANCED_FACE('',(#6059),#6054,.T.);
#6054=PLANE('',#6055);
#6055=AXIS2_PLACEMENT_3D('',#6056,#6057,#6058);
#6056=CARTESIAN_POINT('',(-1.956,-1.403,0.318));
#6057=DIRECTION('',(0.0,0.0,1.0));
#6058=DIRECTION('',(0.,1.,0.));
#6059=FACE_OUTER_BOUND('',#6060,.T.);
#6060=EDGE_LOOP('',(#6061,#6071,#6081,#6091));
#6061=ORIENTED_EDGE('',*,*,#6033,.T.);
#6074=CARTESIAN_POINT('',(-2.177,-1.098,0.318));
#6073=VERTEX_POINT('',#6074);
#6072=EDGE_CURVE('',#6073,#6024,#6077,.T.);
#6077=LINE('',#6074,#6079);
#6079=VECTOR('',#6080,0.220881495615771);
#6080=DIRECTION('',(1.0,0.0,0.0));
#6071=ORIENTED_EDGE('',*,*,#6072,.F.);
#6084=CARTESIAN_POINT('',(-2.177,-1.403,0.318));
#6083=VERTEX_POINT('',#6084);
#6082=EDGE_CURVE('',#6083,#6073,#6087,.T.);
#6087=LINE('',#6084,#6089);
#6089=VECTOR('',#6090,0.304799994978664);
#6090=DIRECTION('',(0.0,1.0,0.0));
#6081=ORIENTED_EDGE('',*,*,#6082,.F.);
#6092=EDGE_CURVE('',#6034,#6083,#6097,.T.);
#6097=LINE('',#6035,#6099);
#6099=VECTOR('',#6100,0.220881495615772);
#6100=DIRECTION('',(-1.0,0.0,0.0));
#6091=ORIENTED_EDGE('',*,*,#6092,.F.);
#6101=STYLED_ITEM('',(#34),#6102);
#6102=ADVANCED_FACE('',(#6108),#6103,.T.);
#6103=PLANE('',#6104);
#6104=AXIS2_PLACEMENT_3D('',#6105,#6106,#6107);
#6105=CARTESIAN_POINT('',(-1.956,-1.098,0.238));
#6106=DIRECTION('',(0.0,0.0,-1.0));
#6107=DIRECTION('',(0.,1.,0.));
#6108=FACE_OUTER_BOUND('',#6109,.T.);
#6109=EDGE_LOOP('',(#6110,#6120,#6130,#6140));
#6110=ORIENTED_EDGE('',*,*,#6013,.T.);
#6123=CARTESIAN_POINT('',(-2.177,-1.403,0.238));
#6122=VERTEX_POINT('',#6123);
#6121=EDGE_CURVE('',#6122,#6016,#6126,.T.);
#6126=LINE('',#6123,#6128);
#6128=VECTOR('',#6129,0.220881495615772);
#6129=DIRECTION('',(1.0,0.0,0.0));
#6120=ORIENTED_EDGE('',*,*,#6121,.F.);
#6133=CARTESIAN_POINT('',(-2.177,-1.098,0.238));
#6132=VERTEX_POINT('',#6133);
#6131=EDGE_CURVE('',#6132,#6122,#6136,.T.);
#6136=LINE('',#6133,#6138);
#6138=VECTOR('',#6139,0.304799994978664);
#6139=DIRECTION('',(0.0,-1.0,0.0));
#6130=ORIENTED_EDGE('',*,*,#6131,.F.);
#6141=EDGE_CURVE('',#6014,#6132,#6146,.T.);
#6146=LINE('',#6015,#6148);
#6148=VECTOR('',#6149,0.220881495615771);
#6149=DIRECTION('',(-1.0,0.0,0.0));
#6140=ORIENTED_EDGE('',*,*,#6141,.F.);
#6150=STYLED_ITEM('',(#34),#6151);
#6151=ADVANCED_FACE('',(#6157),#6152,.T.);
#6152=PLANE('',#6153);
#6153=AXIS2_PLACEMENT_3D('',#6154,#6155,#6156);
#6154=CARTESIAN_POINT('',(-2.347,-1.098,0.138));
#6155=DIRECTION('',(-0.966,0.0,0.259));
#6156=DIRECTION('',(0.,0.,1.));
#6157=FACE_OUTER_BOUND('',#6158,.T.);
#6158=EDGE_LOOP('',(#6159,#6169,#6179,#6189));
#6162=CARTESIAN_POINT('',(-2.347,-1.403,0.138));
#6161=VERTEX_POINT('',#6162);
#6164=CARTESIAN_POINT('',(-2.347,-1.098,0.138));
#6163=VERTEX_POINT('',#6164);
#6160=EDGE_CURVE('',#6161,#6163,#6165,.T.);
#6165=LINE('',#6162,#6167);
#6167=VECTOR('',#6168,0.304799995199375);
#6168=DIRECTION('',(0.0,1.0,0.0));
#6159=ORIENTED_EDGE('',*,*,#6160,.F.);
#6172=CARTESIAN_POINT('',(-2.33,-1.403,0.2));
#6171=VERTEX_POINT('',#6172);
#6170=EDGE_CURVE('',#6171,#6161,#6175,.T.);
#6175=LINE('',#6172,#6177);
#6177=VECTOR('',#6178,0.063804620199384);
#6178=DIRECTION('',(-0.259,0.0,-0.966));
#6169=ORIENTED_EDGE('',*,*,#6170,.F.);
#6182=CARTESIAN_POINT('',(-2.33,-1.098,0.2));
#6181=VERTEX_POINT('',#6182);
#6180=EDGE_CURVE('',#6181,#6171,#6185,.T.);
#6185=LINE('',#6182,#6187);
#6187=VECTOR('',#6188,0.304799995163812);
#6188=DIRECTION('',(0.0,-1.0,0.0));
#6179=ORIENTED_EDGE('',*,*,#6180,.F.);
#6190=EDGE_CURVE('',#6163,#6181,#6195,.T.);
#6195=LINE('',#6164,#6197);
#6197=VECTOR('',#6198,0.063804620199384);
#6198=DIRECTION('',(0.259,0.0,0.966));
#6189=ORIENTED_EDGE('',*,*,#6190,.F.);
#6199=STYLED_ITEM('',(#34),#6200);
#6200=ADVANCED_FACE('',(#6206),#6201,.T.);
#6201=PLANE('',#6202);
#6202=AXIS2_PLACEMENT_3D('',#6203,#6204,#6205);
#6203=CARTESIAN_POINT('',(-2.27,-1.403,0.118));
#6204=DIRECTION('',(0.966,0.0,-0.259));
#6205=DIRECTION('',(0.,0.,1.));
#6206=FACE_OUTER_BOUND('',#6207,.T.);
#6207=EDGE_LOOP('',(#6208,#6218,#6228,#6238));
#6211=CARTESIAN_POINT('',(-2.27,-1.098,0.118));
#6210=VERTEX_POINT('',#6211);
#6213=CARTESIAN_POINT('',(-2.27,-1.403,0.118));
#6212=VERTEX_POINT('',#6213);
#6209=EDGE_CURVE('',#6210,#6212,#6214,.T.);
#6214=LINE('',#6211,#6216);
#6216=VECTOR('',#6217,0.304799995067094);
#6217=DIRECTION('',(0.0,-1.0,0.0));
#6208=ORIENTED_EDGE('',*,*,#6209,.F.);
#6221=CARTESIAN_POINT('',(-2.253,-1.098,0.179));
#6220=VERTEX_POINT('',#6221);
#6219=EDGE_CURVE('',#6220,#6210,#6224,.T.);
#6224=LINE('',#6221,#6226);
#6226=VECTOR('',#6227,0.063804620203898);
#6227=DIRECTION('',(-0.259,0.0,-0.966));
#6218=ORIENTED_EDGE('',*,*,#6219,.F.);
#6231=CARTESIAN_POINT('',(-2.253,-1.403,0.179));
#6230=VERTEX_POINT('',#6231);
#6229=EDGE_CURVE('',#6230,#6220,#6234,.T.);
#6234=LINE('',#6231,#6236);
#6236=VECTOR('',#6237,0.304799995047204);
#6237=DIRECTION('',(0.0,1.0,0.0));
#6228=ORIENTED_EDGE('',*,*,#6229,.F.);
#6239=EDGE_CURVE('',#6212,#6230,#6244,.T.);
#6244=LINE('',#6213,#6246);
#6246=VECTOR('',#6247,0.063804620203898);
#6247=DIRECTION('',(0.259,0.0,0.966));
#6238=ORIENTED_EDGE('',*,*,#6239,.F.);
#6248=STYLED_ITEM('',(#34),#6249);
#6249=ADVANCED_FACE('',(#6255),#6250,.T.);
#6250=PLANE('',#6251);
#6251=AXIS2_PLACEMENT_3D('',#6252,#6253,#6254);
#6252=CARTESIAN_POINT('',(-2.644,-1.098,0.079));
#6253=DIRECTION('',(0.0,0.0,1.0));
#6254=DIRECTION('',(0.,1.,0.));
#6255=FACE_OUTER_BOUND('',#6256,.T.);
#6256=EDGE_LOOP('',(#6257,#6267,#6277,#6287));
#6260=CARTESIAN_POINT('',(-2.644,-1.403,0.079));
#6259=VERTEX_POINT('',#6260);
#6262=CARTESIAN_POINT('',(-2.644,-1.098,0.079));
#6261=VERTEX_POINT('',#6262);
#6258=EDGE_CURVE('',#6259,#6261,#6263,.T.);
#6263=LINE('',#6260,#6265);
#6265=VECTOR('',#6266,0.3048);
#6266=DIRECTION('',(0.0,1.0,0.0));
#6257=ORIENTED_EDGE('',*,*,#6258,.F.);
#6270=CARTESIAN_POINT('',(-2.423,-1.403,0.079));
#6269=VERTEX_POINT('',#6270);
#6268=EDGE_CURVE('',#6269,#6259,#6273,.T.);
#6273=LINE('',#6270,#6275);
#6275=VECTOR('',#6276,0.220881493353523);
#6276=DIRECTION('',(-1.0,0.0,0.0));
#6267=ORIENTED_EDGE('',*,*,#6268,.F.);
#6280=CARTESIAN_POINT('',(-2.423,-1.098,0.079));
#6279=VERTEX_POINT('',#6280);
#6278=EDGE_CURVE('',#6279,#6269,#6283,.T.);
#6283=LINE('',#6280,#6285);
#6285=VECTOR('',#6286,0.304799995453006);
#6286=DIRECTION('',(0.0,-1.0,0.0));
#6277=ORIENTED_EDGE('',*,*,#6278,.F.);
#6288=EDGE_CURVE('',#6261,#6279,#6293,.T.);
#6293=LINE('',#6262,#6295);
#6295=VECTOR('',#6296,0.220881493353523);
#6296=DIRECTION('',(1.0,0.0,0.0));
#6287=ORIENTED_EDGE('',*,*,#6288,.F.);
#6297=STYLED_ITEM('',(#34),#6298);
#6298=ADVANCED_FACE('',(#6304),#6299,.T.);
#6299=PLANE('',#6300);
#6300=AXIS2_PLACEMENT_3D('',#6301,#6302,#6303);
#6301=CARTESIAN_POINT('',(-2.423,-1.098,0.0));
#6302=DIRECTION('',(0.0,0.0,-1.0));
#6303=DIRECTION('',(0.,1.,0.));
#6304=FACE_OUTER_BOUND('',#6305,.T.);
#6305=EDGE_LOOP('',(#6306,#6316,#6326,#6336));
#6309=CARTESIAN_POINT('',(-2.423,-1.403,0.0));
#6308=VERTEX_POINT('',#6309);
#6311=CARTESIAN_POINT('',(-2.423,-1.098,0.0));
#6310=VERTEX_POINT('',#6311);
#6307=EDGE_CURVE('',#6308,#6310,#6312,.T.);
#6312=LINE('',#6309,#6314);
#6314=VECTOR('',#6315,0.304799995453006);
#6315=DIRECTION('',(0.0,1.0,0.0));
#6306=ORIENTED_EDGE('',*,*,#6307,.F.);
#6319=CARTESIAN_POINT('',(-2.644,-1.403,0.0));
#6318=VERTEX_POINT('',#6319);
#6317=EDGE_CURVE('',#6318,#6308,#6322,.T.);
#6322=LINE('',#6319,#6324);
#6324=VECTOR('',#6325,0.220881493353523);
#6325=DIRECTION('',(1.0,0.0,0.0));
#6316=ORIENTED_EDGE('',*,*,#6317,.F.);
#6329=CARTESIAN_POINT('',(-2.644,-1.098,0.0));
#6328=VERTEX_POINT('',#6329);
#6327=EDGE_CURVE('',#6328,#6318,#6332,.T.);
#6332=LINE('',#6329,#6334);
#6334=VECTOR('',#6335,0.3048);
#6335=DIRECTION('',(0.0,-1.0,0.0));
#6326=ORIENTED_EDGE('',*,*,#6327,.F.);
#6337=EDGE_CURVE('',#6310,#6328,#6342,.T.);
#6342=LINE('',#6311,#6344);
#6344=VECTOR('',#6345,0.220881493353523);
#6345=DIRECTION('',(-1.0,0.0,0.0));
#6336=ORIENTED_EDGE('',*,*,#6337,.F.);
#6346=STYLED_ITEM('',(#34),#6347);
#6347=ADVANCED_FACE('',(#6353),#6348,.T.);
#6348=PLANE('',#6349);
#6349=AXIS2_PLACEMENT_3D('',#6350,#6351,#6352);
#6350=CARTESIAN_POINT('',(-2.644,-1.098,0.0));
#6351=DIRECTION('',(-1.0,0.0,0.0));
#6352=DIRECTION('',(0.,0.,1.));
#6353=FACE_OUTER_BOUND('',#6354,.T.);
#6354=EDGE_LOOP('',(#6355,#6365,#6375,#6385));
#6355=ORIENTED_EDGE('',*,*,#6327,.T.);
#6366=EDGE_CURVE('',#6259,#6318,#6371,.T.);
#6371=LINE('',#6260,#6373);
#6373=VECTOR('',#6374,0.079375);
#6374=DIRECTION('',(0.0,0.0,-1.0));
#6365=ORIENTED_EDGE('',*,*,#6366,.F.);
#6375=ORIENTED_EDGE('',*,*,#6258,.T.);
#6386=EDGE_CURVE('',#6328,#6261,#6391,.T.);
#6391=LINE('',#6329,#6393);
#6393=VECTOR('',#6394,0.079375);
#6394=DIRECTION('',(0.0,0.0,1.0));
#6385=ORIENTED_EDGE('',*,*,#6386,.F.);
#6395=STYLED_ITEM($,(#34),#6396);
#6396=ADVANCED_FACE($,(#6402),#6397,.T.);
#6397=CYLINDRICAL_SURFACE($,#6398,0.15875);
#6398=AXIS2_PLACEMENT_3D($,#6399,#6400,#6401);
#6399=CARTESIAN_POINT('',(-2.177,-1.403,0.159));
#6400=DIRECTION('',(0.0,-1.0,0.0));
#6401=DIRECTION('',(0.,0.,1.));
#6402=FACE_OUTER_BOUND($,#6403,.T.);
#6403=EDGE_LOOP($,(#6415,#6425,#6436,#6404));
#6415=ORIENTED_EDGE('',*,*,#6082,.T.);
#6426=EDGE_CURVE($,#6181,#6073,#6431,.T.);
#6431=CIRCLE($,#6432,0.15875);
#6433=CARTESIAN_POINT('',(-2.177,-1.098,0.159));
#6432=AXIS2_PLACEMENT_3D($,#6433,#6434,#6435);
#6434=DIRECTION('',(0.0,1.0,0.0));
#6435=DIRECTION('',(0.793,0.0,0.609));
#6425=ORIENTED_EDGE('',*,*,#6426,.F.);
#6436=ORIENTED_EDGE('',*,*,#6180,.T.);
#6405=EDGE_CURVE($,#6083,#6171,#6410,.T.);
#6410=CIRCLE($,#6411,0.15875);
#6412=CARTESIAN_POINT('',(-2.177,-1.403,0.159));
#6411=AXIS2_PLACEMENT_3D($,#6412,#6413,#6414);
#6413=DIRECTION('',(0.0,-1.0,0.0));
#6414=DIRECTION('',(-0.793,0.0,-0.609));
#6404=ORIENTED_EDGE('',*,*,#6405,.F.);
#6446=STYLED_ITEM($,(#34),#6447);
#6447=ADVANCED_FACE($,(#6453),#6448,.F.);
#6448=CYLINDRICAL_SURFACE($,#6449,0.079375);
#6449=AXIS2_PLACEMENT_3D($,#6450,#6451,#6452);
#6450=CARTESIAN_POINT('',(-2.177,-1.098,0.159));
#6451=DIRECTION('',(0.0,-1.0,0.0));
#6452=DIRECTION('',(0.,0.,-1.));
#6453=FACE_OUTER_BOUND($,#6454,.T.);
#6454=EDGE_LOOP($,(#6466,#6476,#6487,#6455));
#6466=ORIENTED_EDGE('',*,*,#6131,.T.);
#6477=EDGE_CURVE($,#6230,#6122,#6482,.T.);
#6482=CIRCLE($,#6483,0.079375);
#6483=AXIS2_PLACEMENT_3D($,#6412,#6485,#6486);
#6485=DIRECTION('',(0.0,1.0,0.0));
#6486=DIRECTION('',(0.793,0.0,0.609));
#6476=ORIENTED_EDGE('',*,*,#6477,.F.);
#6487=ORIENTED_EDGE('',*,*,#6229,.T.);
#6456=EDGE_CURVE($,#6132,#6220,#6461,.T.);
#6461=CIRCLE($,#6462,0.079375);
#6462=AXIS2_PLACEMENT_3D($,#6433,#6464,#6465);
#6464=DIRECTION('',(0.0,-1.0,0.0));
#6465=DIRECTION('',(-0.793,0.0,-0.609));
#6455=ORIENTED_EDGE('',*,*,#6456,.F.);
#6497=STYLED_ITEM($,(#34),#6498);
#6498=ADVANCED_FACE($,(#6504),#6499,.F.);
#6499=CYLINDRICAL_SURFACE($,#6500,0.079375);
#6500=AXIS2_PLACEMENT_3D($,#6501,#6502,#6503);
#6501=CARTESIAN_POINT('',(-2.423,-1.098,0.159));
#6502=DIRECTION('',(0.0,-1.0,0.0));
#6503=DIRECTION('',(0.,0.,1.));
#6504=FACE_OUTER_BOUND($,#6505,.T.);
#6505=EDGE_LOOP($,(#6517,#6527,#6538,#6506));
#6517=ORIENTED_EDGE('',*,*,#6278,.T.);
#6528=EDGE_CURVE($,#6161,#6269,#6533,.T.);
#6533=CIRCLE($,#6534,0.079375);
#6535=CARTESIAN_POINT('',(-2.423,-1.403,0.159));
#6534=AXIS2_PLACEMENT_3D($,#6535,#6536,#6537);
#6536=DIRECTION('',(0.0,1.0,0.0));
#6537=DIRECTION('',(-0.793,0.0,-0.609));
#6527=ORIENTED_EDGE('',*,*,#6528,.F.);
#6538=ORIENTED_EDGE('',*,*,#6160,.T.);
#6507=EDGE_CURVE($,#6279,#6163,#6512,.T.);
#6512=CIRCLE($,#6513,0.079375);
#6514=CARTESIAN_POINT('',(-2.423,-1.098,0.159));
#6513=AXIS2_PLACEMENT_3D($,#6514,#6515,#6516);
#6515=DIRECTION('',(0.0,-1.0,0.0));
#6516=DIRECTION('',(0.793,0.0,0.609));
#6506=ORIENTED_EDGE('',*,*,#6507,.F.);
#6548=STYLED_ITEM($,(#34),#6549);
#6549=ADVANCED_FACE($,(#6555),#6550,.T.);
#6550=CYLINDRICAL_SURFACE($,#6551,0.15875);
#6551=AXIS2_PLACEMENT_3D($,#6552,#6553,#6554);
#6552=CARTESIAN_POINT('',(-2.423,-1.098,0.159));
#6553=DIRECTION('',(0.0,-1.0,0.0));
#6554=DIRECTION('',(0.,0.,-1.));
#6555=FACE_OUTER_BOUND($,#6556,.T.);
#6556=EDGE_LOOP($,(#6568,#6578,#6589,#6557));
#6568=ORIENTED_EDGE('',*,*,#6307,.T.);
#6579=EDGE_CURVE($,#6210,#6310,#6584,.T.);
#6584=CIRCLE($,#6585,0.15875);
#6585=AXIS2_PLACEMENT_3D($,#6514,#6587,#6588);
#6587=DIRECTION('',(0.0,1.0,0.0));
#6588=DIRECTION('',(-0.793,0.0,-0.609));
#6578=ORIENTED_EDGE('',*,*,#6579,.F.);
#6589=ORIENTED_EDGE('',*,*,#6209,.T.);
#6558=EDGE_CURVE($,#6308,#6212,#6563,.T.);
#6563=CIRCLE($,#6564,0.15875);
#6564=AXIS2_PLACEMENT_3D($,#6535,#6566,#6567);
#6566=DIRECTION('',(0.0,-1.0,0.0));
#6567=DIRECTION('',(0.793,0.0,0.609));
#6557=ORIENTED_EDGE('',*,*,#6558,.F.);
#6599=STYLED_ITEM('color',(#34),#6600);
#6600=ADVANCED_FACE($,(#6606),#6601,.T.);
#6601=PLANE($,#6602);
#6602=AXIS2_PLACEMENT_3D($,#6603,#6604,#6605);
#6603=CARTESIAN_POINT('',(-1.956,-1.098,0.238));
#6604=DIRECTION('',(0.0,1.0,0.0));
#6605=DIRECTION('',(1.,0.,0.));
#6606=FACE_OUTER_BOUND($,#6607,.T.);
#6607=EDGE_LOOP($,(#6610, #6620, #6630, #6693, #6704, #6640, #6651, #6661, #6671, #6681, #6714, #6724));
#6610=ORIENTED_EDGE('',*,*,#6072,.T.);
#6620=ORIENTED_EDGE('',*,*,#6023,.T.);
#6630=ORIENTED_EDGE('',*,*,#6141,.T.);
#6693=ORIENTED_EDGE('',*,*,#6456,.T.);
#6704=ORIENTED_EDGE('',*,*,#6219,.T.);
#6640=ORIENTED_EDGE('',*,*,#6579,.T.);
#6651=ORIENTED_EDGE('',*,*,#6337,.T.);
#6661=ORIENTED_EDGE('',*,*,#6386,.T.);
#6671=ORIENTED_EDGE('',*,*,#6288,.T.);
#6681=ORIENTED_EDGE('',*,*,#6507,.T.);
#6714=ORIENTED_EDGE('',*,*,#6190,.T.);
#6724=ORIENTED_EDGE('',*,*,#6426,.T.);
#6735=STYLED_ITEM('color',(#34),#6736);
#6736=ADVANCED_FACE($,(#6742),#6737,.T.);
#6737=PLANE($,#6738);
#6738=AXIS2_PLACEMENT_3D($,#6739,#6740,#6741);
#6739=CARTESIAN_POINT('',(-2.423,-1.403,0.079));
#6740=DIRECTION('',(0.0,-1.0,0.0));
#6741=DIRECTION('',(1.,0.,0.));
#6742=FACE_OUTER_BOUND($,#6743,.T.);
#6743=EDGE_LOOP($,(#6746, #6756, #6766, #6829, #6840, #6776, #6787, #6797, #6807, #6817, #6850, #6860));
#6746=ORIENTED_EDGE('',*,*,#6121,.T.);
#6756=ORIENTED_EDGE('',*,*,#6043,.T.);
#6766=ORIENTED_EDGE('',*,*,#6092,.T.);
#6829=ORIENTED_EDGE('',*,*,#6405,.T.);
#6840=ORIENTED_EDGE('',*,*,#6170,.T.);
#6776=ORIENTED_EDGE('',*,*,#6528,.T.);
#6787=ORIENTED_EDGE('',*,*,#6268,.T.);
#6797=ORIENTED_EDGE('',*,*,#6366,.T.);
#6807=ORIENTED_EDGE('',*,*,#6317,.T.);
#6817=ORIENTED_EDGE('',*,*,#6558,.T.);
#6850=ORIENTED_EDGE('',*,*,#6239,.T.);
#6860=ORIENTED_EDGE('',*,*,#6477,.T.);
#6871=MANIFOLD_SOLID_BREP($,#6872);
#6872=CLOSED_SHELL('',(#6874,#6923,#6972,#7021,#7070,#7119,#7168,#7217,#7266,#7317,#7368,#7419,#7470,#7606));
#6873=STYLED_ITEM('',(#34),#6874);
#6874=ADVANCED_FACE('',(#6880),#6875,.T.);
#6875=PLANE('',#6876);
#6876=AXIS2_PLACEMENT_3D('',#6877,#6878,#6879);
#6877=CARTESIAN_POINT('',(-1.956,-1.903,0.238));
#6878=DIRECTION('',(1.0,0.0,0.0));
#6879=DIRECTION('',(0.,0.,1.));
#6880=FACE_OUTER_BOUND('',#6881,.T.);
#6881=EDGE_LOOP('',(#6882,#6892,#6902,#6912));
#6885=CARTESIAN_POINT('',(-1.956,-1.598,0.238));
#6884=VERTEX_POINT('',#6885);
#6887=CARTESIAN_POINT('',(-1.956,-1.903,0.238));
#6886=VERTEX_POINT('',#6887);
#6883=EDGE_CURVE('',#6884,#6886,#6888,.T.);
#6888=LINE('',#6885,#6890);
#6890=VECTOR('',#6891,0.304799994887979);
#6891=DIRECTION('',(0.0,-1.0,0.0));
#6882=ORIENTED_EDGE('',*,*,#6883,.F.);
#6895=CARTESIAN_POINT('',(-1.956,-1.598,0.318));
#6894=VERTEX_POINT('',#6895);
#6893=EDGE_CURVE('',#6894,#6884,#6898,.T.);
#6898=LINE('',#6895,#6900);
#6900=VECTOR('',#6901,0.079375);
#6901=DIRECTION('',(0.0,0.0,-1.0));
#6892=ORIENTED_EDGE('',*,*,#6893,.F.);
#6905=CARTESIAN_POINT('',(-1.956,-1.903,0.318));
#6904=VERTEX_POINT('',#6905);
#6903=EDGE_CURVE('',#6904,#6894,#6908,.T.);
#6908=LINE('',#6905,#6910);
#6910=VECTOR('',#6911,0.304799994887979);
#6911=DIRECTION('',(0.0,1.0,0.0));
#6902=ORIENTED_EDGE('',*,*,#6903,.F.);
#6913=EDGE_CURVE('',#6886,#6904,#6918,.T.);
#6918=LINE('',#6887,#6920);
#6920=VECTOR('',#6921,0.079375);
#6921=DIRECTION('',(0.0,0.0,1.0));
#6912=ORIENTED_EDGE('',*,*,#6913,.F.);
#6922=STYLED_ITEM('',(#34),#6923);
#6923=ADVANCED_FACE('',(#6929),#6924,.T.);
#6924=PLANE('',#6925);
#6925=AXIS2_PLACEMENT_3D('',#6926,#6927,#6928);
#6926=CARTESIAN_POINT('',(-1.956,-1.903,0.318));
#6927=DIRECTION('',(0.0,0.0,1.0));
#6928=DIRECTION('',(0.,1.,0.));
#6929=FACE_OUTER_BOUND('',#6930,.T.);
#6930=EDGE_LOOP('',(#6931,#6941,#6951,#6961));
#6931=ORIENTED_EDGE('',*,*,#6903,.T.);
#6944=CARTESIAN_POINT('',(-2.177,-1.598,0.318));
#6943=VERTEX_POINT('',#6944);
#6942=EDGE_CURVE('',#6943,#6894,#6947,.T.);
#6947=LINE('',#6944,#6949);
#6949=VECTOR('',#6950,0.220881495615771);
#6950=DIRECTION('',(1.0,0.0,0.0));
#6941=ORIENTED_EDGE('',*,*,#6942,.F.);
#6954=CARTESIAN_POINT('',(-2.177,-1.903,0.318));
#6953=VERTEX_POINT('',#6954);
#6952=EDGE_CURVE('',#6953,#6943,#6957,.T.);
#6957=LINE('',#6954,#6959);
#6959=VECTOR('',#6960,0.304799994978664);
#6960=DIRECTION('',(0.0,1.0,0.0));
#6951=ORIENTED_EDGE('',*,*,#6952,.F.);
#6962=EDGE_CURVE('',#6904,#6953,#6967,.T.);
#6967=LINE('',#6905,#6969);
#6969=VECTOR('',#6970,0.220881495615772);
#6970=DIRECTION('',(-1.0,0.0,0.0));
#6961=ORIENTED_EDGE('',*,*,#6962,.F.);
#6971=STYLED_ITEM('',(#34),#6972);
#6972=ADVANCED_FACE('',(#6978),#6973,.T.);
#6973=PLANE('',#6974);
#6974=AXIS2_PLACEMENT_3D('',#6975,#6976,#6977);
#6975=CARTESIAN_POINT('',(-1.956,-1.598,0.238));
#6976=DIRECTION('',(0.0,0.0,-1.0));
#6977=DIRECTION('',(0.,1.,0.));
#6978=FACE_OUTER_BOUND('',#6979,.T.);
#6979=EDGE_LOOP('',(#6980,#6990,#7000,#7010));
#6980=ORIENTED_EDGE('',*,*,#6883,.T.);
#6993=CARTESIAN_POINT('',(-2.177,-1.903,0.238));
#6992=VERTEX_POINT('',#6993);
#6991=EDGE_CURVE('',#6992,#6886,#6996,.T.);
#6996=LINE('',#6993,#6998);
#6998=VECTOR('',#6999,0.220881495615772);
#6999=DIRECTION('',(1.0,0.0,0.0));
#6990=ORIENTED_EDGE('',*,*,#6991,.F.);
#7003=CARTESIAN_POINT('',(-2.177,-1.598,0.238));
#7002=VERTEX_POINT('',#7003);
#7001=EDGE_CURVE('',#7002,#6992,#7006,.T.);
#7006=LINE('',#7003,#7008);
#7008=VECTOR('',#7009,0.304799994978664);
#7009=DIRECTION('',(0.0,-1.0,0.0));
#7000=ORIENTED_EDGE('',*,*,#7001,.F.);
#7011=EDGE_CURVE('',#6884,#7002,#7016,.T.);
#7016=LINE('',#6885,#7018);
#7018=VECTOR('',#7019,0.220881495615771);
#7019=DIRECTION('',(-1.0,0.0,0.0));
#7010=ORIENTED_EDGE('',*,*,#7011,.F.);
#7020=STYLED_ITEM('',(#34),#7021);
#7021=ADVANCED_FACE('',(#7027),#7022,.T.);
#7022=PLANE('',#7023);
#7023=AXIS2_PLACEMENT_3D('',#7024,#7025,#7026);
#7024=CARTESIAN_POINT('',(-2.347,-1.598,0.138));
#7025=DIRECTION('',(-0.966,0.0,0.259));
#7026=DIRECTION('',(0.,0.,1.));
#7027=FACE_OUTER_BOUND('',#7028,.T.);
#7028=EDGE_LOOP('',(#7029,#7039,#7049,#7059));
#7032=CARTESIAN_POINT('',(-2.347,-1.903,0.138));
#7031=VERTEX_POINT('',#7032);
#7034=CARTESIAN_POINT('',(-2.347,-1.598,0.138));
#7033=VERTEX_POINT('',#7034);
#7030=EDGE_CURVE('',#7031,#7033,#7035,.T.);
#7035=LINE('',#7032,#7037);
#7037=VECTOR('',#7038,0.304799995199375);
#7038=DIRECTION('',(0.0,1.0,0.0));
#7029=ORIENTED_EDGE('',*,*,#7030,.F.);
#7042=CARTESIAN_POINT('',(-2.33,-1.903,0.2));
#7041=VERTEX_POINT('',#7042);
#7040=EDGE_CURVE('',#7041,#7031,#7045,.T.);
#7045=LINE('',#7042,#7047);
#7047=VECTOR('',#7048,0.063804620199384);
#7048=DIRECTION('',(-0.259,0.0,-0.966));
#7039=ORIENTED_EDGE('',*,*,#7040,.F.);
#7052=CARTESIAN_POINT('',(-2.33,-1.598,0.2));
#7051=VERTEX_POINT('',#7052);
#7050=EDGE_CURVE('',#7051,#7041,#7055,.T.);
#7055=LINE('',#7052,#7057);
#7057=VECTOR('',#7058,0.304799995163811);
#7058=DIRECTION('',(0.0,-1.0,0.0));
#7049=ORIENTED_EDGE('',*,*,#7050,.F.);
#7060=EDGE_CURVE('',#7033,#7051,#7065,.T.);
#7065=LINE('',#7034,#7067);
#7067=VECTOR('',#7068,0.063804620199384);
#7068=DIRECTION('',(0.259,0.0,0.966));
#7059=ORIENTED_EDGE('',*,*,#7060,.F.);
#7069=STYLED_ITEM('',(#34),#7070);
#7070=ADVANCED_FACE('',(#7076),#7071,.T.);
#7071=PLANE('',#7072);
#7072=AXIS2_PLACEMENT_3D('',#7073,#7074,#7075);
#7073=CARTESIAN_POINT('',(-2.27,-1.903,0.118));
#7074=DIRECTION('',(0.966,0.0,-0.259));
#7075=DIRECTION('',(0.,0.,1.));
#7076=FACE_OUTER_BOUND('',#7077,.T.);
#7077=EDGE_LOOP('',(#7078,#7088,#7098,#7108));
#7081=CARTESIAN_POINT('',(-2.27,-1.598,0.118));
#7080=VERTEX_POINT('',#7081);
#7083=CARTESIAN_POINT('',(-2.27,-1.903,0.118));
#7082=VERTEX_POINT('',#7083);
#7079=EDGE_CURVE('',#7080,#7082,#7084,.T.);
#7084=LINE('',#7081,#7086);
#7086=VECTOR('',#7087,0.304799995067094);
#7087=DIRECTION('',(0.0,-1.0,0.0));
#7078=ORIENTED_EDGE('',*,*,#7079,.F.);
#7091=CARTESIAN_POINT('',(-2.253,-1.598,0.179));
#7090=VERTEX_POINT('',#7091);
#7089=EDGE_CURVE('',#7090,#7080,#7094,.T.);
#7094=LINE('',#7091,#7096);
#7096=VECTOR('',#7097,0.063804620203898);
#7097=DIRECTION('',(-0.259,0.0,-0.966));
#7088=ORIENTED_EDGE('',*,*,#7089,.F.);
#7101=CARTESIAN_POINT('',(-2.253,-1.903,0.179));
#7100=VERTEX_POINT('',#7101);
#7099=EDGE_CURVE('',#7100,#7090,#7104,.T.);
#7104=LINE('',#7101,#7106);
#7106=VECTOR('',#7107,0.304799995047204);
#7107=DIRECTION('',(0.0,1.0,0.0));
#7098=ORIENTED_EDGE('',*,*,#7099,.F.);
#7109=EDGE_CURVE('',#7082,#7100,#7114,.T.);
#7114=LINE('',#7083,#7116);
#7116=VECTOR('',#7117,0.063804620203898);
#7117=DIRECTION('',(0.259,0.0,0.966));
#7108=ORIENTED_EDGE('',*,*,#7109,.F.);
#7118=STYLED_ITEM('',(#34),#7119);
#7119=ADVANCED_FACE('',(#7125),#7120,.T.);
#7120=PLANE('',#7121);
#7121=AXIS2_PLACEMENT_3D('',#7122,#7123,#7124);
#7122=CARTESIAN_POINT('',(-2.644,-1.598,0.079));
#7123=DIRECTION('',(0.0,0.0,1.0));
#7124=DIRECTION('',(0.,1.,0.));
#7125=FACE_OUTER_BOUND('',#7126,.T.);
#7126=EDGE_LOOP('',(#7127,#7137,#7147,#7157));
#7130=CARTESIAN_POINT('',(-2.644,-1.903,0.079));
#7129=VERTEX_POINT('',#7130);
#7132=CARTESIAN_POINT('',(-2.644,-1.598,0.079));
#7131=VERTEX_POINT('',#7132);
#7128=EDGE_CURVE('',#7129,#7131,#7133,.T.);
#7133=LINE('',#7130,#7135);
#7135=VECTOR('',#7136,0.3048);
#7136=DIRECTION('',(0.0,1.0,0.0));
#7127=ORIENTED_EDGE('',*,*,#7128,.F.);
#7140=CARTESIAN_POINT('',(-2.423,-1.903,0.079));
#7139=VERTEX_POINT('',#7140);
#7138=EDGE_CURVE('',#7139,#7129,#7143,.T.);
#7143=LINE('',#7140,#7145);
#7145=VECTOR('',#7146,0.220881493353523);
#7146=DIRECTION('',(-1.0,0.0,0.0));
#7137=ORIENTED_EDGE('',*,*,#7138,.F.);
#7150=CARTESIAN_POINT('',(-2.423,-1.598,0.079));
#7149=VERTEX_POINT('',#7150);
#7148=EDGE_CURVE('',#7149,#7139,#7153,.T.);
#7153=LINE('',#7150,#7155);
#7155=VECTOR('',#7156,0.304799995453006);
#7156=DIRECTION('',(0.0,-1.0,0.0));
#7147=ORIENTED_EDGE('',*,*,#7148,.F.);
#7158=EDGE_CURVE('',#7131,#7149,#7163,.T.);
#7163=LINE('',#7132,#7165);
#7165=VECTOR('',#7166,0.220881493353523);
#7166=DIRECTION('',(1.0,0.0,0.0));
#7157=ORIENTED_EDGE('',*,*,#7158,.F.);
#7167=STYLED_ITEM('',(#34),#7168);
#7168=ADVANCED_FACE('',(#7174),#7169,.T.);
#7169=PLANE('',#7170);
#7170=AXIS2_PLACEMENT_3D('',#7171,#7172,#7173);
#7171=CARTESIAN_POINT('',(-2.423,-1.598,0.0));
#7172=DIRECTION('',(0.0,0.0,-1.0));
#7173=DIRECTION('',(0.,1.,0.));
#7174=FACE_OUTER_BOUND('',#7175,.T.);
#7175=EDGE_LOOP('',(#7176,#7186,#7196,#7206));
#7179=CARTESIAN_POINT('',(-2.423,-1.903,0.0));
#7178=VERTEX_POINT('',#7179);
#7181=CARTESIAN_POINT('',(-2.423,-1.598,0.0));
#7180=VERTEX_POINT('',#7181);
#7177=EDGE_CURVE('',#7178,#7180,#7182,.T.);
#7182=LINE('',#7179,#7184);
#7184=VECTOR('',#7185,0.304799995453006);
#7185=DIRECTION('',(0.0,1.0,0.0));
#7176=ORIENTED_EDGE('',*,*,#7177,.F.);
#7189=CARTESIAN_POINT('',(-2.644,-1.903,0.0));
#7188=VERTEX_POINT('',#7189);
#7187=EDGE_CURVE('',#7188,#7178,#7192,.T.);
#7192=LINE('',#7189,#7194);
#7194=VECTOR('',#7195,0.220881493353523);
#7195=DIRECTION('',(1.0,0.0,0.0));
#7186=ORIENTED_EDGE('',*,*,#7187,.F.);
#7199=CARTESIAN_POINT('',(-2.644,-1.598,0.0));
#7198=VERTEX_POINT('',#7199);
#7197=EDGE_CURVE('',#7198,#7188,#7202,.T.);
#7202=LINE('',#7199,#7204);
#7204=VECTOR('',#7205,0.3048);
#7205=DIRECTION('',(0.0,-1.0,0.0));
#7196=ORIENTED_EDGE('',*,*,#7197,.F.);
#7207=EDGE_CURVE('',#7180,#7198,#7212,.T.);
#7212=LINE('',#7181,#7214);
#7214=VECTOR('',#7215,0.220881493353523);
#7215=DIRECTION('',(-1.0,0.0,0.0));
#7206=ORIENTED_EDGE('',*,*,#7207,.F.);
#7216=STYLED_ITEM('',(#34),#7217);
#7217=ADVANCED_FACE('',(#7223),#7218,.T.);
#7218=PLANE('',#7219);
#7219=AXIS2_PLACEMENT_3D('',#7220,#7221,#7222);
#7220=CARTESIAN_POINT('',(-2.644,-1.598,0.0));
#7221=DIRECTION('',(-1.0,0.0,0.0));
#7222=DIRECTION('',(0.,0.,1.));
#7223=FACE_OUTER_BOUND('',#7224,.T.);
#7224=EDGE_LOOP('',(#7225,#7235,#7245,#7255));
#7225=ORIENTED_EDGE('',*,*,#7197,.T.);
#7236=EDGE_CURVE('',#7129,#7188,#7241,.T.);
#7241=LINE('',#7130,#7243);
#7243=VECTOR('',#7244,0.079375);
#7244=DIRECTION('',(0.0,0.0,-1.0));
#7235=ORIENTED_EDGE('',*,*,#7236,.F.);
#7245=ORIENTED_EDGE('',*,*,#7128,.T.);
#7256=EDGE_CURVE('',#7198,#7131,#7261,.T.);
#7261=LINE('',#7199,#7263);
#7263=VECTOR('',#7264,0.079375);
#7264=DIRECTION('',(0.0,0.0,1.0));
#7255=ORIENTED_EDGE('',*,*,#7256,.F.);
#7265=STYLED_ITEM($,(#34),#7266);
#7266=ADVANCED_FACE($,(#7272),#7267,.T.);
#7267=CYLINDRICAL_SURFACE($,#7268,0.15875);
#7268=AXIS2_PLACEMENT_3D($,#7269,#7270,#7271);
#7269=CARTESIAN_POINT('',(-2.177,-1.903,0.159));
#7270=DIRECTION('',(0.0,-1.0,0.0));
#7271=DIRECTION('',(0.,0.,1.));
#7272=FACE_OUTER_BOUND($,#7273,.T.);
#7273=EDGE_LOOP($,(#7285,#7295,#7306,#7274));
#7285=ORIENTED_EDGE('',*,*,#6952,.T.);
#7296=EDGE_CURVE($,#7051,#6943,#7301,.T.);
#7301=CIRCLE($,#7302,0.15875);
#7303=CARTESIAN_POINT('',(-2.177,-1.598,0.159));
#7302=AXIS2_PLACEMENT_3D($,#7303,#7304,#7305);
#7304=DIRECTION('',(0.0,1.0,0.0));
#7305=DIRECTION('',(0.793,0.0,0.609));
#7295=ORIENTED_EDGE('',*,*,#7296,.F.);
#7306=ORIENTED_EDGE('',*,*,#7050,.T.);
#7275=EDGE_CURVE($,#6953,#7041,#7280,.T.);
#7280=CIRCLE($,#7281,0.15875);
#7282=CARTESIAN_POINT('',(-2.177,-1.903,0.159));
#7281=AXIS2_PLACEMENT_3D($,#7282,#7283,#7284);
#7283=DIRECTION('',(0.0,-1.0,0.0));
#7284=DIRECTION('',(-0.793,0.0,-0.609));
#7274=ORIENTED_EDGE('',*,*,#7275,.F.);
#7316=STYLED_ITEM($,(#34),#7317);
#7317=ADVANCED_FACE($,(#7323),#7318,.F.);
#7318=CYLINDRICAL_SURFACE($,#7319,0.079375);
#7319=AXIS2_PLACEMENT_3D($,#7320,#7321,#7322);
#7320=CARTESIAN_POINT('',(-2.177,-1.598,0.159));
#7321=DIRECTION('',(0.0,-1.0,0.0));
#7322=DIRECTION('',(0.,0.,-1.));
#7323=FACE_OUTER_BOUND($,#7324,.T.);
#7324=EDGE_LOOP($,(#7336,#7346,#7357,#7325));
#7336=ORIENTED_EDGE('',*,*,#7001,.T.);
#7347=EDGE_CURVE($,#7100,#6992,#7352,.T.);
#7352=CIRCLE($,#7353,0.079375);
#7353=AXIS2_PLACEMENT_3D($,#7282,#7355,#7356);
#7355=DIRECTION('',(0.0,1.0,0.0));
#7356=DIRECTION('',(0.793,0.0,0.609));
#7346=ORIENTED_EDGE('',*,*,#7347,.F.);
#7357=ORIENTED_EDGE('',*,*,#7099,.T.);
#7326=EDGE_CURVE($,#7002,#7090,#7331,.T.);
#7331=CIRCLE($,#7332,0.079375);
#7332=AXIS2_PLACEMENT_3D($,#7303,#7334,#7335);
#7334=DIRECTION('',(0.0,-1.0,0.0));
#7335=DIRECTION('',(-0.793,0.0,-0.609));
#7325=ORIENTED_EDGE('',*,*,#7326,.F.);
#7367=STYLED_ITEM($,(#34),#7368);
#7368=ADVANCED_FACE($,(#7374),#7369,.F.);
#7369=CYLINDRICAL_SURFACE($,#7370,0.079375);
#7370=AXIS2_PLACEMENT_3D($,#7371,#7372,#7373);
#7371=CARTESIAN_POINT('',(-2.423,-1.598,0.159));
#7372=DIRECTION('',(0.0,-1.0,0.0));
#7373=DIRECTION('',(0.,0.,1.));
#7374=FACE_OUTER_BOUND($,#7375,.T.);
#7375=EDGE_LOOP($,(#7387,#7397,#7408,#7376));
#7387=ORIENTED_EDGE('',*,*,#7148,.T.);
#7398=EDGE_CURVE($,#7031,#7139,#7403,.T.);
#7403=CIRCLE($,#7404,0.079375);
#7405=CARTESIAN_POINT('',(-2.423,-1.903,0.159));
#7404=AXIS2_PLACEMENT_3D($,#7405,#7406,#7407);
#7406=DIRECTION('',(0.0,1.0,0.0));
#7407=DIRECTION('',(-0.793,0.0,-0.609));
#7397=ORIENTED_EDGE('',*,*,#7398,.F.);
#7408=ORIENTED_EDGE('',*,*,#7030,.T.);
#7377=EDGE_CURVE($,#7149,#7033,#7382,.T.);
#7382=CIRCLE($,#7383,0.079375);
#7384=CARTESIAN_POINT('',(-2.423,-1.598,0.159));
#7383=AXIS2_PLACEMENT_3D($,#7384,#7385,#7386);
#7385=DIRECTION('',(0.0,-1.0,0.0));
#7386=DIRECTION('',(0.793,0.0,0.609));
#7376=ORIENTED_EDGE('',*,*,#7377,.F.);
#7418=STYLED_ITEM($,(#34),#7419);
#7419=ADVANCED_FACE($,(#7425),#7420,.T.);
#7420=CYLINDRICAL_SURFACE($,#7421,0.15875);
#7421=AXIS2_PLACEMENT_3D($,#7422,#7423,#7424);
#7422=CARTESIAN_POINT('',(-2.423,-1.598,0.159));
#7423=DIRECTION('',(0.0,-1.0,0.0));
#7424=DIRECTION('',(0.,0.,-1.));
#7425=FACE_OUTER_BOUND($,#7426,.T.);
#7426=EDGE_LOOP($,(#7438,#7448,#7459,#7427));
#7438=ORIENTED_EDGE('',*,*,#7177,.T.);
#7449=EDGE_CURVE($,#7080,#7180,#7454,.T.);
#7454=CIRCLE($,#7455,0.15875);
#7455=AXIS2_PLACEMENT_3D($,#7384,#7457,#7458);
#7457=DIRECTION('',(0.0,1.0,0.0));
#7458=DIRECTION('',(-0.793,0.0,-0.609));
#7448=ORIENTED_EDGE('',*,*,#7449,.F.);
#7459=ORIENTED_EDGE('',*,*,#7079,.T.);
#7428=EDGE_CURVE($,#7178,#7082,#7433,.T.);
#7433=CIRCLE($,#7434,0.15875);
#7434=AXIS2_PLACEMENT_3D($,#7405,#7436,#7437);
#7436=DIRECTION('',(0.0,-1.0,0.0));
#7437=DIRECTION('',(0.793,0.0,0.609));
#7427=ORIENTED_EDGE('',*,*,#7428,.F.);
#7469=STYLED_ITEM('color',(#34),#7470);
#7470=ADVANCED_FACE($,(#7476),#7471,.T.);
#7471=PLANE($,#7472);
#7472=AXIS2_PLACEMENT_3D($,#7473,#7474,#7475);
#7473=CARTESIAN_POINT('',(-1.956,-1.598,0.238));
#7474=DIRECTION('',(0.0,1.0,0.0));
#7475=DIRECTION('',(1.,0.,0.));
#7476=FACE_OUTER_BOUND($,#7477,.T.);
#7477=EDGE_LOOP($,(#7480, #7490, #7500, #7563, #7574, #7510, #7521, #7531, #7541, #7551, #7584, #7594));
#7480=ORIENTED_EDGE('',*,*,#6942,.T.);
#7490=ORIENTED_EDGE('',*,*,#6893,.T.);
#7500=ORIENTED_EDGE('',*,*,#7011,.T.);
#7563=ORIENTED_EDGE('',*,*,#7326,.T.);
#7574=ORIENTED_EDGE('',*,*,#7089,.T.);
#7510=ORIENTED_EDGE('',*,*,#7449,.T.);
#7521=ORIENTED_EDGE('',*,*,#7207,.T.);
#7531=ORIENTED_EDGE('',*,*,#7256,.T.);
#7541=ORIENTED_EDGE('',*,*,#7158,.T.);
#7551=ORIENTED_EDGE('',*,*,#7377,.T.);
#7584=ORIENTED_EDGE('',*,*,#7060,.T.);
#7594=ORIENTED_EDGE('',*,*,#7296,.T.);
#7605=STYLED_ITEM('color',(#34),#7606);
#7606=ADVANCED_FACE($,(#7612),#7607,.T.);
#7607=PLANE($,#7608);
#7608=AXIS2_PLACEMENT_3D($,#7609,#7610,#7611);
#7609=CARTESIAN_POINT('',(-2.423,-1.903,0.079));
#7610=DIRECTION('',(0.0,-1.0,0.0));
#7611=DIRECTION('',(1.,0.,0.));
#7612=FACE_OUTER_BOUND($,#7613,.T.);
#7613=EDGE_LOOP($,(#7616, #7626, #7636, #7699, #7710, #7646, #7657, #7667, #7677, #7687, #7720, #7730));
#7616=ORIENTED_EDGE('',*,*,#6991,.T.);
#7626=ORIENTED_EDGE('',*,*,#6913,.T.);
#7636=ORIENTED_EDGE('',*,*,#6962,.T.);
#7699=ORIENTED_EDGE('',*,*,#7275,.T.);
#7710=ORIENTED_EDGE('',*,*,#7040,.T.);
#7646=ORIENTED_EDGE('',*,*,#7398,.T.);
#7657=ORIENTED_EDGE('',*,*,#7138,.T.);
#7667=ORIENTED_EDGE('',*,*,#7236,.T.);
#7677=ORIENTED_EDGE('',*,*,#7187,.T.);
#7687=ORIENTED_EDGE('',*,*,#7428,.T.);
#7720=ORIENTED_EDGE('',*,*,#7109,.T.);
#7730=ORIENTED_EDGE('',*,*,#7347,.T.);
#7741=MANIFOLD_SOLID_BREP($,#7742);
#7742=CLOSED_SHELL('',(#7744,#7793,#7842,#7891,#7940,#7989,#8038,#8087,#8136,#8187,#8238,#8289,#8340,#8476));
#7743=STYLED_ITEM('',(#34),#7744);
#7744=ADVANCED_FACE('',(#7750),#7745,.T.);
#7745=PLANE('',#7746);
#7746=AXIS2_PLACEMENT_3D('',#7747,#7748,#7749);
#7747=CARTESIAN_POINT('',(1.956,-1.598,0.238));
#7748=DIRECTION('',(-1.0,0.0,0.0));
#7749=DIRECTION('',(0.,0.,1.));
#7750=FACE_OUTER_BOUND('',#7751,.T.);
#7751=EDGE_LOOP('',(#7752,#7762,#7772,#7782));
#7755=CARTESIAN_POINT('',(1.956,-1.903,0.238));
#7754=VERTEX_POINT('',#7755);
#7757=CARTESIAN_POINT('',(1.956,-1.598,0.238));
#7756=VERTEX_POINT('',#7757);
#7753=EDGE_CURVE('',#7754,#7756,#7758,.T.);
#7758=LINE('',#7755,#7760);
#7760=VECTOR('',#7761,0.30479999488798);
#7761=DIRECTION('',(0.0,1.0,0.0));
#7752=ORIENTED_EDGE('',*,*,#7753,.F.);
#7765=CARTESIAN_POINT('',(1.956,-1.903,0.318));
#7764=VERTEX_POINT('',#7765);
#7763=EDGE_CURVE('',#7764,#7754,#7768,.T.);
#7768=LINE('',#7765,#7770);
#7770=VECTOR('',#7771,0.079375);
#7771=DIRECTION('',(0.0,0.0,-1.0));
#7762=ORIENTED_EDGE('',*,*,#7763,.F.);
#7775=CARTESIAN_POINT('',(1.956,-1.598,0.318));
#7774=VERTEX_POINT('',#7775);
#7773=EDGE_CURVE('',#7774,#7764,#7778,.T.);
#7778=LINE('',#7775,#7780);
#7780=VECTOR('',#7781,0.30479999488798);
#7781=DIRECTION('',(0.0,-1.0,0.0));
#7772=ORIENTED_EDGE('',*,*,#7773,.F.);
#7783=EDGE_CURVE('',#7756,#7774,#7788,.T.);
#7788=LINE('',#7757,#7790);
#7790=VECTOR('',#7791,0.079375);
#7791=DIRECTION('',(0.0,0.0,1.0));
#7782=ORIENTED_EDGE('',*,*,#7783,.F.);
#7792=STYLED_ITEM('',(#34),#7793);
#7793=ADVANCED_FACE('',(#7799),#7794,.T.);
#7794=PLANE('',#7795);
#7795=AXIS2_PLACEMENT_3D('',#7796,#7797,#7798);
#7796=CARTESIAN_POINT('',(1.956,-1.598,0.318));
#7797=DIRECTION('',(0.0,0.0,1.0));
#7798=DIRECTION('',(0.,1.,0.));
#7799=FACE_OUTER_BOUND('',#7800,.T.);
#7800=EDGE_LOOP('',(#7801,#7811,#7821,#7831));
#7801=ORIENTED_EDGE('',*,*,#7773,.T.);
#7814=CARTESIAN_POINT('',(2.177,-1.903,0.318));
#7813=VERTEX_POINT('',#7814);
#7812=EDGE_CURVE('',#7813,#7764,#7817,.T.);
#7817=LINE('',#7814,#7819);
#7819=VECTOR('',#7820,0.220881495615772);
#7820=DIRECTION('',(-1.0,0.0,0.0));
#7811=ORIENTED_EDGE('',*,*,#7812,.F.);
#7824=CARTESIAN_POINT('',(2.177,-1.598,0.318));
#7823=VERTEX_POINT('',#7824);
#7822=EDGE_CURVE('',#7823,#7813,#7827,.T.);
#7827=LINE('',#7824,#7829);
#7829=VECTOR('',#7830,0.304799994978664);
#7830=DIRECTION('',(0.0,-1.0,0.0));
#7821=ORIENTED_EDGE('',*,*,#7822,.F.);
#7832=EDGE_CURVE('',#7774,#7823,#7837,.T.);
#7837=LINE('',#7775,#7839);
#7839=VECTOR('',#7840,0.220881495615772);
#7840=DIRECTION('',(1.0,0.0,0.0));
#7831=ORIENTED_EDGE('',*,*,#7832,.F.);
#7841=STYLED_ITEM('',(#34),#7842);
#7842=ADVANCED_FACE('',(#7848),#7843,.T.);
#7843=PLANE('',#7844);
#7844=AXIS2_PLACEMENT_3D('',#7845,#7846,#7847);
#7845=CARTESIAN_POINT('',(1.956,-1.903,0.238));
#7846=DIRECTION('',(0.0,0.0,-1.0));
#7847=DIRECTION('',(0.,1.,0.));
#7848=FACE_OUTER_BOUND('',#7849,.T.);
#7849=EDGE_LOOP('',(#7850,#7860,#7870,#7880));
#7850=ORIENTED_EDGE('',*,*,#7753,.T.);
#7863=CARTESIAN_POINT('',(2.177,-1.598,0.238));
#7862=VERTEX_POINT('',#7863);
#7861=EDGE_CURVE('',#7862,#7756,#7866,.T.);
#7866=LINE('',#7863,#7868);
#7868=VECTOR('',#7869,0.220881495615772);
#7869=DIRECTION('',(-1.0,0.0,0.0));
#7860=ORIENTED_EDGE('',*,*,#7861,.F.);
#7873=CARTESIAN_POINT('',(2.177,-1.903,0.238));
#7872=VERTEX_POINT('',#7873);
#7871=EDGE_CURVE('',#7872,#7862,#7876,.T.);
#7876=LINE('',#7873,#7878);
#7878=VECTOR('',#7879,0.304799994978664);
#7879=DIRECTION('',(0.0,1.0,0.0));
#7870=ORIENTED_EDGE('',*,*,#7871,.F.);
#7881=EDGE_CURVE('',#7754,#7872,#7886,.T.);
#7886=LINE('',#7755,#7888);
#7888=VECTOR('',#7889,0.220881495615772);
#7889=DIRECTION('',(1.0,0.0,0.0));
#7880=ORIENTED_EDGE('',*,*,#7881,.F.);
#7890=STYLED_ITEM('',(#34),#7891);
#7891=ADVANCED_FACE('',(#7897),#7892,.T.);
#7892=PLANE('',#7893);
#7893=AXIS2_PLACEMENT_3D('',#7894,#7895,#7896);
#7894=CARTESIAN_POINT('',(2.347,-1.903,0.138));
#7895=DIRECTION('',(0.966,0.0,0.259));
#7896=DIRECTION('',(0.,0.,1.));
#7897=FACE_OUTER_BOUND('',#7898,.T.);
#7898=EDGE_LOOP('',(#7899,#7909,#7919,#7929));
#7902=CARTESIAN_POINT('',(2.347,-1.598,0.138));
#7901=VERTEX_POINT('',#7902);
#7904=CARTESIAN_POINT('',(2.347,-1.903,0.138));
#7903=VERTEX_POINT('',#7904);
#7900=EDGE_CURVE('',#7901,#7903,#7905,.T.);
#7905=LINE('',#7902,#7907);
#7907=VECTOR('',#7908,0.304799995199374);
#7908=DIRECTION('',(0.0,-1.0,0.0));
#7899=ORIENTED_EDGE('',*,*,#7900,.F.);
#7912=CARTESIAN_POINT('',(2.33,-1.598,0.2));
#7911=VERTEX_POINT('',#7912);
#7910=EDGE_CURVE('',#7911,#7901,#7915,.T.);
#7915=LINE('',#7912,#7917);
#7917=VECTOR('',#7918,0.063804620199384);
#7918=DIRECTION('',(0.259,0.0,-0.966));
#7909=ORIENTED_EDGE('',*,*,#7910,.F.);
#7922=CARTESIAN_POINT('',(2.33,-1.903,0.2));
#7921=VERTEX_POINT('',#7922);
#7920=EDGE_CURVE('',#7921,#7911,#7925,.T.);
#7925=LINE('',#7922,#7927);
#7927=VECTOR('',#7928,0.304799995163812);
#7928=DIRECTION('',(0.0,1.0,0.0));
#7919=ORIENTED_EDGE('',*,*,#7920,.F.);
#7930=EDGE_CURVE('',#7903,#7921,#7935,.T.);
#7935=LINE('',#7904,#7937);
#7937=VECTOR('',#7938,0.063804620199384);
#7938=DIRECTION('',(-0.259,0.0,0.966));
#7929=ORIENTED_EDGE('',*,*,#7930,.F.);
#7939=STYLED_ITEM('',(#34),#7940);
#7940=ADVANCED_FACE('',(#7946),#7941,.T.);
#7941=PLANE('',#7942);
#7942=AXIS2_PLACEMENT_3D('',#7943,#7944,#7945);
#7943=CARTESIAN_POINT('',(2.27,-1.598,0.118));
#7944=DIRECTION('',(-0.966,0.0,-0.259));
#7945=DIRECTION('',(0.,0.,1.));
#7946=FACE_OUTER_BOUND('',#7947,.T.);
#7947=EDGE_LOOP('',(#7948,#7958,#7968,#7978));
#7951=CARTESIAN_POINT('',(2.27,-1.903,0.118));
#7950=VERTEX_POINT('',#7951);
#7953=CARTESIAN_POINT('',(2.27,-1.598,0.118));
#7952=VERTEX_POINT('',#7953);
#7949=EDGE_CURVE('',#7950,#7952,#7954,.T.);
#7954=LINE('',#7951,#7956);
#7956=VECTOR('',#7957,0.304799995067094);
#7957=DIRECTION('',(0.0,1.0,0.0));
#7948=ORIENTED_EDGE('',*,*,#7949,.F.);
#7961=CARTESIAN_POINT('',(2.253,-1.903,0.179));
#7960=VERTEX_POINT('',#7961);
#7959=EDGE_CURVE('',#7960,#7950,#7964,.T.);
#7964=LINE('',#7961,#7966);
#7966=VECTOR('',#7967,0.0638046202038981);
#7967=DIRECTION('',(0.259,0.0,-0.966));
#7958=ORIENTED_EDGE('',*,*,#7959,.F.);
#7971=CARTESIAN_POINT('',(2.253,-1.598,0.179));
#7970=VERTEX_POINT('',#7971);
#7969=EDGE_CURVE('',#7970,#7960,#7974,.T.);
#7974=LINE('',#7971,#7976);
#7976=VECTOR('',#7977,0.304799995047204);
#7977=DIRECTION('',(0.0,-1.0,0.0));
#7968=ORIENTED_EDGE('',*,*,#7969,.F.);
#7979=EDGE_CURVE('',#7952,#7970,#7984,.T.);
#7984=LINE('',#7953,#7986);
#7986=VECTOR('',#7987,0.063804620203898);
#7987=DIRECTION('',(-0.259,0.0,0.966));
#7978=ORIENTED_EDGE('',*,*,#7979,.F.);
#7988=STYLED_ITEM('',(#34),#7989);
#7989=ADVANCED_FACE('',(#7995),#7990,.T.);
#7990=PLANE('',#7991);
#7991=AXIS2_PLACEMENT_3D('',#7992,#7993,#7994);
#7992=CARTESIAN_POINT('',(2.644,-1.903,0.079));
#7993=DIRECTION('',(0.0,0.0,1.0));
#7994=DIRECTION('',(0.,1.,0.));
#7995=FACE_OUTER_BOUND('',#7996,.T.);
#7996=EDGE_LOOP('',(#7997,#8007,#8017,#8027));
#8000=CARTESIAN_POINT('',(2.644,-1.598,0.079));
#7999=VERTEX_POINT('',#8000);
#8002=CARTESIAN_POINT('',(2.644,-1.903,0.079));
#8001=VERTEX_POINT('',#8002);
#7998=EDGE_CURVE('',#7999,#8001,#8003,.T.);
#8003=LINE('',#8000,#8005);
#8005=VECTOR('',#8006,0.3048);
#8006=DIRECTION('',(0.0,-1.0,0.0));
#7997=ORIENTED_EDGE('',*,*,#7998,.F.);
#8010=CARTESIAN_POINT('',(2.423,-1.598,0.079));
#8009=VERTEX_POINT('',#8010);
#8008=EDGE_CURVE('',#8009,#7999,#8013,.T.);
#8013=LINE('',#8010,#8015);
#8015=VECTOR('',#8016,0.220881493353523);
#8016=DIRECTION('',(1.0,0.0,0.0));
#8007=ORIENTED_EDGE('',*,*,#8008,.F.);
#8020=CARTESIAN_POINT('',(2.423,-1.903,0.079));
#8019=VERTEX_POINT('',#8020);
#8018=EDGE_CURVE('',#8019,#8009,#8023,.T.);
#8023=LINE('',#8020,#8025);
#8025=VECTOR('',#8026,0.304799995453006);
#8026=DIRECTION('',(0.0,1.0,0.0));
#8017=ORIENTED_EDGE('',*,*,#8018,.F.);
#8028=EDGE_CURVE('',#8001,#8019,#8033,.T.);
#8033=LINE('',#8002,#8035);
#8035=VECTOR('',#8036,0.220881493353524);
#8036=DIRECTION('',(-1.0,0.0,0.0));
#8027=ORIENTED_EDGE('',*,*,#8028,.F.);
#8037=STYLED_ITEM('',(#34),#8038);
#8038=ADVANCED_FACE('',(#8044),#8039,.T.);
#8039=PLANE('',#8040);
#8040=AXIS2_PLACEMENT_3D('',#8041,#8042,#8043);
#8041=CARTESIAN_POINT('',(2.423,-1.903,0.0));
#8042=DIRECTION('',(0.0,0.0,-1.0));
#8043=DIRECTION('',(0.,1.,0.));
#8044=FACE_OUTER_BOUND('',#8045,.T.);
#8045=EDGE_LOOP('',(#8046,#8056,#8066,#8076));
#8049=CARTESIAN_POINT('',(2.423,-1.598,0.0));
#8048=VERTEX_POINT('',#8049);
#8051=CARTESIAN_POINT('',(2.423,-1.903,0.0));
#8050=VERTEX_POINT('',#8051);
#8047=EDGE_CURVE('',#8048,#8050,#8052,.T.);
#8052=LINE('',#8049,#8054);
#8054=VECTOR('',#8055,0.304799995453006);
#8055=DIRECTION('',(0.0,-1.0,0.0));
#8046=ORIENTED_EDGE('',*,*,#8047,.F.);
#8059=CARTESIAN_POINT('',(2.644,-1.598,0.0));
#8058=VERTEX_POINT('',#8059);
#8057=EDGE_CURVE('',#8058,#8048,#8062,.T.);
#8062=LINE('',#8059,#8064);
#8064=VECTOR('',#8065,0.220881493353523);
#8065=DIRECTION('',(-1.0,0.0,0.0));
#8056=ORIENTED_EDGE('',*,*,#8057,.F.);
#8069=CARTESIAN_POINT('',(2.644,-1.903,0.0));
#8068=VERTEX_POINT('',#8069);
#8067=EDGE_CURVE('',#8068,#8058,#8072,.T.);
#8072=LINE('',#8069,#8074);
#8074=VECTOR('',#8075,0.3048);
#8075=DIRECTION('',(0.0,1.0,0.0));
#8066=ORIENTED_EDGE('',*,*,#8067,.F.);
#8077=EDGE_CURVE('',#8050,#8068,#8082,.T.);
#8082=LINE('',#8051,#8084);
#8084=VECTOR('',#8085,0.220881493353524);
#8085=DIRECTION('',(1.0,0.0,0.0));
#8076=ORIENTED_EDGE('',*,*,#8077,.F.);
#8086=STYLED_ITEM('',(#34),#8087);
#8087=ADVANCED_FACE('',(#8093),#8088,.T.);
#8088=PLANE('',#8089);
#8089=AXIS2_PLACEMENT_3D('',#8090,#8091,#8092);
#8090=CARTESIAN_POINT('',(2.644,-1.903,0.0));
#8091=DIRECTION('',(1.0,0.0,0.0));
#8092=DIRECTION('',(0.,0.,1.));
#8093=FACE_OUTER_BOUND('',#8094,.T.);
#8094=EDGE_LOOP('',(#8095,#8105,#8115,#8125));
#8095=ORIENTED_EDGE('',*,*,#8067,.T.);
#8106=EDGE_CURVE('',#7999,#8058,#8111,.T.);
#8111=LINE('',#8000,#8113);
#8113=VECTOR('',#8114,0.079375);
#8114=DIRECTION('',(0.0,0.0,-1.0));
#8105=ORIENTED_EDGE('',*,*,#8106,.F.);
#8115=ORIENTED_EDGE('',*,*,#7998,.T.);
#8126=EDGE_CURVE('',#8068,#8001,#8131,.T.);
#8131=LINE('',#8069,#8133);
#8133=VECTOR('',#8134,0.079375);
#8134=DIRECTION('',(0.0,0.0,1.0));
#8125=ORIENTED_EDGE('',*,*,#8126,.F.);
#8135=STYLED_ITEM($,(#34),#8136);
#8136=ADVANCED_FACE($,(#8142),#8137,.T.);
#8137=CYLINDRICAL_SURFACE($,#8138,0.15875);
#8138=AXIS2_PLACEMENT_3D($,#8139,#8140,#8141);
#8139=CARTESIAN_POINT('',(2.177,-1.598,0.159));
#8140=DIRECTION('',(0.0,1.0,0.0));
#8141=DIRECTION('',(0.,0.,1.));
#8142=FACE_OUTER_BOUND($,#8143,.T.);
#8143=EDGE_LOOP($,(#8155,#8165,#8176,#8144));
#8155=ORIENTED_EDGE('',*,*,#7822,.T.);
#8166=EDGE_CURVE($,#7921,#7813,#8171,.T.);
#8171=CIRCLE($,#8172,0.15875);
#8173=CARTESIAN_POINT('',(2.177,-1.903,0.159));
#8172=AXIS2_PLACEMENT_3D($,#8173,#8174,#8175);
#8174=DIRECTION('',(0.0,-1.0,0.0));
#8175=DIRECTION('',(-0.793,0.0,0.609));
#8165=ORIENTED_EDGE('',*,*,#8166,.F.);
#8176=ORIENTED_EDGE('',*,*,#7920,.T.);
#8145=EDGE_CURVE($,#7823,#7911,#8150,.T.);
#8150=CIRCLE($,#8151,0.15875);
#8152=CARTESIAN_POINT('',(2.177,-1.598,0.159));
#8151=AXIS2_PLACEMENT_3D($,#8152,#8153,#8154);
#8153=DIRECTION('',(0.0,1.0,0.0));
#8154=DIRECTION('',(0.793,0.0,-0.609));
#8144=ORIENTED_EDGE('',*,*,#8145,.F.);
#8186=STYLED_ITEM($,(#34),#8187);
#8187=ADVANCED_FACE($,(#8193),#8188,.F.);
#8188=CYLINDRICAL_SURFACE($,#8189,0.079375);
#8189=AXIS2_PLACEMENT_3D($,#8190,#8191,#8192);
#8190=CARTESIAN_POINT('',(2.177,-1.903,0.159));
#8191=DIRECTION('',(0.0,1.0,0.0));
#8192=DIRECTION('',(0.,0.,-1.));
#8193=FACE_OUTER_BOUND($,#8194,.T.);
#8194=EDGE_LOOP($,(#8206,#8216,#8227,#8195));
#8206=ORIENTED_EDGE('',*,*,#7871,.T.);
#8217=EDGE_CURVE($,#7970,#7862,#8222,.T.);
#8222=CIRCLE($,#8223,0.079375);
#8223=AXIS2_PLACEMENT_3D($,#8152,#8225,#8226);
#8225=DIRECTION('',(0.0,-1.0,0.0));
#8226=DIRECTION('',(-0.793,0.0,0.609));
#8216=ORIENTED_EDGE('',*,*,#8217,.F.);
#8227=ORIENTED_EDGE('',*,*,#7969,.T.);
#8196=EDGE_CURVE($,#7872,#7960,#8201,.T.);
#8201=CIRCLE($,#8202,0.079375);
#8202=AXIS2_PLACEMENT_3D($,#8173,#8204,#8205);
#8204=DIRECTION('',(0.0,1.0,0.0));
#8205=DIRECTION('',(0.793,0.0,-0.609));
#8195=ORIENTED_EDGE('',*,*,#8196,.F.);
#8237=STYLED_ITEM($,(#34),#8238);
#8238=ADVANCED_FACE($,(#8244),#8239,.F.);
#8239=CYLINDRICAL_SURFACE($,#8240,0.079375);
#8240=AXIS2_PLACEMENT_3D($,#8241,#8242,#8243);
#8241=CARTESIAN_POINT('',(2.423,-1.903,0.159));
#8242=DIRECTION('',(0.0,1.0,0.0));
#8243=DIRECTION('',(0.,0.,1.));
#8244=FACE_OUTER_BOUND($,#8245,.T.);
#8245=EDGE_LOOP($,(#8257,#8267,#8278,#8246));
#8257=ORIENTED_EDGE('',*,*,#8018,.T.);
#8268=EDGE_CURVE($,#7901,#8009,#8273,.T.);
#8273=CIRCLE($,#8274,0.079375);
#8275=CARTESIAN_POINT('',(2.423,-1.598,0.159));
#8274=AXIS2_PLACEMENT_3D($,#8275,#8276,#8277);
#8276=DIRECTION('',(0.0,-1.0,0.0));
#8277=DIRECTION('',(0.793,0.0,-0.609));
#8267=ORIENTED_EDGE('',*,*,#8268,.F.);
#8278=ORIENTED_EDGE('',*,*,#7900,.T.);
#8247=EDGE_CURVE($,#8019,#7903,#8252,.T.);
#8252=CIRCLE($,#8253,0.079375);
#8254=CARTESIAN_POINT('',(2.423,-1.903,0.159));
#8253=AXIS2_PLACEMENT_3D($,#8254,#8255,#8256);
#8255=DIRECTION('',(0.0,1.0,0.0));
#8256=DIRECTION('',(-0.793,0.0,0.609));
#8246=ORIENTED_EDGE('',*,*,#8247,.F.);
#8288=STYLED_ITEM($,(#34),#8289);
#8289=ADVANCED_FACE($,(#8295),#8290,.T.);
#8290=CYLINDRICAL_SURFACE($,#8291,0.15875);
#8291=AXIS2_PLACEMENT_3D($,#8292,#8293,#8294);
#8292=CARTESIAN_POINT('',(2.423,-1.903,0.159));
#8293=DIRECTION('',(0.0,1.0,0.0));
#8294=DIRECTION('',(0.,0.,-1.));
#8295=FACE_OUTER_BOUND($,#8296,.T.);
#8296=EDGE_LOOP($,(#8308,#8318,#8329,#8297));
#8308=ORIENTED_EDGE('',*,*,#8047,.T.);
#8319=EDGE_CURVE($,#7950,#8050,#8324,.T.);
#8324=CIRCLE($,#8325,0.15875);
#8325=AXIS2_PLACEMENT_3D($,#8254,#8327,#8328);
#8327=DIRECTION('',(0.0,-1.0,0.0));
#8328=DIRECTION('',(0.793,0.0,-0.609));
#8318=ORIENTED_EDGE('',*,*,#8319,.F.);
#8329=ORIENTED_EDGE('',*,*,#7949,.T.);
#8298=EDGE_CURVE($,#8048,#7952,#8303,.T.);
#8303=CIRCLE($,#8304,0.15875);
#8304=AXIS2_PLACEMENT_3D($,#8275,#8306,#8307);
#8306=DIRECTION('',(0.0,1.0,0.0));
#8307=DIRECTION('',(-0.793,0.0,0.609));
#8297=ORIENTED_EDGE('',*,*,#8298,.F.);
#8339=STYLED_ITEM('color',(#34),#8340);
#8340=ADVANCED_FACE($,(#8346),#8341,.T.);
#8341=PLANE($,#8342);
#8342=AXIS2_PLACEMENT_3D($,#8343,#8344,#8345);
#8343=CARTESIAN_POINT('',(1.956,-1.903,0.238));
#8344=DIRECTION('',(0.0,-1.0,0.0));
#8345=DIRECTION('',(1.,0.,0.));
#8346=FACE_OUTER_BOUND($,#8347,.T.);
#8347=EDGE_LOOP($,(#8350, #8360, #8370, #8433, #8444, #8380, #8391, #8401, #8411, #8421, #8454, #8464));
#8350=ORIENTED_EDGE('',*,*,#7812,.T.);
#8360=ORIENTED_EDGE('',*,*,#7763,.T.);
#8370=ORIENTED_EDGE('',*,*,#7881,.T.);
#8433=ORIENTED_EDGE('',*,*,#8196,.T.);
#8444=ORIENTED_EDGE('',*,*,#7959,.T.);
#8380=ORIENTED_EDGE('',*,*,#8319,.T.);
#8391=ORIENTED_EDGE('',*,*,#8077,.T.);
#8401=ORIENTED_EDGE('',*,*,#8126,.T.);
#8411=ORIENTED_EDGE('',*,*,#8028,.T.);
#8421=ORIENTED_EDGE('',*,*,#8247,.T.);
#8454=ORIENTED_EDGE('',*,*,#7930,.T.);
#8464=ORIENTED_EDGE('',*,*,#8166,.T.);
#8475=STYLED_ITEM('color',(#34),#8476);
#8476=ADVANCED_FACE($,(#8482),#8477,.T.);
#8477=PLANE($,#8478);
#8478=AXIS2_PLACEMENT_3D($,#8479,#8480,#8481);
#8479=CARTESIAN_POINT('',(2.423,-1.598,0.079));
#8480=DIRECTION('',(0.0,1.0,0.0));
#8481=DIRECTION('',(1.,0.,0.));
#8482=FACE_OUTER_BOUND($,#8483,.T.);
#8483=EDGE_LOOP($,(#8486, #8496, #8506, #8569, #8580, #8516, #8527, #8537, #8547, #8557, #8590, #8600));
#8486=ORIENTED_EDGE('',*,*,#7861,.T.);
#8496=ORIENTED_EDGE('',*,*,#7783,.T.);
#8506=ORIENTED_EDGE('',*,*,#7832,.T.);
#8569=ORIENTED_EDGE('',*,*,#8145,.T.);
#8580=ORIENTED_EDGE('',*,*,#7910,.T.);
#8516=ORIENTED_EDGE('',*,*,#8268,.T.);
#8527=ORIENTED_EDGE('',*,*,#8008,.T.);
#8537=ORIENTED_EDGE('',*,*,#8106,.T.);
#8547=ORIENTED_EDGE('',*,*,#8057,.T.);
#8557=ORIENTED_EDGE('',*,*,#8298,.T.);
#8590=ORIENTED_EDGE('',*,*,#7979,.T.);
#8600=ORIENTED_EDGE('',*,*,#8217,.T.);
#8611=MANIFOLD_SOLID_BREP($,#8612);
#8612=CLOSED_SHELL('',(#8614,#8663,#8712,#8761,#8810,#8859,#8908,#8957,#9006,#9057,#9108,#9159,#9210,#9346));
#8613=STYLED_ITEM('',(#34),#8614);
#8614=ADVANCED_FACE('',(#8620),#8615,.T.);
#8615=PLANE('',#8616);
#8616=AXIS2_PLACEMENT_3D('',#8617,#8618,#8619);
#8617=CARTESIAN_POINT('',(1.956,-1.098,0.238));
#8618=DIRECTION('',(-1.0,0.0,0.0));
#8619=DIRECTION('',(0.,0.,1.));
#8620=FACE_OUTER_BOUND('',#8621,.T.);
#8621=EDGE_LOOP('',(#8622,#8632,#8642,#8652));
#8625=CARTESIAN_POINT('',(1.956,-1.403,0.238));
#8624=VERTEX_POINT('',#8625);
#8627=CARTESIAN_POINT('',(1.956,-1.098,0.238));
#8626=VERTEX_POINT('',#8627);
#8623=EDGE_CURVE('',#8624,#8626,#8628,.T.);
#8628=LINE('',#8625,#8630);
#8630=VECTOR('',#8631,0.30479999488798);
#8631=DIRECTION('',(0.0,1.0,0.0));
#8622=ORIENTED_EDGE('',*,*,#8623,.F.);
#8635=CARTESIAN_POINT('',(1.956,-1.403,0.318));
#8634=VERTEX_POINT('',#8635);
#8633=EDGE_CURVE('',#8634,#8624,#8638,.T.);
#8638=LINE('',#8635,#8640);
#8640=VECTOR('',#8641,0.079375);
#8641=DIRECTION('',(0.0,0.0,-1.0));
#8632=ORIENTED_EDGE('',*,*,#8633,.F.);
#8645=CARTESIAN_POINT('',(1.956,-1.098,0.318));
#8644=VERTEX_POINT('',#8645);
#8643=EDGE_CURVE('',#8644,#8634,#8648,.T.);
#8648=LINE('',#8645,#8650);
#8650=VECTOR('',#8651,0.30479999488798);
#8651=DIRECTION('',(0.0,-1.0,0.0));
#8642=ORIENTED_EDGE('',*,*,#8643,.F.);
#8653=EDGE_CURVE('',#8626,#8644,#8658,.T.);
#8658=LINE('',#8627,#8660);
#8660=VECTOR('',#8661,0.079375);
#8661=DIRECTION('',(0.0,0.0,1.0));
#8652=ORIENTED_EDGE('',*,*,#8653,.F.);
#8662=STYLED_ITEM('',(#34),#8663);
#8663=ADVANCED_FACE('',(#8669),#8664,.T.);
#8664=PLANE('',#8665);
#8665=AXIS2_PLACEMENT_3D('',#8666,#8667,#8668);
#8666=CARTESIAN_POINT('',(1.956,-1.098,0.318));
#8667=DIRECTION('',(0.0,0.0,1.0));
#8668=DIRECTION('',(0.,1.,0.));
#8669=FACE_OUTER_BOUND('',#8670,.T.);
#8670=EDGE_LOOP('',(#8671,#8681,#8691,#8701));
#8671=ORIENTED_EDGE('',*,*,#8643,.T.);
#8684=CARTESIAN_POINT('',(2.177,-1.403,0.318));
#8683=VERTEX_POINT('',#8684);
#8682=EDGE_CURVE('',#8683,#8634,#8687,.T.);
#8687=LINE('',#8684,#8689);
#8689=VECTOR('',#8690,0.220881495615772);
#8690=DIRECTION('',(-1.0,0.0,0.0));
#8681=ORIENTED_EDGE('',*,*,#8682,.F.);
#8694=CARTESIAN_POINT('',(2.177,-1.098,0.318));
#8693=VERTEX_POINT('',#8694);
#8692=EDGE_CURVE('',#8693,#8683,#8697,.T.);
#8697=LINE('',#8694,#8699);
#8699=VECTOR('',#8700,0.304799994978664);
#8700=DIRECTION('',(0.0,-1.0,0.0));
#8691=ORIENTED_EDGE('',*,*,#8692,.F.);
#8702=EDGE_CURVE('',#8644,#8693,#8707,.T.);
#8707=LINE('',#8645,#8709);
#8709=VECTOR('',#8710,0.220881495615772);
#8710=DIRECTION('',(1.0,0.0,0.0));
#8701=ORIENTED_EDGE('',*,*,#8702,.F.);
#8711=STYLED_ITEM('',(#34),#8712);
#8712=ADVANCED_FACE('',(#8718),#8713,.T.);
#8713=PLANE('',#8714);
#8714=AXIS2_PLACEMENT_3D('',#8715,#8716,#8717);
#8715=CARTESIAN_POINT('',(1.956,-1.403,0.238));
#8716=DIRECTION('',(0.0,0.0,-1.0));
#8717=DIRECTION('',(0.,1.,0.));
#8718=FACE_OUTER_BOUND('',#8719,.T.);
#8719=EDGE_LOOP('',(#8720,#8730,#8740,#8750));
#8720=ORIENTED_EDGE('',*,*,#8623,.T.);
#8733=CARTESIAN_POINT('',(2.177,-1.098,0.238));
#8732=VERTEX_POINT('',#8733);
#8731=EDGE_CURVE('',#8732,#8626,#8736,.T.);
#8736=LINE('',#8733,#8738);
#8738=VECTOR('',#8739,0.220881495615772);
#8739=DIRECTION('',(-1.0,0.0,0.0));
#8730=ORIENTED_EDGE('',*,*,#8731,.F.);
#8743=CARTESIAN_POINT('',(2.177,-1.403,0.238));
#8742=VERTEX_POINT('',#8743);
#8741=EDGE_CURVE('',#8742,#8732,#8746,.T.);
#8746=LINE('',#8743,#8748);
#8748=VECTOR('',#8749,0.304799994978664);
#8749=DIRECTION('',(0.0,1.0,0.0));
#8740=ORIENTED_EDGE('',*,*,#8741,.F.);
#8751=EDGE_CURVE('',#8624,#8742,#8756,.T.);
#8756=LINE('',#8625,#8758);
#8758=VECTOR('',#8759,0.220881495615772);
#8759=DIRECTION('',(1.0,0.0,0.0));
#8750=ORIENTED_EDGE('',*,*,#8751,.F.);
#8760=STYLED_ITEM('',(#34),#8761);
#8761=ADVANCED_FACE('',(#8767),#8762,.T.);
#8762=PLANE('',#8763);
#8763=AXIS2_PLACEMENT_3D('',#8764,#8765,#8766);
#8764=CARTESIAN_POINT('',(2.347,-1.403,0.138));
#8765=DIRECTION('',(0.966,0.0,0.259));
#8766=DIRECTION('',(0.,0.,1.));
#8767=FACE_OUTER_BOUND('',#8768,.T.);
#8768=EDGE_LOOP('',(#8769,#8779,#8789,#8799));
#8772=CARTESIAN_POINT('',(2.347,-1.098,0.138));
#8771=VERTEX_POINT('',#8772);
#8774=CARTESIAN_POINT('',(2.347,-1.403,0.138));
#8773=VERTEX_POINT('',#8774);
#8770=EDGE_CURVE('',#8771,#8773,#8775,.T.);
#8775=LINE('',#8772,#8777);
#8777=VECTOR('',#8778,0.304799995199375);
#8778=DIRECTION('',(0.0,-1.0,0.0));
#8769=ORIENTED_EDGE('',*,*,#8770,.F.);
#8782=CARTESIAN_POINT('',(2.33,-1.098,0.2));
#8781=VERTEX_POINT('',#8782);
#8780=EDGE_CURVE('',#8781,#8771,#8785,.T.);
#8785=LINE('',#8782,#8787);
#8787=VECTOR('',#8788,0.063804620199384);
#8788=DIRECTION('',(0.259,0.0,-0.966));
#8779=ORIENTED_EDGE('',*,*,#8780,.F.);
#8792=CARTESIAN_POINT('',(2.33,-1.403,0.2));
#8791=VERTEX_POINT('',#8792);
#8790=EDGE_CURVE('',#8791,#8781,#8795,.T.);
#8795=LINE('',#8792,#8797);
#8797=VECTOR('',#8798,0.304799995163812);
#8798=DIRECTION('',(0.0,1.0,0.0));
#8789=ORIENTED_EDGE('',*,*,#8790,.F.);
#8800=EDGE_CURVE('',#8773,#8791,#8805,.T.);
#8805=LINE('',#8774,#8807);
#8807=VECTOR('',#8808,0.063804620199384);
#8808=DIRECTION('',(-0.259,0.0,0.966));
#8799=ORIENTED_EDGE('',*,*,#8800,.F.);
#8809=STYLED_ITEM('',(#34),#8810);
#8810=ADVANCED_FACE('',(#8816),#8811,.T.);
#8811=PLANE('',#8812);
#8812=AXIS2_PLACEMENT_3D('',#8813,#8814,#8815);
#8813=CARTESIAN_POINT('',(2.27,-1.098,0.118));
#8814=DIRECTION('',(-0.966,0.0,-0.259));
#8815=DIRECTION('',(0.,0.,1.));
#8816=FACE_OUTER_BOUND('',#8817,.T.);
#8817=EDGE_LOOP('',(#8818,#8828,#8838,#8848));
#8821=CARTESIAN_POINT('',(2.27,-1.403,0.118));
#8820=VERTEX_POINT('',#8821);
#8823=CARTESIAN_POINT('',(2.27,-1.098,0.118));
#8822=VERTEX_POINT('',#8823);
#8819=EDGE_CURVE('',#8820,#8822,#8824,.T.);
#8824=LINE('',#8821,#8826);
#8826=VECTOR('',#8827,0.304799995067094);
#8827=DIRECTION('',(0.0,1.0,0.0));
#8818=ORIENTED_EDGE('',*,*,#8819,.F.);
#8831=CARTESIAN_POINT('',(2.253,-1.403,0.179));
#8830=VERTEX_POINT('',#8831);
#8829=EDGE_CURVE('',#8830,#8820,#8834,.T.);
#8834=LINE('',#8831,#8836);
#8836=VECTOR('',#8837,0.0638046202038981);
#8837=DIRECTION('',(0.259,0.0,-0.966));
#8828=ORIENTED_EDGE('',*,*,#8829,.F.);
#8841=CARTESIAN_POINT('',(2.253,-1.098,0.179));
#8840=VERTEX_POINT('',#8841);
#8839=EDGE_CURVE('',#8840,#8830,#8844,.T.);
#8844=LINE('',#8841,#8846);
#8846=VECTOR('',#8847,0.304799995047204);
#8847=DIRECTION('',(0.0,-1.0,0.0));
#8838=ORIENTED_EDGE('',*,*,#8839,.F.);
#8849=EDGE_CURVE('',#8822,#8840,#8854,.T.);
#8854=LINE('',#8823,#8856);
#8856=VECTOR('',#8857,0.063804620203898);
#8857=DIRECTION('',(-0.259,0.0,0.966));
#8848=ORIENTED_EDGE('',*,*,#8849,.F.);
#8858=STYLED_ITEM('',(#34),#8859);
#8859=ADVANCED_FACE('',(#8865),#8860,.T.);
#8860=PLANE('',#8861);
#8861=AXIS2_PLACEMENT_3D('',#8862,#8863,#8864);
#8862=CARTESIAN_POINT('',(2.644,-1.403,0.079));
#8863=DIRECTION('',(0.0,0.0,1.0));
#8864=DIRECTION('',(0.,1.,0.));
#8865=FACE_OUTER_BOUND('',#8866,.T.);
#8866=EDGE_LOOP('',(#8867,#8877,#8887,#8897));
#8870=CARTESIAN_POINT('',(2.644,-1.098,0.079));
#8869=VERTEX_POINT('',#8870);
#8872=CARTESIAN_POINT('',(2.644,-1.403,0.079));
#8871=VERTEX_POINT('',#8872);
#8868=EDGE_CURVE('',#8869,#8871,#8873,.T.);
#8873=LINE('',#8870,#8875);
#8875=VECTOR('',#8876,0.3048);
#8876=DIRECTION('',(0.0,-1.0,0.0));
#8867=ORIENTED_EDGE('',*,*,#8868,.F.);
#8880=CARTESIAN_POINT('',(2.423,-1.098,0.079));
#8879=VERTEX_POINT('',#8880);
#8878=EDGE_CURVE('',#8879,#8869,#8883,.T.);
#8883=LINE('',#8880,#8885);
#8885=VECTOR('',#8886,0.220881493353523);
#8886=DIRECTION('',(1.0,0.0,0.0));
#8877=ORIENTED_EDGE('',*,*,#8878,.F.);
#8890=CARTESIAN_POINT('',(2.423,-1.403,0.079));
#8889=VERTEX_POINT('',#8890);
#8888=EDGE_CURVE('',#8889,#8879,#8893,.T.);
#8893=LINE('',#8890,#8895);
#8895=VECTOR('',#8896,0.304799995453006);
#8896=DIRECTION('',(0.0,1.0,0.0));
#8887=ORIENTED_EDGE('',*,*,#8888,.F.);
#8898=EDGE_CURVE('',#8871,#8889,#8903,.T.);
#8903=LINE('',#8872,#8905);
#8905=VECTOR('',#8906,0.220881493353524);
#8906=DIRECTION('',(-1.0,0.0,0.0));
#8897=ORIENTED_EDGE('',*,*,#8898,.F.);
#8907=STYLED_ITEM('',(#34),#8908);
#8908=ADVANCED_FACE('',(#8914),#8909,.T.);
#8909=PLANE('',#8910);
#8910=AXIS2_PLACEMENT_3D('',#8911,#8912,#8913);
#8911=CARTESIAN_POINT('',(2.423,-1.403,0.0));
#8912=DIRECTION('',(0.0,0.0,-1.0));
#8913=DIRECTION('',(0.,1.,0.));
#8914=FACE_OUTER_BOUND('',#8915,.T.);
#8915=EDGE_LOOP('',(#8916,#8926,#8936,#8946));
#8919=CARTESIAN_POINT('',(2.423,-1.098,0.0));
#8918=VERTEX_POINT('',#8919);
#8921=CARTESIAN_POINT('',(2.423,-1.403,0.0));
#8920=VERTEX_POINT('',#8921);
#8917=EDGE_CURVE('',#8918,#8920,#8922,.T.);
#8922=LINE('',#8919,#8924);
#8924=VECTOR('',#8925,0.304799995453006);
#8925=DIRECTION('',(0.0,-1.0,0.0));
#8916=ORIENTED_EDGE('',*,*,#8917,.F.);
#8929=CARTESIAN_POINT('',(2.644,-1.098,0.0));
#8928=VERTEX_POINT('',#8929);
#8927=EDGE_CURVE('',#8928,#8918,#8932,.T.);
#8932=LINE('',#8929,#8934);
#8934=VECTOR('',#8935,0.220881493353523);
#8935=DIRECTION('',(-1.0,0.0,0.0));
#8926=ORIENTED_EDGE('',*,*,#8927,.F.);
#8939=CARTESIAN_POINT('',(2.644,-1.403,0.0));
#8938=VERTEX_POINT('',#8939);
#8937=EDGE_CURVE('',#8938,#8928,#8942,.T.);
#8942=LINE('',#8939,#8944);
#8944=VECTOR('',#8945,0.3048);
#8945=DIRECTION('',(0.0,1.0,0.0));
#8936=ORIENTED_EDGE('',*,*,#8937,.F.);
#8947=EDGE_CURVE('',#8920,#8938,#8952,.T.);
#8952=LINE('',#8921,#8954);
#8954=VECTOR('',#8955,0.220881493353524);
#8955=DIRECTION('',(1.0,0.0,0.0));
#8946=ORIENTED_EDGE('',*,*,#8947,.F.);
#8956=STYLED_ITEM('',(#34),#8957);
#8957=ADVANCED_FACE('',(#8963),#8958,.T.);
#8958=PLANE('',#8959);
#8959=AXIS2_PLACEMENT_3D('',#8960,#8961,#8962);
#8960=CARTESIAN_POINT('',(2.644,-1.403,0.0));
#8961=DIRECTION('',(1.0,0.0,0.0));
#8962=DIRECTION('',(0.,0.,1.));
#8963=FACE_OUTER_BOUND('',#8964,.T.);
#8964=EDGE_LOOP('',(#8965,#8975,#8985,#8995));
#8965=ORIENTED_EDGE('',*,*,#8937,.T.);
#8976=EDGE_CURVE('',#8869,#8928,#8981,.T.);
#8981=LINE('',#8870,#8983);
#8983=VECTOR('',#8984,0.079375);
#8984=DIRECTION('',(0.0,0.0,-1.0));
#8975=ORIENTED_EDGE('',*,*,#8976,.F.);
#8985=ORIENTED_EDGE('',*,*,#8868,.T.);
#8996=EDGE_CURVE('',#8938,#8871,#9001,.T.);
#9001=LINE('',#8939,#9003);
#9003=VECTOR('',#9004,0.079375);
#9004=DIRECTION('',(0.0,0.0,1.0));
#8995=ORIENTED_EDGE('',*,*,#8996,.F.);
#9005=STYLED_ITEM($,(#34),#9006);
#9006=ADVANCED_FACE($,(#9012),#9007,.T.);
#9007=CYLINDRICAL_SURFACE($,#9008,0.15875);
#9008=AXIS2_PLACEMENT_3D($,#9009,#9010,#9011);
#9009=CARTESIAN_POINT('',(2.177,-1.098,0.159));
#9010=DIRECTION('',(0.0,1.0,0.0));
#9011=DIRECTION('',(0.,0.,1.));
#9012=FACE_OUTER_BOUND($,#9013,.T.);
#9013=EDGE_LOOP($,(#9025,#9035,#9046,#9014));
#9025=ORIENTED_EDGE('',*,*,#8692,.T.);
#9036=EDGE_CURVE($,#8791,#8683,#9041,.T.);
#9041=CIRCLE($,#9042,0.15875);
#9043=CARTESIAN_POINT('',(2.177,-1.403,0.159));
#9042=AXIS2_PLACEMENT_3D($,#9043,#9044,#9045);
#9044=DIRECTION('',(0.0,-1.0,0.0));
#9045=DIRECTION('',(-0.793,0.0,0.609));
#9035=ORIENTED_EDGE('',*,*,#9036,.F.);
#9046=ORIENTED_EDGE('',*,*,#8790,.T.);
#9015=EDGE_CURVE($,#8693,#8781,#9020,.T.);
#9020=CIRCLE($,#9021,0.15875);
#9022=CARTESIAN_POINT('',(2.177,-1.098,0.159));
#9021=AXIS2_PLACEMENT_3D($,#9022,#9023,#9024);
#9023=DIRECTION('',(0.0,1.0,0.0));
#9024=DIRECTION('',(0.793,0.0,-0.609));
#9014=ORIENTED_EDGE('',*,*,#9015,.F.);
#9056=STYLED_ITEM($,(#34),#9057);
#9057=ADVANCED_FACE($,(#9063),#9058,.F.);
#9058=CYLINDRICAL_SURFACE($,#9059,0.079375);
#9059=AXIS2_PLACEMENT_3D($,#9060,#9061,#9062);
#9060=CARTESIAN_POINT('',(2.177,-1.403,0.159));
#9061=DIRECTION('',(0.0,1.0,0.0));
#9062=DIRECTION('',(0.,0.,-1.));
#9063=FACE_OUTER_BOUND($,#9064,.T.);
#9064=EDGE_LOOP($,(#9076,#9086,#9097,#9065));
#9076=ORIENTED_EDGE('',*,*,#8741,.T.);
#9087=EDGE_CURVE($,#8840,#8732,#9092,.T.);
#9092=CIRCLE($,#9093,0.079375);
#9093=AXIS2_PLACEMENT_3D($,#9022,#9095,#9096);
#9095=DIRECTION('',(0.0,-1.0,0.0));
#9096=DIRECTION('',(-0.793,0.0,0.609));
#9086=ORIENTED_EDGE('',*,*,#9087,.F.);
#9097=ORIENTED_EDGE('',*,*,#8839,.T.);
#9066=EDGE_CURVE($,#8742,#8830,#9071,.T.);
#9071=CIRCLE($,#9072,0.079375);
#9072=AXIS2_PLACEMENT_3D($,#9043,#9074,#9075);
#9074=DIRECTION('',(0.0,1.0,0.0));
#9075=DIRECTION('',(0.793,0.0,-0.609));
#9065=ORIENTED_EDGE('',*,*,#9066,.F.);
#9107=STYLED_ITEM($,(#34),#9108);
#9108=ADVANCED_FACE($,(#9114),#9109,.F.);
#9109=CYLINDRICAL_SURFACE($,#9110,0.079375);
#9110=AXIS2_PLACEMENT_3D($,#9111,#9112,#9113);
#9111=CARTESIAN_POINT('',(2.423,-1.403,0.159));
#9112=DIRECTION('',(0.0,1.0,0.0));
#9113=DIRECTION('',(0.,0.,1.));
#9114=FACE_OUTER_BOUND($,#9115,.T.);
#9115=EDGE_LOOP($,(#9127,#9137,#9148,#9116));
#9127=ORIENTED_EDGE('',*,*,#8888,.T.);
#9138=EDGE_CURVE($,#8771,#8879,#9143,.T.);
#9143=CIRCLE($,#9144,0.079375);
#9145=CARTESIAN_POINT('',(2.423,-1.098,0.159));
#9144=AXIS2_PLACEMENT_3D($,#9145,#9146,#9147);
#9146=DIRECTION('',(0.0,-1.0,0.0));
#9147=DIRECTION('',(0.793,0.0,-0.609));
#9137=ORIENTED_EDGE('',*,*,#9138,.F.);
#9148=ORIENTED_EDGE('',*,*,#8770,.T.);
#9117=EDGE_CURVE($,#8889,#8773,#9122,.T.);
#9122=CIRCLE($,#9123,0.079375);
#9124=CARTESIAN_POINT('',(2.423,-1.403,0.159));
#9123=AXIS2_PLACEMENT_3D($,#9124,#9125,#9126);
#9125=DIRECTION('',(0.0,1.0,0.0));
#9126=DIRECTION('',(-0.793,0.0,0.609));
#9116=ORIENTED_EDGE('',*,*,#9117,.F.);
#9158=STYLED_ITEM($,(#34),#9159);
#9159=ADVANCED_FACE($,(#9165),#9160,.T.);
#9160=CYLINDRICAL_SURFACE($,#9161,0.15875);
#9161=AXIS2_PLACEMENT_3D($,#9162,#9163,#9164);
#9162=CARTESIAN_POINT('',(2.423,-1.403,0.159));
#9163=DIRECTION('',(0.0,1.0,0.0));
#9164=DIRECTION('',(0.,0.,-1.));
#9165=FACE_OUTER_BOUND($,#9166,.T.);
#9166=EDGE_LOOP($,(#9178,#9188,#9199,#9167));
#9178=ORIENTED_EDGE('',*,*,#8917,.T.);
#9189=EDGE_CURVE($,#8820,#8920,#9194,.T.);
#9194=CIRCLE($,#9195,0.15875);
#9195=AXIS2_PLACEMENT_3D($,#9124,#9197,#9198);
#9197=DIRECTION('',(0.0,-1.0,0.0));
#9198=DIRECTION('',(0.793,0.0,-0.609));
#9188=ORIENTED_EDGE('',*,*,#9189,.F.);
#9199=ORIENTED_EDGE('',*,*,#8819,.T.);
#9168=EDGE_CURVE($,#8918,#8822,#9173,.T.);
#9173=CIRCLE($,#9174,0.15875);
#9174=AXIS2_PLACEMENT_3D($,#9145,#9176,#9177);
#9176=DIRECTION('',(0.0,1.0,0.0));
#9177=DIRECTION('',(-0.793,0.0,0.609));
#9167=ORIENTED_EDGE('',*,*,#9168,.F.);
#9209=STYLED_ITEM('color',(#34),#9210);
#9210=ADVANCED_FACE($,(#9216),#9211,.T.);
#9211=PLANE($,#9212);
#9212=AXIS2_PLACEMENT_3D($,#9213,#9214,#9215);
#9213=CARTESIAN_POINT('',(1.956,-1.403,0.238));
#9214=DIRECTION('',(0.0,-1.0,0.0));
#9215=DIRECTION('',(1.,0.,0.));
#9216=FACE_OUTER_BOUND($,#9217,.T.);
#9217=EDGE_LOOP($,(#9220, #9230, #9240, #9303, #9314, #9250, #9261, #9271, #9281, #9291, #9324, #9334));
#9220=ORIENTED_EDGE('',*,*,#8682,.T.);
#9230=ORIENTED_EDGE('',*,*,#8633,.T.);
#9240=ORIENTED_EDGE('',*,*,#8751,.T.);
#9303=ORIENTED_EDGE('',*,*,#9066,.T.);
#9314=ORIENTED_EDGE('',*,*,#8829,.T.);
#9250=ORIENTED_EDGE('',*,*,#9189,.T.);
#9261=ORIENTED_EDGE('',*,*,#8947,.T.);
#9271=ORIENTED_EDGE('',*,*,#8996,.T.);
#9281=ORIENTED_EDGE('',*,*,#8898,.T.);
#9291=ORIENTED_EDGE('',*,*,#9117,.T.);
#9324=ORIENTED_EDGE('',*,*,#8800,.T.);
#9334=ORIENTED_EDGE('',*,*,#9036,.T.);
#9345=STYLED_ITEM('color',(#34),#9346);
#9346=ADVANCED_FACE($,(#9352),#9347,.T.);
#9347=PLANE($,#9348);
#9348=AXIS2_PLACEMENT_3D($,#9349,#9350,#9351);
#9349=CARTESIAN_POINT('',(2.423,-1.098,0.079));
#9350=DIRECTION('',(0.0,1.0,0.0));
#9351=DIRECTION('',(1.,0.,0.));
#9352=FACE_OUTER_BOUND($,#9353,.T.);
#9353=EDGE_LOOP($,(#9356, #9366, #9376, #9439, #9450, #9386, #9397, #9407, #9417, #9427, #9460, #9470));
#9356=ORIENTED_EDGE('',*,*,#8731,.T.);
#9366=ORIENTED_EDGE('',*,*,#8653,.T.);
#9376=ORIENTED_EDGE('',*,*,#8702,.T.);
#9439=ORIENTED_EDGE('',*,*,#9015,.T.);
#9450=ORIENTED_EDGE('',*,*,#8780,.T.);
#9386=ORIENTED_EDGE('',*,*,#9138,.T.);
#9397=ORIENTED_EDGE('',*,*,#8878,.T.);
#9407=ORIENTED_EDGE('',*,*,#8976,.T.);
#9417=ORIENTED_EDGE('',*,*,#8927,.T.);
#9427=ORIENTED_EDGE('',*,*,#9168,.T.);
#9460=ORIENTED_EDGE('',*,*,#8849,.T.);
#9470=ORIENTED_EDGE('',*,*,#9087,.T.);
#9481=MANIFOLD_SOLID_BREP($,#9482);
#9482=CLOSED_SHELL('',(#9484,#9533,#9582,#9631,#9680,#9729,#9778,#9827,#9876,#9927,#9978,#10029,#10080,#10216));
#9483=STYLED_ITEM('',(#34),#9484);
#9484=ADVANCED_FACE('',(#9490),#9485,.T.);
#9485=PLANE('',#9486);
#9486=AXIS2_PLACEMENT_3D('',#9487,#9488,#9489);
#9487=CARTESIAN_POINT('',(1.956,-0.598,0.238));
#9488=DIRECTION('',(-1.0,0.0,0.0));
#9489=DIRECTION('',(0.,0.,1.));
#9490=FACE_OUTER_BOUND('',#9491,.T.);
#9491=EDGE_LOOP('',(#9492,#9502,#9512,#9522));
#9495=CARTESIAN_POINT('',(1.956,-0.903,0.238));
#9494=VERTEX_POINT('',#9495);
#9497=CARTESIAN_POINT('',(1.956,-0.598,0.238));
#9496=VERTEX_POINT('',#9497);
#9493=EDGE_CURVE('',#9494,#9496,#9498,.T.);
#9498=LINE('',#9495,#9500);
#9500=VECTOR('',#9501,0.30479999488798);
#9501=DIRECTION('',(0.0,1.0,0.0));
#9492=ORIENTED_EDGE('',*,*,#9493,.F.);
#9505=CARTESIAN_POINT('',(1.956,-0.903,0.318));
#9504=VERTEX_POINT('',#9505);
#9503=EDGE_CURVE('',#9504,#9494,#9508,.T.);
#9508=LINE('',#9505,#9510);
#9510=VECTOR('',#9511,0.079375);
#9511=DIRECTION('',(0.0,0.0,-1.0));
#9502=ORIENTED_EDGE('',*,*,#9503,.F.);
#9515=CARTESIAN_POINT('',(1.956,-0.598,0.318));
#9514=VERTEX_POINT('',#9515);
#9513=EDGE_CURVE('',#9514,#9504,#9518,.T.);
#9518=LINE('',#9515,#9520);
#9520=VECTOR('',#9521,0.30479999488798);
#9521=DIRECTION('',(0.0,-1.0,0.0));
#9512=ORIENTED_EDGE('',*,*,#9513,.F.);
#9523=EDGE_CURVE('',#9496,#9514,#9528,.T.);
#9528=LINE('',#9497,#9530);
#9530=VECTOR('',#9531,0.079375);
#9531=DIRECTION('',(0.0,0.0,1.0));
#9522=ORIENTED_EDGE('',*,*,#9523,.F.);
#9532=STYLED_ITEM('',(#34),#9533);
#9533=ADVANCED_FACE('',(#9539),#9534,.T.);
#9534=PLANE('',#9535);
#9535=AXIS2_PLACEMENT_3D('',#9536,#9537,#9538);
#9536=CARTESIAN_POINT('',(1.956,-0.598,0.318));
#9537=DIRECTION('',(0.0,0.0,1.0));
#9538=DIRECTION('',(0.,1.,0.));
#9539=FACE_OUTER_BOUND('',#9540,.T.);
#9540=EDGE_LOOP('',(#9541,#9551,#9561,#9571));
#9541=ORIENTED_EDGE('',*,*,#9513,.T.);
#9554=CARTESIAN_POINT('',(2.177,-0.903,0.318));
#9553=VERTEX_POINT('',#9554);
#9552=EDGE_CURVE('',#9553,#9504,#9557,.T.);
#9557=LINE('',#9554,#9559);
#9559=VECTOR('',#9560,0.220881495615772);
#9560=DIRECTION('',(-1.0,0.0,0.0));
#9551=ORIENTED_EDGE('',*,*,#9552,.F.);
#9564=CARTESIAN_POINT('',(2.177,-0.598,0.318));
#9563=VERTEX_POINT('',#9564);
#9562=EDGE_CURVE('',#9563,#9553,#9567,.T.);
#9567=LINE('',#9564,#9569);
#9569=VECTOR('',#9570,0.304799994978664);
#9570=DIRECTION('',(0.0,-1.0,0.0));
#9561=ORIENTED_EDGE('',*,*,#9562,.F.);
#9572=EDGE_CURVE('',#9514,#9563,#9577,.T.);
#9577=LINE('',#9515,#9579);
#9579=VECTOR('',#9580,0.220881495615772);
#9580=DIRECTION('',(1.0,0.0,0.0));
#9571=ORIENTED_EDGE('',*,*,#9572,.F.);
#9581=STYLED_ITEM('',(#34),#9582);
#9582=ADVANCED_FACE('',(#9588),#9583,.T.);
#9583=PLANE('',#9584);
#9584=AXIS2_PLACEMENT_3D('',#9585,#9586,#9587);
#9585=CARTESIAN_POINT('',(1.956,-0.903,0.238));
#9586=DIRECTION('',(0.0,0.0,-1.0));
#9587=DIRECTION('',(0.,1.,0.));
#9588=FACE_OUTER_BOUND('',#9589,.T.);
#9589=EDGE_LOOP('',(#9590,#9600,#9610,#9620));
#9590=ORIENTED_EDGE('',*,*,#9493,.T.);
#9603=CARTESIAN_POINT('',(2.177,-0.598,0.238));
#9602=VERTEX_POINT('',#9603);
#9601=EDGE_CURVE('',#9602,#9496,#9606,.T.);
#9606=LINE('',#9603,#9608);
#9608=VECTOR('',#9609,0.220881495615772);
#9609=DIRECTION('',(-1.0,0.0,0.0));
#9600=ORIENTED_EDGE('',*,*,#9601,.F.);
#9613=CARTESIAN_POINT('',(2.177,-0.903,0.238));
#9612=VERTEX_POINT('',#9613);
#9611=EDGE_CURVE('',#9612,#9602,#9616,.T.);
#9616=LINE('',#9613,#9618);
#9618=VECTOR('',#9619,0.304799994978664);
#9619=DIRECTION('',(0.0,1.0,0.0));
#9610=ORIENTED_EDGE('',*,*,#9611,.F.);
#9621=EDGE_CURVE('',#9494,#9612,#9626,.T.);
#9626=LINE('',#9495,#9628);
#9628=VECTOR('',#9629,0.220881495615772);
#9629=DIRECTION('',(1.0,0.0,0.0));
#9620=ORIENTED_EDGE('',*,*,#9621,.F.);
#9630=STYLED_ITEM('',(#34),#9631);
#9631=ADVANCED_FACE('',(#9637),#9632,.T.);
#9632=PLANE('',#9633);
#9633=AXIS2_PLACEMENT_3D('',#9634,#9635,#9636);
#9634=CARTESIAN_POINT('',(2.347,-0.903,0.138));
#9635=DIRECTION('',(0.966,0.0,0.259));
#9636=DIRECTION('',(0.,0.,1.));
#9637=FACE_OUTER_BOUND('',#9638,.T.);
#9638=EDGE_LOOP('',(#9639,#9649,#9659,#9669));
#9642=CARTESIAN_POINT('',(2.347,-0.598,0.138));
#9641=VERTEX_POINT('',#9642);
#9644=CARTESIAN_POINT('',(2.347,-0.903,0.138));
#9643=VERTEX_POINT('',#9644);
#9640=EDGE_CURVE('',#9641,#9643,#9645,.T.);
#9645=LINE('',#9642,#9647);
#9647=VECTOR('',#9648,0.304799995199375);
#9648=DIRECTION('',(0.0,-1.0,0.0));
#9639=ORIENTED_EDGE('',*,*,#9640,.F.);
#9652=CARTESIAN_POINT('',(2.33,-0.598,0.2));
#9651=VERTEX_POINT('',#9652);
#9650=EDGE_CURVE('',#9651,#9641,#9655,.T.);
#9655=LINE('',#9652,#9657);
#9657=VECTOR('',#9658,0.063804620199384);
#9658=DIRECTION('',(0.259,0.0,-0.966));
#9649=ORIENTED_EDGE('',*,*,#9650,.F.);
#9662=CARTESIAN_POINT('',(2.33,-0.903,0.2));
#9661=VERTEX_POINT('',#9662);
#9660=EDGE_CURVE('',#9661,#9651,#9665,.T.);
#9665=LINE('',#9662,#9667);
#9667=VECTOR('',#9668,0.304799995163811);
#9668=DIRECTION('',(0.0,1.0,0.0));
#9659=ORIENTED_EDGE('',*,*,#9660,.F.);
#9670=EDGE_CURVE('',#9643,#9661,#9675,.T.);
#9675=LINE('',#9644,#9677);
#9677=VECTOR('',#9678,0.063804620199384);
#9678=DIRECTION('',(-0.259,0.0,0.966));
#9669=ORIENTED_EDGE('',*,*,#9670,.F.);
#9679=STYLED_ITEM('',(#34),#9680);
#9680=ADVANCED_FACE('',(#9686),#9681,.T.);
#9681=PLANE('',#9682);
#9682=AXIS2_PLACEMENT_3D('',#9683,#9684,#9685);
#9683=CARTESIAN_POINT('',(2.27,-0.598,0.118));
#9684=DIRECTION('',(-0.966,0.0,-0.259));
#9685=DIRECTION('',(0.,0.,1.));
#9686=FACE_OUTER_BOUND('',#9687,.T.);
#9687=EDGE_LOOP('',(#9688,#9698,#9708,#9718));
#9691=CARTESIAN_POINT('',(2.27,-0.903,0.118));
#9690=VERTEX_POINT('',#9691);
#9693=CARTESIAN_POINT('',(2.27,-0.598,0.118));
#9692=VERTEX_POINT('',#9693);
#9689=EDGE_CURVE('',#9690,#9692,#9694,.T.);
#9694=LINE('',#9691,#9696);
#9696=VECTOR('',#9697,0.304799995067094);
#9697=DIRECTION('',(0.0,1.0,0.0));
#9688=ORIENTED_EDGE('',*,*,#9689,.F.);
#9701=CARTESIAN_POINT('',(2.253,-0.903,0.179));
#9700=VERTEX_POINT('',#9701);
#9699=EDGE_CURVE('',#9700,#9690,#9704,.T.);
#9704=LINE('',#9701,#9706);
#9706=VECTOR('',#9707,0.0638046202038981);
#9707=DIRECTION('',(0.259,0.0,-0.966));
#9698=ORIENTED_EDGE('',*,*,#9699,.F.);
#9711=CARTESIAN_POINT('',(2.253,-0.598,0.179));
#9710=VERTEX_POINT('',#9711);
#9709=EDGE_CURVE('',#9710,#9700,#9714,.T.);
#9714=LINE('',#9711,#9716);
#9716=VECTOR('',#9717,0.304799995047204);
#9717=DIRECTION('',(0.0,-1.0,0.0));
#9708=ORIENTED_EDGE('',*,*,#9709,.F.);
#9719=EDGE_CURVE('',#9692,#9710,#9724,.T.);
#9724=LINE('',#9693,#9726);
#9726=VECTOR('',#9727,0.063804620203898);
#9727=DIRECTION('',(-0.259,0.0,0.966));
#9718=ORIENTED_EDGE('',*,*,#9719,.F.);
#9728=STYLED_ITEM('',(#34),#9729);
#9729=ADVANCED_FACE('',(#9735),#9730,.T.);
#9730=PLANE('',#9731);
#9731=AXIS2_PLACEMENT_3D('',#9732,#9733,#9734);
#9732=CARTESIAN_POINT('',(2.644,-0.903,0.079));
#9733=DIRECTION('',(0.0,0.0,1.0));
#9734=DIRECTION('',(0.,1.,0.));
#9735=FACE_OUTER_BOUND('',#9736,.T.);
#9736=EDGE_LOOP('',(#9737,#9747,#9757,#9767));
#9740=CARTESIAN_POINT('',(2.644,-0.598,0.079));
#9739=VERTEX_POINT('',#9740);
#9742=CARTESIAN_POINT('',(2.644,-0.903,0.079));
#9741=VERTEX_POINT('',#9742);
#9738=EDGE_CURVE('',#9739,#9741,#9743,.T.);
#9743=LINE('',#9740,#9745);
#9745=VECTOR('',#9746,0.3048);
#9746=DIRECTION('',(0.0,-1.0,0.0));
#9737=ORIENTED_EDGE('',*,*,#9738,.F.);
#9750=CARTESIAN_POINT('',(2.423,-0.598,0.079));
#9749=VERTEX_POINT('',#9750);
#9748=EDGE_CURVE('',#9749,#9739,#9753,.T.);
#9753=LINE('',#9750,#9755);
#9755=VECTOR('',#9756,0.220881493353523);
#9756=DIRECTION('',(1.0,0.0,0.0));
#9747=ORIENTED_EDGE('',*,*,#9748,.F.);
#9760=CARTESIAN_POINT('',(2.423,-0.903,0.079));
#9759=VERTEX_POINT('',#9760);
#9758=EDGE_CURVE('',#9759,#9749,#9763,.T.);
#9763=LINE('',#9760,#9765);
#9765=VECTOR('',#9766,0.304799995453006);
#9766=DIRECTION('',(0.0,1.0,0.0));
#9757=ORIENTED_EDGE('',*,*,#9758,.F.);
#9768=EDGE_CURVE('',#9741,#9759,#9773,.T.);
#9773=LINE('',#9742,#9775);
#9775=VECTOR('',#9776,0.220881493353524);
#9776=DIRECTION('',(-1.0,0.0,0.0));
#9767=ORIENTED_EDGE('',*,*,#9768,.F.);
#9777=STYLED_ITEM('',(#34),#9778);
#9778=ADVANCED_FACE('',(#9784),#9779,.T.);
#9779=PLANE('',#9780);
#9780=AXIS2_PLACEMENT_3D('',#9781,#9782,#9783);
#9781=CARTESIAN_POINT('',(2.423,-0.903,0.0));
#9782=DIRECTION('',(0.0,0.0,-1.0));
#9783=DIRECTION('',(0.,1.,0.));
#9784=FACE_OUTER_BOUND('',#9785,.T.);
#9785=EDGE_LOOP('',(#9786,#9796,#9806,#9816));
#9789=CARTESIAN_POINT('',(2.423,-0.598,0.0));
#9788=VERTEX_POINT('',#9789);
#9791=CARTESIAN_POINT('',(2.423,-0.903,0.0));
#9790=VERTEX_POINT('',#9791);
#9787=EDGE_CURVE('',#9788,#9790,#9792,.T.);
#9792=LINE('',#9789,#9794);
#9794=VECTOR('',#9795,0.304799995453006);
#9795=DIRECTION('',(0.0,-1.0,0.0));
#9786=ORIENTED_EDGE('',*,*,#9787,.F.);
#9799=CARTESIAN_POINT('',(2.644,-0.598,0.0));
#9798=VERTEX_POINT('',#9799);
#9797=EDGE_CURVE('',#9798,#9788,#9802,.T.);
#9802=LINE('',#9799,#9804);
#9804=VECTOR('',#9805,0.220881493353523);
#9805=DIRECTION('',(-1.0,0.0,0.0));
#9796=ORIENTED_EDGE('',*,*,#9797,.F.);
#9809=CARTESIAN_POINT('',(2.644,-0.903,0.0));
#9808=VERTEX_POINT('',#9809);
#9807=EDGE_CURVE('',#9808,#9798,#9812,.T.);
#9812=LINE('',#9809,#9814);
#9814=VECTOR('',#9815,0.3048);
#9815=DIRECTION('',(0.0,1.0,0.0));
#9806=ORIENTED_EDGE('',*,*,#9807,.F.);
#9817=EDGE_CURVE('',#9790,#9808,#9822,.T.);
#9822=LINE('',#9791,#9824);
#9824=VECTOR('',#9825,0.220881493353524);
#9825=DIRECTION('',(1.0,0.0,0.0));
#9816=ORIENTED_EDGE('',*,*,#9817,.F.);
#9826=STYLED_ITEM('',(#34),#9827);
#9827=ADVANCED_FACE('',(#9833),#9828,.T.);
#9828=PLANE('',#9829);
#9829=AXIS2_PLACEMENT_3D('',#9830,#9831,#9832);
#9830=CARTESIAN_POINT('',(2.644,-0.903,0.0));
#9831=DIRECTION('',(1.0,0.0,0.0));
#9832=DIRECTION('',(0.,0.,1.));
#9833=FACE_OUTER_BOUND('',#9834,.T.);
#9834=EDGE_LOOP('',(#9835,#9845,#9855,#9865));
#9835=ORIENTED_EDGE('',*,*,#9807,.T.);
#9846=EDGE_CURVE('',#9739,#9798,#9851,.T.);
#9851=LINE('',#9740,#9853);
#9853=VECTOR('',#9854,0.079375);
#9854=DIRECTION('',(0.0,0.0,-1.0));
#9845=ORIENTED_EDGE('',*,*,#9846,.F.);
#9855=ORIENTED_EDGE('',*,*,#9738,.T.);
#9866=EDGE_CURVE('',#9808,#9741,#9871,.T.);
#9871=LINE('',#9809,#9873);
#9873=VECTOR('',#9874,0.079375);
#9874=DIRECTION('',(0.0,0.0,1.0));
#9865=ORIENTED_EDGE('',*,*,#9866,.F.);
#9875=STYLED_ITEM($,(#34),#9876);
#9876=ADVANCED_FACE($,(#9882),#9877,.T.);
#9877=CYLINDRICAL_SURFACE($,#9878,0.15875);
#9878=AXIS2_PLACEMENT_3D($,#9879,#9880,#9881);
#9879=CARTESIAN_POINT('',(2.177,-0.598,0.159));
#9880=DIRECTION('',(0.0,1.0,0.0));
#9881=DIRECTION('',(0.,0.,1.));
#9882=FACE_OUTER_BOUND($,#9883,.T.);
#9883=EDGE_LOOP($,(#9895,#9905,#9916,#9884));
#9895=ORIENTED_EDGE('',*,*,#9562,.T.);
#9906=EDGE_CURVE($,#9661,#9553,#9911,.T.);
#9911=CIRCLE($,#9912,0.15875);
#9913=CARTESIAN_POINT('',(2.177,-0.903,0.159));
#9912=AXIS2_PLACEMENT_3D($,#9913,#9914,#9915);
#9914=DIRECTION('',(0.0,-1.0,0.0));
#9915=DIRECTION('',(-0.793,0.0,0.609));
#9905=ORIENTED_EDGE('',*,*,#9906,.F.);
#9916=ORIENTED_EDGE('',*,*,#9660,.T.);
#9885=EDGE_CURVE($,#9563,#9651,#9890,.T.);
#9890=CIRCLE($,#9891,0.15875);
#9892=CARTESIAN_POINT('',(2.177,-0.598,0.159));
#9891=AXIS2_PLACEMENT_3D($,#9892,#9893,#9894);
#9893=DIRECTION('',(0.0,1.0,0.0));
#9894=DIRECTION('',(0.793,0.0,-0.609));
#9884=ORIENTED_EDGE('',*,*,#9885,.F.);
#9926=STYLED_ITEM($,(#34),#9927);
#9927=ADVANCED_FACE($,(#9933),#9928,.F.);
#9928=CYLINDRICAL_SURFACE($,#9929,0.079375);
#9929=AXIS2_PLACEMENT_3D($,#9930,#9931,#9932);
#9930=CARTESIAN_POINT('',(2.177,-0.903,0.159));
#9931=DIRECTION('',(0.0,1.0,0.0));
#9932=DIRECTION('',(0.,0.,-1.));
#9933=FACE_OUTER_BOUND($,#9934,.T.);
#9934=EDGE_LOOP($,(#9946,#9956,#9967,#9935));
#9946=ORIENTED_EDGE('',*,*,#9611,.T.);
#9957=EDGE_CURVE($,#9710,#9602,#9962,.T.);
#9962=CIRCLE($,#9963,0.079375);
#9963=AXIS2_PLACEMENT_3D($,#9892,#9965,#9966);
#9965=DIRECTION('',(0.0,-1.0,0.0));
#9966=DIRECTION('',(-0.793,0.0,0.609));
#9956=ORIENTED_EDGE('',*,*,#9957,.F.);
#9967=ORIENTED_EDGE('',*,*,#9709,.T.);
#9936=EDGE_CURVE($,#9612,#9700,#9941,.T.);
#9941=CIRCLE($,#9942,0.079375);
#9942=AXIS2_PLACEMENT_3D($,#9913,#9944,#9945);
#9944=DIRECTION('',(0.0,1.0,0.0));
#9945=DIRECTION('',(0.793,0.0,-0.609));
#9935=ORIENTED_EDGE('',*,*,#9936,.F.);
#9977=STYLED_ITEM($,(#34),#9978);
#9978=ADVANCED_FACE($,(#9984),#9979,.F.);
#9979=CYLINDRICAL_SURFACE($,#9980,0.079375);
#9980=AXIS2_PLACEMENT_3D($,#9981,#9982,#9983);
#9981=CARTESIAN_POINT('',(2.423,-0.903,0.159));
#9982=DIRECTION('',(0.0,1.0,0.0));
#9983=DIRECTION('',(0.,0.,1.));
#9984=FACE_OUTER_BOUND($,#9985,.T.);
#9985=EDGE_LOOP($,(#9997,#10007,#10018,#9986));
#9997=ORIENTED_EDGE('',*,*,#9758,.T.);
#10008=EDGE_CURVE($,#9641,#9749,#10013,.T.);
#10013=CIRCLE($,#10014,0.079375);
#10015=CARTESIAN_POINT('',(2.423,-0.598,0.159));
#10014=AXIS2_PLACEMENT_3D($,#10015,#10016,#10017);
#10016=DIRECTION('',(0.0,-1.0,0.0));
#10017=DIRECTION('',(0.793,0.0,-0.609));
#10007=ORIENTED_EDGE('',*,*,#10008,.F.);
#10018=ORIENTED_EDGE('',*,*,#9640,.T.);
#9987=EDGE_CURVE($,#9759,#9643,#9992,.T.);
#9992=CIRCLE($,#9993,0.079375);
#9994=CARTESIAN_POINT('',(2.423,-0.903,0.159));
#9993=AXIS2_PLACEMENT_3D($,#9994,#9995,#9996);
#9995=DIRECTION('',(0.0,1.0,0.0));
#9996=DIRECTION('',(-0.793,0.0,0.609));
#9986=ORIENTED_EDGE('',*,*,#9987,.F.);
#10028=STYLED_ITEM($,(#34),#10029);
#10029=ADVANCED_FACE($,(#10035),#10030,.T.);
#10030=CYLINDRICAL_SURFACE($,#10031,0.15875);
#10031=AXIS2_PLACEMENT_3D($,#10032,#10033,#10034);
#10032=CARTESIAN_POINT('',(2.423,-0.903,0.159));
#10033=DIRECTION('',(0.0,1.0,0.0));
#10034=DIRECTION('',(0.,0.,-1.));
#10035=FACE_OUTER_BOUND($,#10036,.T.);
#10036=EDGE_LOOP($,(#10048,#10058,#10069,#10037));
#10048=ORIENTED_EDGE('',*,*,#9787,.T.);
#10059=EDGE_CURVE($,#9690,#9790,#10064,.T.);
#10064=CIRCLE($,#10065,0.15875);
#10065=AXIS2_PLACEMENT_3D($,#9994,#10067,#10068);
#10067=DIRECTION('',(0.0,-1.0,0.0));
#10068=DIRECTION('',(0.793,0.0,-0.609));
#10058=ORIENTED_EDGE('',*,*,#10059,.F.);
#10069=ORIENTED_EDGE('',*,*,#9689,.T.);
#10038=EDGE_CURVE($,#9788,#9692,#10043,.T.);
#10043=CIRCLE($,#10044,0.15875);
#10044=AXIS2_PLACEMENT_3D($,#10015,#10046,#10047);
#10046=DIRECTION('',(0.0,1.0,0.0));
#10047=DIRECTION('',(-0.793,0.0,0.609));
#10037=ORIENTED_EDGE('',*,*,#10038,.F.);
#10079=STYLED_ITEM('color',(#34),#10080);
#10080=ADVANCED_FACE($,(#10086),#10081,.T.);
#10081=PLANE($,#10082);
#10082=AXIS2_PLACEMENT_3D($,#10083,#10084,#10085);
#10083=CARTESIAN_POINT('',(1.956,-0.903,0.238));
#10084=DIRECTION('',(0.0,-1.0,0.0));
#10085=DIRECTION('',(1.,0.,0.));
#10086=FACE_OUTER_BOUND($,#10087,.T.);
#10087=EDGE_LOOP($,(#10090, #10100, #10110, #10173, #10184, #10120, #10131, #10141, #10151, #10161, #10194, #10204));
#10090=ORIENTED_EDGE('',*,*,#9552,.T.);
#10100=ORIENTED_EDGE('',*,*,#9503,.T.);
#10110=ORIENTED_EDGE('',*,*,#9621,.T.);
#10173=ORIENTED_EDGE('',*,*,#9936,.T.);
#10184=ORIENTED_EDGE('',*,*,#9699,.T.);
#10120=ORIENTED_EDGE('',*,*,#10059,.T.);
#10131=ORIENTED_EDGE('',*,*,#9817,.T.);
#10141=ORIENTED_EDGE('',*,*,#9866,.T.);
#10151=ORIENTED_EDGE('',*,*,#9768,.T.);
#10161=ORIENTED_EDGE('',*,*,#9987,.T.);
#10194=ORIENTED_EDGE('',*,*,#9670,.T.);
#10204=ORIENTED_EDGE('',*,*,#9906,.T.);
#10215=STYLED_ITEM('color',(#34),#10216);
#10216=ADVANCED_FACE($,(#10222),#10217,.T.);
#10217=PLANE($,#10218);
#10218=AXIS2_PLACEMENT_3D($,#10219,#10220,#10221);
#10219=CARTESIAN_POINT('',(2.423,-0.598,0.079));
#10220=DIRECTION('',(0.0,1.0,0.0));
#10221=DIRECTION('',(1.,0.,0.));
#10222=FACE_OUTER_BOUND($,#10223,.T.);
#10223=EDGE_LOOP($,(#10226, #10236, #10246, #10309, #10320, #10256, #10267, #10277, #10287, #10297, #10330, #10340));
#10226=ORIENTED_EDGE('',*,*,#9601,.T.);
#10236=ORIENTED_EDGE('',*,*,#9523,.T.);
#10246=ORIENTED_EDGE('',*,*,#9572,.T.);
#10309=ORIENTED_EDGE('',*,*,#9885,.T.);
#10320=ORIENTED_EDGE('',*,*,#9650,.T.);
#10256=ORIENTED_EDGE('',*,*,#10008,.T.);
#10267=ORIENTED_EDGE('',*,*,#9748,.T.);
#10277=ORIENTED_EDGE('',*,*,#9846,.T.);
#10287=ORIENTED_EDGE('',*,*,#9797,.T.);
#10297=ORIENTED_EDGE('',*,*,#10038,.T.);
#10330=ORIENTED_EDGE('',*,*,#9719,.T.);
#10340=ORIENTED_EDGE('',*,*,#9957,.T.);
#10351=MANIFOLD_SOLID_BREP($,#10352);
#10352=CLOSED_SHELL('',(#10354,#10403,#10452,#10501,#10550,#10599,#10648,#10697,#10746,#10797,#10848,#10899,#10950,#11086));
#10353=STYLED_ITEM('',(#34),#10354);
#10354=ADVANCED_FACE('',(#10360),#10355,.T.);
#10355=PLANE('',#10356);
#10356=AXIS2_PLACEMENT_3D('',#10357,#10358,#10359);
#10357=CARTESIAN_POINT('',(1.956,-0.098,0.238));
#10358=DIRECTION('',(-1.0,0.0,0.0));
#10359=DIRECTION('',(0.,0.,1.));
#10360=FACE_OUTER_BOUND('',#10361,.T.);
#10361=EDGE_LOOP('',(#10362,#10372,#10382,#10392));
#10365=CARTESIAN_POINT('',(1.956,-0.402,0.238));
#10364=VERTEX_POINT('',#10365);
#10367=CARTESIAN_POINT('',(1.956,-0.098,0.238));
#10366=VERTEX_POINT('',#10367);
#10363=EDGE_CURVE('',#10364,#10366,#10368,.T.);
#10368=LINE('',#10365,#10370);
#10370=VECTOR('',#10371,0.30479999488798);
#10371=DIRECTION('',(0.0,1.0,0.0));
#10362=ORIENTED_EDGE('',*,*,#10363,.F.);
#10375=CARTESIAN_POINT('',(1.956,-0.402,0.318));
#10374=VERTEX_POINT('',#10375);
#10373=EDGE_CURVE('',#10374,#10364,#10378,.T.);
#10378=LINE('',#10375,#10380);
#10380=VECTOR('',#10381,0.079375);
#10381=DIRECTION('',(0.0,0.0,-1.0));
#10372=ORIENTED_EDGE('',*,*,#10373,.F.);
#10385=CARTESIAN_POINT('',(1.956,-0.098,0.318));
#10384=VERTEX_POINT('',#10385);
#10383=EDGE_CURVE('',#10384,#10374,#10388,.T.);
#10388=LINE('',#10385,#10390);
#10390=VECTOR('',#10391,0.30479999488798);
#10391=DIRECTION('',(0.0,-1.0,0.0));
#10382=ORIENTED_EDGE('',*,*,#10383,.F.);
#10393=EDGE_CURVE('',#10366,#10384,#10398,.T.);
#10398=LINE('',#10367,#10400);
#10400=VECTOR('',#10401,0.079375);
#10401=DIRECTION('',(0.0,0.0,1.0));
#10392=ORIENTED_EDGE('',*,*,#10393,.F.);
#10402=STYLED_ITEM('',(#34),#10403);
#10403=ADVANCED_FACE('',(#10409),#10404,.T.);
#10404=PLANE('',#10405);
#10405=AXIS2_PLACEMENT_3D('',#10406,#10407,#10408);
#10406=CARTESIAN_POINT('',(1.956,-0.098,0.318));
#10407=DIRECTION('',(0.0,0.0,1.0));
#10408=DIRECTION('',(0.,1.,0.));
#10409=FACE_OUTER_BOUND('',#10410,.T.);
#10410=EDGE_LOOP('',(#10411,#10421,#10431,#10441));
#10411=ORIENTED_EDGE('',*,*,#10383,.T.);
#10424=CARTESIAN_POINT('',(2.177,-0.402,0.318));
#10423=VERTEX_POINT('',#10424);
#10422=EDGE_CURVE('',#10423,#10374,#10427,.T.);
#10427=LINE('',#10424,#10429);
#10429=VECTOR('',#10430,0.220881495615772);
#10430=DIRECTION('',(-1.0,0.0,0.0));
#10421=ORIENTED_EDGE('',*,*,#10422,.F.);
#10434=CARTESIAN_POINT('',(2.177,-0.098,0.318));
#10433=VERTEX_POINT('',#10434);
#10432=EDGE_CURVE('',#10433,#10423,#10437,.T.);
#10437=LINE('',#10434,#10439);
#10439=VECTOR('',#10440,0.304799994978664);
#10440=DIRECTION('',(0.0,-1.0,0.0));
#10431=ORIENTED_EDGE('',*,*,#10432,.F.);
#10442=EDGE_CURVE('',#10384,#10433,#10447,.T.);
#10447=LINE('',#10385,#10449);
#10449=VECTOR('',#10450,0.220881495615772);
#10450=DIRECTION('',(1.0,0.0,0.0));
#10441=ORIENTED_EDGE('',*,*,#10442,.F.);
#10451=STYLED_ITEM('',(#34),#10452);
#10452=ADVANCED_FACE('',(#10458),#10453,.T.);
#10453=PLANE('',#10454);
#10454=AXIS2_PLACEMENT_3D('',#10455,#10456,#10457);
#10455=CARTESIAN_POINT('',(1.956,-0.402,0.238));
#10456=DIRECTION('',(0.0,0.0,-1.0));
#10457=DIRECTION('',(0.,1.,0.));
#10458=FACE_OUTER_BOUND('',#10459,.T.);
#10459=EDGE_LOOP('',(#10460,#10470,#10480,#10490));
#10460=ORIENTED_EDGE('',*,*,#10363,.T.);
#10473=CARTESIAN_POINT('',(2.177,-0.098,0.238));
#10472=VERTEX_POINT('',#10473);
#10471=EDGE_CURVE('',#10472,#10366,#10476,.T.);
#10476=LINE('',#10473,#10478);
#10478=VECTOR('',#10479,0.220881495615772);
#10479=DIRECTION('',(-1.0,0.0,0.0));
#10470=ORIENTED_EDGE('',*,*,#10471,.F.);
#10483=CARTESIAN_POINT('',(2.177,-0.402,0.238));
#10482=VERTEX_POINT('',#10483);
#10481=EDGE_CURVE('',#10482,#10472,#10486,.T.);
#10486=LINE('',#10483,#10488);
#10488=VECTOR('',#10489,0.304799994978664);
#10489=DIRECTION('',(0.0,1.0,0.0));
#10480=ORIENTED_EDGE('',*,*,#10481,.F.);
#10491=EDGE_CURVE('',#10364,#10482,#10496,.T.);
#10496=LINE('',#10365,#10498);
#10498=VECTOR('',#10499,0.220881495615772);
#10499=DIRECTION('',(1.0,0.0,0.0));
#10490=ORIENTED_EDGE('',*,*,#10491,.F.);
#10500=STYLED_ITEM('',(#34),#10501);
#10501=ADVANCED_FACE('',(#10507),#10502,.T.);
#10502=PLANE('',#10503);
#10503=AXIS2_PLACEMENT_3D('',#10504,#10505,#10506);
#10504=CARTESIAN_POINT('',(2.347,-0.402,0.138));
#10505=DIRECTION('',(0.966,0.0,0.259));
#10506=DIRECTION('',(0.,0.,1.));
#10507=FACE_OUTER_BOUND('',#10508,.T.);
#10508=EDGE_LOOP('',(#10509,#10519,#10529,#10539));
#10512=CARTESIAN_POINT('',(2.347,-0.098,0.138));
#10511=VERTEX_POINT('',#10512);
#10514=CARTESIAN_POINT('',(2.347,-0.402,0.138));
#10513=VERTEX_POINT('',#10514);
#10510=EDGE_CURVE('',#10511,#10513,#10515,.T.);
#10515=LINE('',#10512,#10517);
#10517=VECTOR('',#10518,0.304799995199374);
#10518=DIRECTION('',(0.0,-1.0,0.0));
#10509=ORIENTED_EDGE('',*,*,#10510,.F.);
#10522=CARTESIAN_POINT('',(2.33,-0.098,0.2));
#10521=VERTEX_POINT('',#10522);
#10520=EDGE_CURVE('',#10521,#10511,#10525,.T.);
#10525=LINE('',#10522,#10527);
#10527=VECTOR('',#10528,0.063804620199384);
#10528=DIRECTION('',(0.259,0.0,-0.966));
#10519=ORIENTED_EDGE('',*,*,#10520,.F.);
#10532=CARTESIAN_POINT('',(2.33,-0.402,0.2));
#10531=VERTEX_POINT('',#10532);
#10530=EDGE_CURVE('',#10531,#10521,#10535,.T.);
#10535=LINE('',#10532,#10537);
#10537=VECTOR('',#10538,0.304799995163811);
#10538=DIRECTION('',(0.0,1.0,0.0));
#10529=ORIENTED_EDGE('',*,*,#10530,.F.);
#10540=EDGE_CURVE('',#10513,#10531,#10545,.T.);
#10545=LINE('',#10514,#10547);
#10547=VECTOR('',#10548,0.063804620199384);
#10548=DIRECTION('',(-0.259,0.0,0.966));
#10539=ORIENTED_EDGE('',*,*,#10540,.F.);
#10549=STYLED_ITEM('',(#34),#10550);
#10550=ADVANCED_FACE('',(#10556),#10551,.T.);
#10551=PLANE('',#10552);
#10552=AXIS2_PLACEMENT_3D('',#10553,#10554,#10555);
#10553=CARTESIAN_POINT('',(2.27,-0.098,0.118));
#10554=DIRECTION('',(-0.966,0.0,-0.259));
#10555=DIRECTION('',(0.,0.,1.));
#10556=FACE_OUTER_BOUND('',#10557,.T.);
#10557=EDGE_LOOP('',(#10558,#10568,#10578,#10588));
#10561=CARTESIAN_POINT('',(2.27,-0.402,0.118));
#10560=VERTEX_POINT('',#10561);
#10563=CARTESIAN_POINT('',(2.27,-0.098,0.118));
#10562=VERTEX_POINT('',#10563);
#10559=EDGE_CURVE('',#10560,#10562,#10564,.T.);
#10564=LINE('',#10561,#10566);
#10566=VECTOR('',#10567,0.304799995067094);
#10567=DIRECTION('',(0.0,1.0,0.0));
#10558=ORIENTED_EDGE('',*,*,#10559,.F.);
#10571=CARTESIAN_POINT('',(2.253,-0.402,0.179));
#10570=VERTEX_POINT('',#10571);
#10569=EDGE_CURVE('',#10570,#10560,#10574,.T.);
#10574=LINE('',#10571,#10576);
#10576=VECTOR('',#10577,0.0638046202038981);
#10577=DIRECTION('',(0.259,0.0,-0.966));
#10568=ORIENTED_EDGE('',*,*,#10569,.F.);
#10581=CARTESIAN_POINT('',(2.253,-0.098,0.179));
#10580=VERTEX_POINT('',#10581);
#10579=EDGE_CURVE('',#10580,#10570,#10584,.T.);
#10584=LINE('',#10581,#10586);
#10586=VECTOR('',#10587,0.304799995047204);
#10587=DIRECTION('',(0.0,-1.0,0.0));
#10578=ORIENTED_EDGE('',*,*,#10579,.F.);
#10589=EDGE_CURVE('',#10562,#10580,#10594,.T.);
#10594=LINE('',#10563,#10596);
#10596=VECTOR('',#10597,0.063804620203898);
#10597=DIRECTION('',(-0.259,0.0,0.966));
#10588=ORIENTED_EDGE('',*,*,#10589,.F.);
#10598=STYLED_ITEM('',(#34),#10599);
#10599=ADVANCED_FACE('',(#10605),#10600,.T.);
#10600=PLANE('',#10601);
#10601=AXIS2_PLACEMENT_3D('',#10602,#10603,#10604);
#10602=CARTESIAN_POINT('',(2.644,-0.402,0.079));
#10603=DIRECTION('',(0.0,0.0,1.0));
#10604=DIRECTION('',(0.,1.,0.));
#10605=FACE_OUTER_BOUND('',#10606,.T.);
#10606=EDGE_LOOP('',(#10607,#10617,#10627,#10637));
#10610=CARTESIAN_POINT('',(2.644,-0.098,0.079));
#10609=VERTEX_POINT('',#10610);
#10612=CARTESIAN_POINT('',(2.644,-0.402,0.079));
#10611=VERTEX_POINT('',#10612);
#10608=EDGE_CURVE('',#10609,#10611,#10613,.T.);
#10613=LINE('',#10610,#10615);
#10615=VECTOR('',#10616,0.3048);
#10616=DIRECTION('',(0.0,-1.0,0.0));
#10607=ORIENTED_EDGE('',*,*,#10608,.F.);
#10620=CARTESIAN_POINT('',(2.423,-0.098,0.079));
#10619=VERTEX_POINT('',#10620);
#10618=EDGE_CURVE('',#10619,#10609,#10623,.T.);
#10623=LINE('',#10620,#10625);
#10625=VECTOR('',#10626,0.220881493353523);
#10626=DIRECTION('',(1.0,0.0,0.0));
#10617=ORIENTED_EDGE('',*,*,#10618,.F.);
#10630=CARTESIAN_POINT('',(2.423,-0.402,0.079));
#10629=VERTEX_POINT('',#10630);
#10628=EDGE_CURVE('',#10629,#10619,#10633,.T.);
#10633=LINE('',#10630,#10635);
#10635=VECTOR('',#10636,0.304799995453006);
#10636=DIRECTION('',(0.0,1.0,0.0));
#10627=ORIENTED_EDGE('',*,*,#10628,.F.);
#10638=EDGE_CURVE('',#10611,#10629,#10643,.T.);
#10643=LINE('',#10612,#10645);
#10645=VECTOR('',#10646,0.220881493353524);
#10646=DIRECTION('',(-1.0,0.0,0.0));
#10637=ORIENTED_EDGE('',*,*,#10638,.F.);
#10647=STYLED_ITEM('',(#34),#10648);
#10648=ADVANCED_FACE('',(#10654),#10649,.T.);
#10649=PLANE('',#10650);
#10650=AXIS2_PLACEMENT_3D('',#10651,#10652,#10653);
#10651=CARTESIAN_POINT('',(2.423,-0.402,0.0));
#10652=DIRECTION('',(0.0,0.0,-1.0));
#10653=DIRECTION('',(0.,1.,0.));
#10654=FACE_OUTER_BOUND('',#10655,.T.);
#10655=EDGE_LOOP('',(#10656,#10666,#10676,#10686));
#10659=CARTESIAN_POINT('',(2.423,-0.098,0.0));
#10658=VERTEX_POINT('',#10659);
#10661=CARTESIAN_POINT('',(2.423,-0.402,0.0));
#10660=VERTEX_POINT('',#10661);
#10657=EDGE_CURVE('',#10658,#10660,#10662,.T.);
#10662=LINE('',#10659,#10664);
#10664=VECTOR('',#10665,0.304799995453006);
#10665=DIRECTION('',(0.0,-1.0,0.0));
#10656=ORIENTED_EDGE('',*,*,#10657,.F.);
#10669=CARTESIAN_POINT('',(2.644,-0.098,0.0));
#10668=VERTEX_POINT('',#10669);
#10667=EDGE_CURVE('',#10668,#10658,#10672,.T.);
#10672=LINE('',#10669,#10674);
#10674=VECTOR('',#10675,0.220881493353523);
#10675=DIRECTION('',(-1.0,0.0,0.0));
#10666=ORIENTED_EDGE('',*,*,#10667,.F.);
#10679=CARTESIAN_POINT('',(2.644,-0.402,0.0));
#10678=VERTEX_POINT('',#10679);
#10677=EDGE_CURVE('',#10678,#10668,#10682,.T.);
#10682=LINE('',#10679,#10684);
#10684=VECTOR('',#10685,0.3048);
#10685=DIRECTION('',(0.0,1.0,0.0));
#10676=ORIENTED_EDGE('',*,*,#10677,.F.);
#10687=EDGE_CURVE('',#10660,#10678,#10692,.T.);
#10692=LINE('',#10661,#10694);
#10694=VECTOR('',#10695,0.220881493353524);
#10695=DIRECTION('',(1.0,0.0,0.0));
#10686=ORIENTED_EDGE('',*,*,#10687,.F.);
#10696=STYLED_ITEM('',(#34),#10697);
#10697=ADVANCED_FACE('',(#10703),#10698,.T.);
#10698=PLANE('',#10699);
#10699=AXIS2_PLACEMENT_3D('',#10700,#10701,#10702);
#10700=CARTESIAN_POINT('',(2.644,-0.402,0.0));
#10701=DIRECTION('',(1.0,0.0,0.0));
#10702=DIRECTION('',(0.,0.,1.));
#10703=FACE_OUTER_BOUND('',#10704,.T.);
#10704=EDGE_LOOP('',(#10705,#10715,#10725,#10735));
#10705=ORIENTED_EDGE('',*,*,#10677,.T.);
#10716=EDGE_CURVE('',#10609,#10668,#10721,.T.);
#10721=LINE('',#10610,#10723);
#10723=VECTOR('',#10724,0.079375);
#10724=DIRECTION('',(0.0,0.0,-1.0));
#10715=ORIENTED_EDGE('',*,*,#10716,.F.);
#10725=ORIENTED_EDGE('',*,*,#10608,.T.);
#10736=EDGE_CURVE('',#10678,#10611,#10741,.T.);
#10741=LINE('',#10679,#10743);
#10743=VECTOR('',#10744,0.079375);
#10744=DIRECTION('',(0.0,0.0,1.0));
#10735=ORIENTED_EDGE('',*,*,#10736,.F.);
#10745=STYLED_ITEM($,(#34),#10746);
#10746=ADVANCED_FACE($,(#10752),#10747,.T.);
#10747=CYLINDRICAL_SURFACE($,#10748,0.15875);
#10748=AXIS2_PLACEMENT_3D($,#10749,#10750,#10751);
#10749=CARTESIAN_POINT('',(2.177,-0.098,0.159));
#10750=DIRECTION('',(0.0,1.0,0.0));
#10751=DIRECTION('',(0.,0.,1.));
#10752=FACE_OUTER_BOUND($,#10753,.T.);
#10753=EDGE_LOOP($,(#10765,#10775,#10786,#10754));
#10765=ORIENTED_EDGE('',*,*,#10432,.T.);
#10776=EDGE_CURVE($,#10531,#10423,#10781,.T.);
#10781=CIRCLE($,#10782,0.15875);
#10783=CARTESIAN_POINT('',(2.177,-0.402,0.159));
#10782=AXIS2_PLACEMENT_3D($,#10783,#10784,#10785);
#10784=DIRECTION('',(0.0,-1.0,0.0));
#10785=DIRECTION('',(-0.793,0.0,0.609));
#10775=ORIENTED_EDGE('',*,*,#10776,.F.);
#10786=ORIENTED_EDGE('',*,*,#10530,.T.);
#10755=EDGE_CURVE($,#10433,#10521,#10760,.T.);
#10760=CIRCLE($,#10761,0.15875);
#10762=CARTESIAN_POINT('',(2.177,-0.098,0.159));
#10761=AXIS2_PLACEMENT_3D($,#10762,#10763,#10764);
#10763=DIRECTION('',(0.0,1.0,0.0));
#10764=DIRECTION('',(0.793,0.0,-0.609));
#10754=ORIENTED_EDGE('',*,*,#10755,.F.);
#10796=STYLED_ITEM($,(#34),#10797);
#10797=ADVANCED_FACE($,(#10803),#10798,.F.);
#10798=CYLINDRICAL_SURFACE($,#10799,0.079375);
#10799=AXIS2_PLACEMENT_3D($,#10800,#10801,#10802);
#10800=CARTESIAN_POINT('',(2.177,-0.402,0.159));
#10801=DIRECTION('',(0.0,1.0,0.0));
#10802=DIRECTION('',(0.,0.,-1.));
#10803=FACE_OUTER_BOUND($,#10804,.T.);
#10804=EDGE_LOOP($,(#10816,#10826,#10837,#10805));
#10816=ORIENTED_EDGE('',*,*,#10481,.T.);
#10827=EDGE_CURVE($,#10580,#10472,#10832,.T.);
#10832=CIRCLE($,#10833,0.079375);
#10833=AXIS2_PLACEMENT_3D($,#10762,#10835,#10836);
#10835=DIRECTION('',(0.0,-1.0,0.0));
#10836=DIRECTION('',(-0.793,0.0,0.609));
#10826=ORIENTED_EDGE('',*,*,#10827,.F.);
#10837=ORIENTED_EDGE('',*,*,#10579,.T.);
#10806=EDGE_CURVE($,#10482,#10570,#10811,.T.);
#10811=CIRCLE($,#10812,0.079375);
#10812=AXIS2_PLACEMENT_3D($,#10783,#10814,#10815);
#10814=DIRECTION('',(0.0,1.0,0.0));
#10815=DIRECTION('',(0.793,0.0,-0.609));
#10805=ORIENTED_EDGE('',*,*,#10806,.F.);
#10847=STYLED_ITEM($,(#34),#10848);
#10848=ADVANCED_FACE($,(#10854),#10849,.F.);
#10849=CYLINDRICAL_SURFACE($,#10850,0.079375);
#10850=AXIS2_PLACEMENT_3D($,#10851,#10852,#10853);
#10851=CARTESIAN_POINT('',(2.423,-0.402,0.159));
#10852=DIRECTION('',(0.0,1.0,0.0));
#10853=DIRECTION('',(0.,0.,1.));
#10854=FACE_OUTER_BOUND($,#10855,.T.);
#10855=EDGE_LOOP($,(#10867,#10877,#10888,#10856));
#10867=ORIENTED_EDGE('',*,*,#10628,.T.);
#10878=EDGE_CURVE($,#10511,#10619,#10883,.T.);
#10883=CIRCLE($,#10884,0.079375);
#10885=CARTESIAN_POINT('',(2.423,-0.098,0.159));
#10884=AXIS2_PLACEMENT_3D($,#10885,#10886,#10887);
#10886=DIRECTION('',(0.0,-1.0,0.0));
#10887=DIRECTION('',(0.793,0.0,-0.609));
#10877=ORIENTED_EDGE('',*,*,#10878,.F.);
#10888=ORIENTED_EDGE('',*,*,#10510,.T.);
#10857=EDGE_CURVE($,#10629,#10513,#10862,.T.);
#10862=CIRCLE($,#10863,0.079375);
#10864=CARTESIAN_POINT('',(2.423,-0.402,0.159));
#10863=AXIS2_PLACEMENT_3D($,#10864,#10865,#10866);
#10865=DIRECTION('',(0.0,1.0,0.0));
#10866=DIRECTION('',(-0.793,0.0,0.609));
#10856=ORIENTED_EDGE('',*,*,#10857,.F.);
#10898=STYLED_ITEM($,(#34),#10899);
#10899=ADVANCED_FACE($,(#10905),#10900,.T.);
#10900=CYLINDRICAL_SURFACE($,#10901,0.15875);
#10901=AXIS2_PLACEMENT_3D($,#10902,#10903,#10904);
#10902=CARTESIAN_POINT('',(2.423,-0.402,0.159));
#10903=DIRECTION('',(0.0,1.0,0.0));
#10904=DIRECTION('',(0.,0.,-1.));
#10905=FACE_OUTER_BOUND($,#10906,.T.);
#10906=EDGE_LOOP($,(#10918,#10928,#10939,#10907));
#10918=ORIENTED_EDGE('',*,*,#10657,.T.);
#10929=EDGE_CURVE($,#10560,#10660,#10934,.T.);
#10934=CIRCLE($,#10935,0.15875);
#10935=AXIS2_PLACEMENT_3D($,#10864,#10937,#10938);
#10937=DIRECTION('',(0.0,-1.0,0.0));
#10938=DIRECTION('',(0.793,0.0,-0.609));
#10928=ORIENTED_EDGE('',*,*,#10929,.F.);
#10939=ORIENTED_EDGE('',*,*,#10559,.T.);
#10908=EDGE_CURVE($,#10658,#10562,#10913,.T.);
#10913=CIRCLE($,#10914,0.15875);
#10914=AXIS2_PLACEMENT_3D($,#10885,#10916,#10917);
#10916=DIRECTION('',(0.0,1.0,0.0));
#10917=DIRECTION('',(-0.793,0.0,0.609));
#10907=ORIENTED_EDGE('',*,*,#10908,.F.);
#10949=STYLED_ITEM('color',(#34),#10950);
#10950=ADVANCED_FACE($,(#10956),#10951,.T.);
#10951=PLANE($,#10952);
#10952=AXIS2_PLACEMENT_3D($,#10953,#10954,#10955);
#10953=CARTESIAN_POINT('',(1.956,-0.402,0.238));
#10954=DIRECTION('',(0.0,-1.0,0.0));
#10955=DIRECTION('',(1.,0.,0.));
#10956=FACE_OUTER_BOUND($,#10957,.T.);
#10957=EDGE_LOOP($,(#10960, #10970, #10980, #11043, #11054, #10990, #11001, #11011, #11021, #11031, #11064, #11074));
#10960=ORIENTED_EDGE('',*,*,#10422,.T.);
#10970=ORIENTED_EDGE('',*,*,#10373,.T.);
#10980=ORIENTED_EDGE('',*,*,#10491,.T.);
#11043=ORIENTED_EDGE('',*,*,#10806,.T.);
#11054=ORIENTED_EDGE('',*,*,#10569,.T.);
#10990=ORIENTED_EDGE('',*,*,#10929,.T.);
#11001=ORIENTED_EDGE('',*,*,#10687,.T.);
#11011=ORIENTED_EDGE('',*,*,#10736,.T.);
#11021=ORIENTED_EDGE('',*,*,#10638,.T.);
#11031=ORIENTED_EDGE('',*,*,#10857,.T.);
#11064=ORIENTED_EDGE('',*,*,#10540,.T.);
#11074=ORIENTED_EDGE('',*,*,#10776,.T.);
#11085=STYLED_ITEM('color',(#34),#11086);
#11086=ADVANCED_FACE($,(#11092),#11087,.T.);
#11087=PLANE($,#11088);
#11088=AXIS2_PLACEMENT_3D($,#11089,#11090,#11091);
#11089=CARTESIAN_POINT('',(2.423,-0.098,0.079));
#11090=DIRECTION('',(0.0,1.0,0.0));
#11091=DIRECTION('',(1.,0.,0.));
#11092=FACE_OUTER_BOUND($,#11093,.T.);
#11093=EDGE_LOOP($,(#11096, #11106, #11116, #11179, #11190, #11126, #11137, #11147, #11157, #11167, #11200, #11210));
#11096=ORIENTED_EDGE('',*,*,#10471,.T.);
#11106=ORIENTED_EDGE('',*,*,#10393,.T.);
#11116=ORIENTED_EDGE('',*,*,#10442,.T.);
#11179=ORIENTED_EDGE('',*,*,#10755,.T.);
#11190=ORIENTED_EDGE('',*,*,#10520,.T.);
#11126=ORIENTED_EDGE('',*,*,#10878,.T.);
#11137=ORIENTED_EDGE('',*,*,#10618,.T.);
#11147=ORIENTED_EDGE('',*,*,#10716,.T.);
#11157=ORIENTED_EDGE('',*,*,#10667,.T.);
#11167=ORIENTED_EDGE('',*,*,#10908,.T.);
#11200=ORIENTED_EDGE('',*,*,#10589,.T.);
#11210=ORIENTED_EDGE('',*,*,#10827,.T.);
#11221=MANIFOLD_SOLID_BREP($,#11222);
#11222=CLOSED_SHELL('',(#11224,#11273,#11322,#11371,#11420,#11469,#11518,#11567,#11616,#11667,#11718,#11769,#11820,#11956));
#11223=STYLED_ITEM('',(#34),#11224);
#11224=ADVANCED_FACE('',(#11230),#11225,.T.);
#11225=PLANE('',#11226);
#11226=AXIS2_PLACEMENT_3D('',#11227,#11228,#11229);
#11227=CARTESIAN_POINT('',(1.956,0.402,0.238));
#11228=DIRECTION('',(-1.0,0.0,0.0));
#11229=DIRECTION('',(0.,0.,1.));
#11230=FACE_OUTER_BOUND('',#11231,.T.);
#11231=EDGE_LOOP('',(#11232,#11242,#11252,#11262));
#11235=CARTESIAN_POINT('',(1.956,0.098,0.238));
#11234=VERTEX_POINT('',#11235);
#11237=CARTESIAN_POINT('',(1.956,0.402,0.238));
#11236=VERTEX_POINT('',#11237);
#11233=EDGE_CURVE('',#11234,#11236,#11238,.T.);
#11238=LINE('',#11235,#11240);
#11240=VECTOR('',#11241,0.30479999488798);
#11241=DIRECTION('',(0.0,1.0,0.0));
#11232=ORIENTED_EDGE('',*,*,#11233,.F.);
#11245=CARTESIAN_POINT('',(1.956,0.098,0.318));
#11244=VERTEX_POINT('',#11245);
#11243=EDGE_CURVE('',#11244,#11234,#11248,.T.);
#11248=LINE('',#11245,#11250);
#11250=VECTOR('',#11251,0.079375);
#11251=DIRECTION('',(0.0,0.0,-1.0));
#11242=ORIENTED_EDGE('',*,*,#11243,.F.);
#11255=CARTESIAN_POINT('',(1.956,0.402,0.318));
#11254=VERTEX_POINT('',#11255);
#11253=EDGE_CURVE('',#11254,#11244,#11258,.T.);
#11258=LINE('',#11255,#11260);
#11260=VECTOR('',#11261,0.30479999488798);
#11261=DIRECTION('',(0.0,-1.0,0.0));
#11252=ORIENTED_EDGE('',*,*,#11253,.F.);
#11263=EDGE_CURVE('',#11236,#11254,#11268,.T.);
#11268=LINE('',#11237,#11270);
#11270=VECTOR('',#11271,0.079375);
#11271=DIRECTION('',(0.0,0.0,1.0));
#11262=ORIENTED_EDGE('',*,*,#11263,.F.);
#11272=STYLED_ITEM('',(#34),#11273);
#11273=ADVANCED_FACE('',(#11279),#11274,.T.);
#11274=PLANE('',#11275);
#11275=AXIS2_PLACEMENT_3D('',#11276,#11277,#11278);
#11276=CARTESIAN_POINT('',(1.956,0.402,0.318));
#11277=DIRECTION('',(0.0,0.0,1.0));
#11278=DIRECTION('',(0.,1.,0.));
#11279=FACE_OUTER_BOUND('',#11280,.T.);
#11280=EDGE_LOOP('',(#11281,#11291,#11301,#11311));
#11281=ORIENTED_EDGE('',*,*,#11253,.T.);
#11294=CARTESIAN_POINT('',(2.177,0.098,0.318));
#11293=VERTEX_POINT('',#11294);
#11292=EDGE_CURVE('',#11293,#11244,#11297,.T.);
#11297=LINE('',#11294,#11299);
#11299=VECTOR('',#11300,0.220881495615772);
#11300=DIRECTION('',(-1.0,0.0,0.0));
#11291=ORIENTED_EDGE('',*,*,#11292,.F.);
#11304=CARTESIAN_POINT('',(2.177,0.402,0.318));
#11303=VERTEX_POINT('',#11304);
#11302=EDGE_CURVE('',#11303,#11293,#11307,.T.);
#11307=LINE('',#11304,#11309);
#11309=VECTOR('',#11310,0.304799994978664);
#11310=DIRECTION('',(0.0,-1.0,0.0));
#11301=ORIENTED_EDGE('',*,*,#11302,.F.);
#11312=EDGE_CURVE('',#11254,#11303,#11317,.T.);
#11317=LINE('',#11255,#11319);
#11319=VECTOR('',#11320,0.220881495615772);
#11320=DIRECTION('',(1.0,0.0,0.0));
#11311=ORIENTED_EDGE('',*,*,#11312,.F.);
#11321=STYLED_ITEM('',(#34),#11322);
#11322=ADVANCED_FACE('',(#11328),#11323,.T.);
#11323=PLANE('',#11324);
#11324=AXIS2_PLACEMENT_3D('',#11325,#11326,#11327);
#11325=CARTESIAN_POINT('',(1.956,0.098,0.238));
#11326=DIRECTION('',(0.0,0.0,-1.0));
#11327=DIRECTION('',(0.,1.,0.));
#11328=FACE_OUTER_BOUND('',#11329,.T.);
#11329=EDGE_LOOP('',(#11330,#11340,#11350,#11360));
#11330=ORIENTED_EDGE('',*,*,#11233,.T.);
#11343=CARTESIAN_POINT('',(2.177,0.402,0.238));
#11342=VERTEX_POINT('',#11343);
#11341=EDGE_CURVE('',#11342,#11236,#11346,.T.);
#11346=LINE('',#11343,#11348);
#11348=VECTOR('',#11349,0.220881495615772);
#11349=DIRECTION('',(-1.0,0.0,0.0));
#11340=ORIENTED_EDGE('',*,*,#11341,.F.);
#11353=CARTESIAN_POINT('',(2.177,0.098,0.238));
#11352=VERTEX_POINT('',#11353);
#11351=EDGE_CURVE('',#11352,#11342,#11356,.T.);
#11356=LINE('',#11353,#11358);
#11358=VECTOR('',#11359,0.304799994978664);
#11359=DIRECTION('',(0.0,1.0,0.0));
#11350=ORIENTED_EDGE('',*,*,#11351,.F.);
#11361=EDGE_CURVE('',#11234,#11352,#11366,.T.);
#11366=LINE('',#11235,#11368);
#11368=VECTOR('',#11369,0.220881495615772);
#11369=DIRECTION('',(1.0,0.0,0.0));
#11360=ORIENTED_EDGE('',*,*,#11361,.F.);
#11370=STYLED_ITEM('',(#34),#11371);
#11371=ADVANCED_FACE('',(#11377),#11372,.T.);
#11372=PLANE('',#11373);
#11373=AXIS2_PLACEMENT_3D('',#11374,#11375,#11376);
#11374=CARTESIAN_POINT('',(2.347,0.098,0.138));
#11375=DIRECTION('',(0.966,0.0,0.259));
#11376=DIRECTION('',(0.,0.,1.));
#11377=FACE_OUTER_BOUND('',#11378,.T.);
#11378=EDGE_LOOP('',(#11379,#11389,#11399,#11409));
#11382=CARTESIAN_POINT('',(2.347,0.402,0.138));
#11381=VERTEX_POINT('',#11382);
#11384=CARTESIAN_POINT('',(2.347,0.098,0.138));
#11383=VERTEX_POINT('',#11384);
#11380=EDGE_CURVE('',#11381,#11383,#11385,.T.);
#11385=LINE('',#11382,#11387);
#11387=VECTOR('',#11388,0.304799995199374);
#11388=DIRECTION('',(0.0,-1.0,0.0));
#11379=ORIENTED_EDGE('',*,*,#11380,.F.);
#11392=CARTESIAN_POINT('',(2.33,0.402,0.2));
#11391=VERTEX_POINT('',#11392);
#11390=EDGE_CURVE('',#11391,#11381,#11395,.T.);
#11395=LINE('',#11392,#11397);
#11397=VECTOR('',#11398,0.063804620199384);
#11398=DIRECTION('',(0.259,0.0,-0.966));
#11389=ORIENTED_EDGE('',*,*,#11390,.F.);
#11402=CARTESIAN_POINT('',(2.33,0.098,0.2));
#11401=VERTEX_POINT('',#11402);
#11400=EDGE_CURVE('',#11401,#11391,#11405,.T.);
#11405=LINE('',#11402,#11407);
#11407=VECTOR('',#11408,0.304799995163811);
#11408=DIRECTION('',(0.0,1.0,0.0));
#11399=ORIENTED_EDGE('',*,*,#11400,.F.);
#11410=EDGE_CURVE('',#11383,#11401,#11415,.T.);
#11415=LINE('',#11384,#11417);
#11417=VECTOR('',#11418,0.063804620199384);
#11418=DIRECTION('',(-0.259,0.0,0.966));
#11409=ORIENTED_EDGE('',*,*,#11410,.F.);
#11419=STYLED_ITEM('',(#34),#11420);
#11420=ADVANCED_FACE('',(#11426),#11421,.T.);
#11421=PLANE('',#11422);
#11422=AXIS2_PLACEMENT_3D('',#11423,#11424,#11425);
#11423=CARTESIAN_POINT('',(2.27,0.402,0.118));
#11424=DIRECTION('',(-0.966,0.0,-0.259));
#11425=DIRECTION('',(0.,0.,1.));
#11426=FACE_OUTER_BOUND('',#11427,.T.);
#11427=EDGE_LOOP('',(#11428,#11438,#11448,#11458));
#11431=CARTESIAN_POINT('',(2.27,0.098,0.118));
#11430=VERTEX_POINT('',#11431);
#11433=CARTESIAN_POINT('',(2.27,0.402,0.118));
#11432=VERTEX_POINT('',#11433);
#11429=EDGE_CURVE('',#11430,#11432,#11434,.T.);
#11434=LINE('',#11431,#11436);
#11436=VECTOR('',#11437,0.304799995067094);
#11437=DIRECTION('',(0.0,1.0,0.0));
#11428=ORIENTED_EDGE('',*,*,#11429,.F.);
#11441=CARTESIAN_POINT('',(2.253,0.098,0.179));
#11440=VERTEX_POINT('',#11441);
#11439=EDGE_CURVE('',#11440,#11430,#11444,.T.);
#11444=LINE('',#11441,#11446);
#11446=VECTOR('',#11447,0.0638046202038981);
#11447=DIRECTION('',(0.259,0.0,-0.966));
#11438=ORIENTED_EDGE('',*,*,#11439,.F.);
#11451=CARTESIAN_POINT('',(2.253,0.402,0.179));
#11450=VERTEX_POINT('',#11451);
#11449=EDGE_CURVE('',#11450,#11440,#11454,.T.);
#11454=LINE('',#11451,#11456);
#11456=VECTOR('',#11457,0.304799995047204);
#11457=DIRECTION('',(0.0,-1.0,0.0));
#11448=ORIENTED_EDGE('',*,*,#11449,.F.);
#11459=EDGE_CURVE('',#11432,#11450,#11464,.T.);
#11464=LINE('',#11433,#11466);
#11466=VECTOR('',#11467,0.063804620203898);
#11467=DIRECTION('',(-0.259,0.0,0.966));
#11458=ORIENTED_EDGE('',*,*,#11459,.F.);
#11468=STYLED_ITEM('',(#34),#11469);
#11469=ADVANCED_FACE('',(#11475),#11470,.T.);
#11470=PLANE('',#11471);
#11471=AXIS2_PLACEMENT_3D('',#11472,#11473,#11474);
#11472=CARTESIAN_POINT('',(2.644,0.098,0.079));
#11473=DIRECTION('',(0.0,0.0,1.0));
#11474=DIRECTION('',(0.,1.,0.));
#11475=FACE_OUTER_BOUND('',#11476,.T.);
#11476=EDGE_LOOP('',(#11477,#11487,#11497,#11507));
#11480=CARTESIAN_POINT('',(2.644,0.402,0.079));
#11479=VERTEX_POINT('',#11480);
#11482=CARTESIAN_POINT('',(2.644,0.098,0.079));
#11481=VERTEX_POINT('',#11482);
#11478=EDGE_CURVE('',#11479,#11481,#11483,.T.);
#11483=LINE('',#11480,#11485);
#11485=VECTOR('',#11486,0.3048);
#11486=DIRECTION('',(0.0,-1.0,0.0));
#11477=ORIENTED_EDGE('',*,*,#11478,.F.);
#11490=CARTESIAN_POINT('',(2.423,0.402,0.079));
#11489=VERTEX_POINT('',#11490);
#11488=EDGE_CURVE('',#11489,#11479,#11493,.T.);
#11493=LINE('',#11490,#11495);
#11495=VECTOR('',#11496,0.220881493353523);
#11496=DIRECTION('',(1.0,0.0,0.0));
#11487=ORIENTED_EDGE('',*,*,#11488,.F.);
#11500=CARTESIAN_POINT('',(2.423,0.098,0.079));
#11499=VERTEX_POINT('',#11500);
#11498=EDGE_CURVE('',#11499,#11489,#11503,.T.);
#11503=LINE('',#11500,#11505);
#11505=VECTOR('',#11506,0.304799995453006);
#11506=DIRECTION('',(0.0,1.0,0.0));
#11497=ORIENTED_EDGE('',*,*,#11498,.F.);
#11508=EDGE_CURVE('',#11481,#11499,#11513,.T.);
#11513=LINE('',#11482,#11515);
#11515=VECTOR('',#11516,0.220881493353524);
#11516=DIRECTION('',(-1.0,0.0,0.0));
#11507=ORIENTED_EDGE('',*,*,#11508,.F.);
#11517=STYLED_ITEM('',(#34),#11518);
#11518=ADVANCED_FACE('',(#11524),#11519,.T.);
#11519=PLANE('',#11520);
#11520=AXIS2_PLACEMENT_3D('',#11521,#11522,#11523);
#11521=CARTESIAN_POINT('',(2.423,0.098,0.0));
#11522=DIRECTION('',(0.0,0.0,-1.0));
#11523=DIRECTION('',(0.,1.,0.));
#11524=FACE_OUTER_BOUND('',#11525,.T.);
#11525=EDGE_LOOP('',(#11526,#11536,#11546,#11556));
#11529=CARTESIAN_POINT('',(2.423,0.402,0.0));
#11528=VERTEX_POINT('',#11529);
#11531=CARTESIAN_POINT('',(2.423,0.098,0.0));
#11530=VERTEX_POINT('',#11531);
#11527=EDGE_CURVE('',#11528,#11530,#11532,.T.);
#11532=LINE('',#11529,#11534);
#11534=VECTOR('',#11535,0.304799995453006);
#11535=DIRECTION('',(0.0,-1.0,0.0));
#11526=ORIENTED_EDGE('',*,*,#11527,.F.);
#11539=CARTESIAN_POINT('',(2.644,0.402,0.0));
#11538=VERTEX_POINT('',#11539);
#11537=EDGE_CURVE('',#11538,#11528,#11542,.T.);
#11542=LINE('',#11539,#11544);
#11544=VECTOR('',#11545,0.220881493353523);
#11545=DIRECTION('',(-1.0,0.0,0.0));
#11536=ORIENTED_EDGE('',*,*,#11537,.F.);
#11549=CARTESIAN_POINT('',(2.644,0.098,0.0));
#11548=VERTEX_POINT('',#11549);
#11547=EDGE_CURVE('',#11548,#11538,#11552,.T.);
#11552=LINE('',#11549,#11554);
#11554=VECTOR('',#11555,0.3048);
#11555=DIRECTION('',(0.0,1.0,0.0));
#11546=ORIENTED_EDGE('',*,*,#11547,.F.);
#11557=EDGE_CURVE('',#11530,#11548,#11562,.T.);
#11562=LINE('',#11531,#11564);
#11564=VECTOR('',#11565,0.220881493353524);
#11565=DIRECTION('',(1.0,0.0,0.0));
#11556=ORIENTED_EDGE('',*,*,#11557,.F.);
#11566=STYLED_ITEM('',(#34),#11567);
#11567=ADVANCED_FACE('',(#11573),#11568,.T.);
#11568=PLANE('',#11569);
#11569=AXIS2_PLACEMENT_3D('',#11570,#11571,#11572);
#11570=CARTESIAN_POINT('',(2.644,0.098,0.0));
#11571=DIRECTION('',(1.0,0.0,0.0));
#11572=DIRECTION('',(0.,0.,1.));
#11573=FACE_OUTER_BOUND('',#11574,.T.);
#11574=EDGE_LOOP('',(#11575,#11585,#11595,#11605));
#11575=ORIENTED_EDGE('',*,*,#11547,.T.);
#11586=EDGE_CURVE('',#11479,#11538,#11591,.T.);
#11591=LINE('',#11480,#11593);
#11593=VECTOR('',#11594,0.079375);
#11594=DIRECTION('',(0.0,0.0,-1.0));
#11585=ORIENTED_EDGE('',*,*,#11586,.F.);
#11595=ORIENTED_EDGE('',*,*,#11478,.T.);
#11606=EDGE_CURVE('',#11548,#11481,#11611,.T.);
#11611=LINE('',#11549,#11613);
#11613=VECTOR('',#11614,0.079375);
#11614=DIRECTION('',(0.0,0.0,1.0));
#11605=ORIENTED_EDGE('',*,*,#11606,.F.);
#11615=STYLED_ITEM($,(#34),#11616);
#11616=ADVANCED_FACE($,(#11622),#11617,.T.);
#11617=CYLINDRICAL_SURFACE($,#11618,0.15875);
#11618=AXIS2_PLACEMENT_3D($,#11619,#11620,#11621);
#11619=CARTESIAN_POINT('',(2.177,0.402,0.159));
#11620=DIRECTION('',(0.0,1.0,0.0));
#11621=DIRECTION('',(0.,0.,1.));
#11622=FACE_OUTER_BOUND($,#11623,.T.);
#11623=EDGE_LOOP($,(#11635,#11645,#11656,#11624));
#11635=ORIENTED_EDGE('',*,*,#11302,.T.);
#11646=EDGE_CURVE($,#11401,#11293,#11651,.T.);
#11651=CIRCLE($,#11652,0.15875);
#11653=CARTESIAN_POINT('',(2.177,0.098,0.159));
#11652=AXIS2_PLACEMENT_3D($,#11653,#11654,#11655);
#11654=DIRECTION('',(0.0,-1.0,0.0));
#11655=DIRECTION('',(-0.793,0.0,0.609));
#11645=ORIENTED_EDGE('',*,*,#11646,.F.);
#11656=ORIENTED_EDGE('',*,*,#11400,.T.);
#11625=EDGE_CURVE($,#11303,#11391,#11630,.T.);
#11630=CIRCLE($,#11631,0.15875);
#11632=CARTESIAN_POINT('',(2.177,0.402,0.159));
#11631=AXIS2_PLACEMENT_3D($,#11632,#11633,#11634);
#11633=DIRECTION('',(0.0,1.0,0.0));
#11634=DIRECTION('',(0.793,0.0,-0.609));
#11624=ORIENTED_EDGE('',*,*,#11625,.F.);
#11666=STYLED_ITEM($,(#34),#11667);
#11667=ADVANCED_FACE($,(#11673),#11668,.F.);
#11668=CYLINDRICAL_SURFACE($,#11669,0.079375);
#11669=AXIS2_PLACEMENT_3D($,#11670,#11671,#11672);
#11670=CARTESIAN_POINT('',(2.177,0.098,0.159));
#11671=DIRECTION('',(0.0,1.0,0.0));
#11672=DIRECTION('',(0.,0.,-1.));
#11673=FACE_OUTER_BOUND($,#11674,.T.);
#11674=EDGE_LOOP($,(#11686,#11696,#11707,#11675));
#11686=ORIENTED_EDGE('',*,*,#11351,.T.);
#11697=EDGE_CURVE($,#11450,#11342,#11702,.T.);
#11702=CIRCLE($,#11703,0.079375);
#11703=AXIS2_PLACEMENT_3D($,#11632,#11705,#11706);
#11705=DIRECTION('',(0.0,-1.0,0.0));
#11706=DIRECTION('',(-0.793,0.0,0.609));
#11696=ORIENTED_EDGE('',*,*,#11697,.F.);
#11707=ORIENTED_EDGE('',*,*,#11449,.T.);
#11676=EDGE_CURVE($,#11352,#11440,#11681,.T.);
#11681=CIRCLE($,#11682,0.079375);
#11682=AXIS2_PLACEMENT_3D($,#11653,#11684,#11685);
#11684=DIRECTION('',(0.0,1.0,0.0));
#11685=DIRECTION('',(0.793,0.0,-0.609));
#11675=ORIENTED_EDGE('',*,*,#11676,.F.);
#11717=STYLED_ITEM($,(#34),#11718);
#11718=ADVANCED_FACE($,(#11724),#11719,.F.);
#11719=CYLINDRICAL_SURFACE($,#11720,0.079375);
#11720=AXIS2_PLACEMENT_3D($,#11721,#11722,#11723);
#11721=CARTESIAN_POINT('',(2.423,0.098,0.159));
#11722=DIRECTION('',(0.0,1.0,0.0));
#11723=DIRECTION('',(0.,0.,1.));
#11724=FACE_OUTER_BOUND($,#11725,.T.);
#11725=EDGE_LOOP($,(#11737,#11747,#11758,#11726));
#11737=ORIENTED_EDGE('',*,*,#11498,.T.);
#11748=EDGE_CURVE($,#11381,#11489,#11753,.T.);
#11753=CIRCLE($,#11754,0.079375);
#11755=CARTESIAN_POINT('',(2.423,0.402,0.159));
#11754=AXIS2_PLACEMENT_3D($,#11755,#11756,#11757);
#11756=DIRECTION('',(0.0,-1.0,0.0));
#11757=DIRECTION('',(0.793,0.0,-0.609));
#11747=ORIENTED_EDGE('',*,*,#11748,.F.);
#11758=ORIENTED_EDGE('',*,*,#11380,.T.);
#11727=EDGE_CURVE($,#11499,#11383,#11732,.T.);
#11732=CIRCLE($,#11733,0.079375);
#11734=CARTESIAN_POINT('',(2.423,0.098,0.159));
#11733=AXIS2_PLACEMENT_3D($,#11734,#11735,#11736);
#11735=DIRECTION('',(0.0,1.0,0.0));
#11736=DIRECTION('',(-0.793,0.0,0.609));
#11726=ORIENTED_EDGE('',*,*,#11727,.F.);
#11768=STYLED_ITEM($,(#34),#11769);
#11769=ADVANCED_FACE($,(#11775),#11770,.T.);
#11770=CYLINDRICAL_SURFACE($,#11771,0.15875);
#11771=AXIS2_PLACEMENT_3D($,#11772,#11773,#11774);
#11772=CARTESIAN_POINT('',(2.423,0.098,0.159));
#11773=DIRECTION('',(0.0,1.0,0.0));
#11774=DIRECTION('',(0.,0.,-1.));
#11775=FACE_OUTER_BOUND($,#11776,.T.);
#11776=EDGE_LOOP($,(#11788,#11798,#11809,#11777));
#11788=ORIENTED_EDGE('',*,*,#11527,.T.);
#11799=EDGE_CURVE($,#11430,#11530,#11804,.T.);
#11804=CIRCLE($,#11805,0.15875);
#11805=AXIS2_PLACEMENT_3D($,#11734,#11807,#11808);
#11807=DIRECTION('',(0.0,-1.0,0.0));
#11808=DIRECTION('',(0.793,0.0,-0.609));
#11798=ORIENTED_EDGE('',*,*,#11799,.F.);
#11809=ORIENTED_EDGE('',*,*,#11429,.T.);
#11778=EDGE_CURVE($,#11528,#11432,#11783,.T.);
#11783=CIRCLE($,#11784,0.15875);
#11784=AXIS2_PLACEMENT_3D($,#11755,#11786,#11787);
#11786=DIRECTION('',(0.0,1.0,0.0));
#11787=DIRECTION('',(-0.793,0.0,0.609));
#11777=ORIENTED_EDGE('',*,*,#11778,.F.);
#11819=STYLED_ITEM('color',(#34),#11820);
#11820=ADVANCED_FACE($,(#11826),#11821,.T.);
#11821=PLANE($,#11822);
#11822=AXIS2_PLACEMENT_3D($,#11823,#11824,#11825);
#11823=CARTESIAN_POINT('',(1.956,0.098,0.238));
#11824=DIRECTION('',(0.0,-1.0,0.0));
#11825=DIRECTION('',(1.,0.,0.));
#11826=FACE_OUTER_BOUND($,#11827,.T.);
#11827=EDGE_LOOP($,(#11830, #11840, #11850, #11913, #11924, #11860, #11871, #11881, #11891, #11901, #11934, #11944));
#11830=ORIENTED_EDGE('',*,*,#11292,.T.);
#11840=ORIENTED_EDGE('',*,*,#11243,.T.);
#11850=ORIENTED_EDGE('',*,*,#11361,.T.);
#11913=ORIENTED_EDGE('',*,*,#11676,.T.);
#11924=ORIENTED_EDGE('',*,*,#11439,.T.);
#11860=ORIENTED_EDGE('',*,*,#11799,.T.);
#11871=ORIENTED_EDGE('',*,*,#11557,.T.);
#11881=ORIENTED_EDGE('',*,*,#11606,.T.);
#11891=ORIENTED_EDGE('',*,*,#11508,.T.);
#11901=ORIENTED_EDGE('',*,*,#11727,.T.);
#11934=ORIENTED_EDGE('',*,*,#11410,.T.);
#11944=ORIENTED_EDGE('',*,*,#11646,.T.);
#11955=STYLED_ITEM('color',(#34),#11956);
#11956=ADVANCED_FACE($,(#11962),#11957,.T.);
#11957=PLANE($,#11958);
#11958=AXIS2_PLACEMENT_3D($,#11959,#11960,#11961);
#11959=CARTESIAN_POINT('',(2.423,0.402,0.079));
#11960=DIRECTION('',(0.0,1.0,0.0));
#11961=DIRECTION('',(1.,0.,0.));
#11962=FACE_OUTER_BOUND($,#11963,.T.);
#11963=EDGE_LOOP($,(#11966, #11976, #11986, #12049, #12060, #11996, #12007, #12017, #12027, #12037, #12070, #12080));
#11966=ORIENTED_EDGE('',*,*,#11341,.T.);
#11976=ORIENTED_EDGE('',*,*,#11263,.T.);
#11986=ORIENTED_EDGE('',*,*,#11312,.T.);
#12049=ORIENTED_EDGE('',*,*,#11625,.T.);
#12060=ORIENTED_EDGE('',*,*,#11390,.T.);
#11996=ORIENTED_EDGE('',*,*,#11748,.T.);
#12007=ORIENTED_EDGE('',*,*,#11488,.T.);
#12017=ORIENTED_EDGE('',*,*,#11586,.T.);
#12027=ORIENTED_EDGE('',*,*,#11537,.T.);
#12037=ORIENTED_EDGE('',*,*,#11778,.T.);
#12070=ORIENTED_EDGE('',*,*,#11459,.T.);
#12080=ORIENTED_EDGE('',*,*,#11697,.T.);
#12091=MANIFOLD_SOLID_BREP($,#12092);
#12092=CLOSED_SHELL('',(#12094,#12143,#12192,#12241,#12290,#12339,#12388,#12437,#12486,#12537,#12588,#12639,#12690,#12826));
#12093=STYLED_ITEM('',(#34),#12094);
#12094=ADVANCED_FACE('',(#12100),#12095,.T.);
#12095=PLANE('',#12096);
#12096=AXIS2_PLACEMENT_3D('',#12097,#12098,#12099);
#12097=CARTESIAN_POINT('',(1.956,0.903,0.238));
#12098=DIRECTION('',(-1.0,0.0,0.0));
#12099=DIRECTION('',(0.,0.,1.));
#12100=FACE_OUTER_BOUND('',#12101,.T.);
#12101=EDGE_LOOP('',(#12102,#12112,#12122,#12132));
#12105=CARTESIAN_POINT('',(1.956,0.598,0.238));
#12104=VERTEX_POINT('',#12105);
#12107=CARTESIAN_POINT('',(1.956,0.903,0.238));
#12106=VERTEX_POINT('',#12107);
#12103=EDGE_CURVE('',#12104,#12106,#12108,.T.);
#12108=LINE('',#12105,#12110);
#12110=VECTOR('',#12111,0.30479999488798);
#12111=DIRECTION('',(0.0,1.0,0.0));
#12102=ORIENTED_EDGE('',*,*,#12103,.F.);
#12115=CARTESIAN_POINT('',(1.956,0.598,0.318));
#12114=VERTEX_POINT('',#12115);
#12113=EDGE_CURVE('',#12114,#12104,#12118,.T.);
#12118=LINE('',#12115,#12120);
#12120=VECTOR('',#12121,0.079375);
#12121=DIRECTION('',(0.0,0.0,-1.0));
#12112=ORIENTED_EDGE('',*,*,#12113,.F.);
#12125=CARTESIAN_POINT('',(1.956,0.903,0.318));
#12124=VERTEX_POINT('',#12125);
#12123=EDGE_CURVE('',#12124,#12114,#12128,.T.);
#12128=LINE('',#12125,#12130);
#12130=VECTOR('',#12131,0.30479999488798);
#12131=DIRECTION('',(0.0,-1.0,0.0));
#12122=ORIENTED_EDGE('',*,*,#12123,.F.);
#12133=EDGE_CURVE('',#12106,#12124,#12138,.T.);
#12138=LINE('',#12107,#12140);
#12140=VECTOR('',#12141,0.079375);
#12141=DIRECTION('',(0.0,0.0,1.0));
#12132=ORIENTED_EDGE('',*,*,#12133,.F.);
#12142=STYLED_ITEM('',(#34),#12143);
#12143=ADVANCED_FACE('',(#12149),#12144,.T.);
#12144=PLANE('',#12145);
#12145=AXIS2_PLACEMENT_3D('',#12146,#12147,#12148);
#12146=CARTESIAN_POINT('',(1.956,0.903,0.318));
#12147=DIRECTION('',(0.0,0.0,1.0));
#12148=DIRECTION('',(0.,1.,0.));
#12149=FACE_OUTER_BOUND('',#12150,.T.);
#12150=EDGE_LOOP('',(#12151,#12161,#12171,#12181));
#12151=ORIENTED_EDGE('',*,*,#12123,.T.);
#12164=CARTESIAN_POINT('',(2.177,0.598,0.318));
#12163=VERTEX_POINT('',#12164);
#12162=EDGE_CURVE('',#12163,#12114,#12167,.T.);
#12167=LINE('',#12164,#12169);
#12169=VECTOR('',#12170,0.220881495615772);
#12170=DIRECTION('',(-1.0,0.0,0.0));
#12161=ORIENTED_EDGE('',*,*,#12162,.F.);
#12174=CARTESIAN_POINT('',(2.177,0.903,0.318));
#12173=VERTEX_POINT('',#12174);
#12172=EDGE_CURVE('',#12173,#12163,#12177,.T.);
#12177=LINE('',#12174,#12179);
#12179=VECTOR('',#12180,0.304799994978664);
#12180=DIRECTION('',(0.0,-1.0,0.0));
#12171=ORIENTED_EDGE('',*,*,#12172,.F.);
#12182=EDGE_CURVE('',#12124,#12173,#12187,.T.);
#12187=LINE('',#12125,#12189);
#12189=VECTOR('',#12190,0.220881495615772);
#12190=DIRECTION('',(1.0,0.0,0.0));
#12181=ORIENTED_EDGE('',*,*,#12182,.F.);
#12191=STYLED_ITEM('',(#34),#12192);
#12192=ADVANCED_FACE('',(#12198),#12193,.T.);
#12193=PLANE('',#12194);
#12194=AXIS2_PLACEMENT_3D('',#12195,#12196,#12197);
#12195=CARTESIAN_POINT('',(1.956,0.598,0.238));
#12196=DIRECTION('',(0.0,0.0,-1.0));
#12197=DIRECTION('',(0.,1.,0.));
#12198=FACE_OUTER_BOUND('',#12199,.T.);
#12199=EDGE_LOOP('',(#12200,#12210,#12220,#12230));
#12200=ORIENTED_EDGE('',*,*,#12103,.T.);
#12213=CARTESIAN_POINT('',(2.177,0.903,0.238));
#12212=VERTEX_POINT('',#12213);
#12211=EDGE_CURVE('',#12212,#12106,#12216,.T.);
#12216=LINE('',#12213,#12218);
#12218=VECTOR('',#12219,0.220881495615772);
#12219=DIRECTION('',(-1.0,0.0,0.0));
#12210=ORIENTED_EDGE('',*,*,#12211,.F.);
#12223=CARTESIAN_POINT('',(2.177,0.598,0.238));
#12222=VERTEX_POINT('',#12223);
#12221=EDGE_CURVE('',#12222,#12212,#12226,.T.);
#12226=LINE('',#12223,#12228);
#12228=VECTOR('',#12229,0.304799994978664);
#12229=DIRECTION('',(0.0,1.0,0.0));
#12220=ORIENTED_EDGE('',*,*,#12221,.F.);
#12231=EDGE_CURVE('',#12104,#12222,#12236,.T.);
#12236=LINE('',#12105,#12238);
#12238=VECTOR('',#12239,0.220881495615772);
#12239=DIRECTION('',(1.0,0.0,0.0));
#12230=ORIENTED_EDGE('',*,*,#12231,.F.);
#12240=STYLED_ITEM('',(#34),#12241);
#12241=ADVANCED_FACE('',(#12247),#12242,.T.);
#12242=PLANE('',#12243);
#12243=AXIS2_PLACEMENT_3D('',#12244,#12245,#12246);
#12244=CARTESIAN_POINT('',(2.347,0.598,0.138));
#12245=DIRECTION('',(0.966,0.0,0.259));
#12246=DIRECTION('',(0.,0.,1.));
#12247=FACE_OUTER_BOUND('',#12248,.T.);
#12248=EDGE_LOOP('',(#12249,#12259,#12269,#12279));
#12252=CARTESIAN_POINT('',(2.347,0.903,0.138));
#12251=VERTEX_POINT('',#12252);
#12254=CARTESIAN_POINT('',(2.347,0.598,0.138));
#12253=VERTEX_POINT('',#12254);
#12250=EDGE_CURVE('',#12251,#12253,#12255,.T.);
#12255=LINE('',#12252,#12257);
#12257=VECTOR('',#12258,0.304799995199374);
#12258=DIRECTION('',(0.0,-1.0,0.0));
#12249=ORIENTED_EDGE('',*,*,#12250,.F.);
#12262=CARTESIAN_POINT('',(2.33,0.903,0.2));
#12261=VERTEX_POINT('',#12262);
#12260=EDGE_CURVE('',#12261,#12251,#12265,.T.);
#12265=LINE('',#12262,#12267);
#12267=VECTOR('',#12268,0.063804620199384);
#12268=DIRECTION('',(0.259,0.0,-0.966));
#12259=ORIENTED_EDGE('',*,*,#12260,.F.);
#12272=CARTESIAN_POINT('',(2.33,0.598,0.2));
#12271=VERTEX_POINT('',#12272);
#12270=EDGE_CURVE('',#12271,#12261,#12275,.T.);
#12275=LINE('',#12272,#12277);
#12277=VECTOR('',#12278,0.304799995163811);
#12278=DIRECTION('',(0.0,1.0,0.0));
#12269=ORIENTED_EDGE('',*,*,#12270,.F.);
#12280=EDGE_CURVE('',#12253,#12271,#12285,.T.);
#12285=LINE('',#12254,#12287);
#12287=VECTOR('',#12288,0.063804620199384);
#12288=DIRECTION('',(-0.259,0.0,0.966));
#12279=ORIENTED_EDGE('',*,*,#12280,.F.);
#12289=STYLED_ITEM('',(#34),#12290);
#12290=ADVANCED_FACE('',(#12296),#12291,.T.);
#12291=PLANE('',#12292);
#12292=AXIS2_PLACEMENT_3D('',#12293,#12294,#12295);
#12293=CARTESIAN_POINT('',(2.27,0.903,0.118));
#12294=DIRECTION('',(-0.966,0.0,-0.259));
#12295=DIRECTION('',(0.,0.,1.));
#12296=FACE_OUTER_BOUND('',#12297,.T.);
#12297=EDGE_LOOP('',(#12298,#12308,#12318,#12328));
#12301=CARTESIAN_POINT('',(2.27,0.598,0.118));
#12300=VERTEX_POINT('',#12301);
#12303=CARTESIAN_POINT('',(2.27,0.903,0.118));
#12302=VERTEX_POINT('',#12303);
#12299=EDGE_CURVE('',#12300,#12302,#12304,.T.);
#12304=LINE('',#12301,#12306);
#12306=VECTOR('',#12307,0.304799995067094);
#12307=DIRECTION('',(0.0,1.0,0.0));
#12298=ORIENTED_EDGE('',*,*,#12299,.F.);
#12311=CARTESIAN_POINT('',(2.253,0.598,0.179));
#12310=VERTEX_POINT('',#12311);
#12309=EDGE_CURVE('',#12310,#12300,#12314,.T.);
#12314=LINE('',#12311,#12316);
#12316=VECTOR('',#12317,0.0638046202038981);
#12317=DIRECTION('',(0.259,0.0,-0.966));
#12308=ORIENTED_EDGE('',*,*,#12309,.F.);
#12321=CARTESIAN_POINT('',(2.253,0.903,0.179));
#12320=VERTEX_POINT('',#12321);
#12319=EDGE_CURVE('',#12320,#12310,#12324,.T.);
#12324=LINE('',#12321,#12326);
#12326=VECTOR('',#12327,0.304799995047204);
#12327=DIRECTION('',(0.0,-1.0,0.0));
#12318=ORIENTED_EDGE('',*,*,#12319,.F.);
#12329=EDGE_CURVE('',#12302,#12320,#12334,.T.);
#12334=LINE('',#12303,#12336);
#12336=VECTOR('',#12337,0.063804620203898);
#12337=DIRECTION('',(-0.259,0.0,0.966));
#12328=ORIENTED_EDGE('',*,*,#12329,.F.);
#12338=STYLED_ITEM('',(#34),#12339);
#12339=ADVANCED_FACE('',(#12345),#12340,.T.);
#12340=PLANE('',#12341);
#12341=AXIS2_PLACEMENT_3D('',#12342,#12343,#12344);
#12342=CARTESIAN_POINT('',(2.644,0.598,0.079));
#12343=DIRECTION('',(0.0,0.0,1.0));
#12344=DIRECTION('',(0.,1.,0.));
#12345=FACE_OUTER_BOUND('',#12346,.T.);
#12346=EDGE_LOOP('',(#12347,#12357,#12367,#12377));
#12350=CARTESIAN_POINT('',(2.644,0.903,0.079));
#12349=VERTEX_POINT('',#12350);
#12352=CARTESIAN_POINT('',(2.644,0.598,0.079));
#12351=VERTEX_POINT('',#12352);
#12348=EDGE_CURVE('',#12349,#12351,#12353,.T.);
#12353=LINE('',#12350,#12355);
#12355=VECTOR('',#12356,0.3048);
#12356=DIRECTION('',(0.0,-1.0,0.0));
#12347=ORIENTED_EDGE('',*,*,#12348,.F.);
#12360=CARTESIAN_POINT('',(2.423,0.903,0.079));
#12359=VERTEX_POINT('',#12360);
#12358=EDGE_CURVE('',#12359,#12349,#12363,.T.);
#12363=LINE('',#12360,#12365);
#12365=VECTOR('',#12366,0.220881493353523);
#12366=DIRECTION('',(1.0,0.0,0.0));
#12357=ORIENTED_EDGE('',*,*,#12358,.F.);
#12370=CARTESIAN_POINT('',(2.423,0.598,0.079));
#12369=VERTEX_POINT('',#12370);
#12368=EDGE_CURVE('',#12369,#12359,#12373,.T.);
#12373=LINE('',#12370,#12375);
#12375=VECTOR('',#12376,0.304799995453006);
#12376=DIRECTION('',(0.0,1.0,0.0));
#12367=ORIENTED_EDGE('',*,*,#12368,.F.);
#12378=EDGE_CURVE('',#12351,#12369,#12383,.T.);
#12383=LINE('',#12352,#12385);
#12385=VECTOR('',#12386,0.220881493353524);
#12386=DIRECTION('',(-1.0,0.0,0.0));
#12377=ORIENTED_EDGE('',*,*,#12378,.F.);
#12387=STYLED_ITEM('',(#34),#12388);
#12388=ADVANCED_FACE('',(#12394),#12389,.T.);
#12389=PLANE('',#12390);
#12390=AXIS2_PLACEMENT_3D('',#12391,#12392,#12393);
#12391=CARTESIAN_POINT('',(2.423,0.598,0.0));
#12392=DIRECTION('',(0.0,0.0,-1.0));
#12393=DIRECTION('',(0.,1.,0.));
#12394=FACE_OUTER_BOUND('',#12395,.T.);
#12395=EDGE_LOOP('',(#12396,#12406,#12416,#12426));
#12399=CARTESIAN_POINT('',(2.423,0.903,0.0));
#12398=VERTEX_POINT('',#12399);
#12401=CARTESIAN_POINT('',(2.423,0.598,0.0));
#12400=VERTEX_POINT('',#12401);
#12397=EDGE_CURVE('',#12398,#12400,#12402,.T.);
#12402=LINE('',#12399,#12404);
#12404=VECTOR('',#12405,0.304799995453006);
#12405=DIRECTION('',(0.0,-1.0,0.0));
#12396=ORIENTED_EDGE('',*,*,#12397,.F.);
#12409=CARTESIAN_POINT('',(2.644,0.903,0.0));
#12408=VERTEX_POINT('',#12409);
#12407=EDGE_CURVE('',#12408,#12398,#12412,.T.);
#12412=LINE('',#12409,#12414);
#12414=VECTOR('',#12415,0.220881493353523);
#12415=DIRECTION('',(-1.0,0.0,0.0));
#12406=ORIENTED_EDGE('',*,*,#12407,.F.);
#12419=CARTESIAN_POINT('',(2.644,0.598,0.0));
#12418=VERTEX_POINT('',#12419);
#12417=EDGE_CURVE('',#12418,#12408,#12422,.T.);
#12422=LINE('',#12419,#12424);
#12424=VECTOR('',#12425,0.3048);
#12425=DIRECTION('',(0.0,1.0,0.0));
#12416=ORIENTED_EDGE('',*,*,#12417,.F.);
#12427=EDGE_CURVE('',#12400,#12418,#12432,.T.);
#12432=LINE('',#12401,#12434);
#12434=VECTOR('',#12435,0.220881493353524);
#12435=DIRECTION('',(1.0,0.0,0.0));
#12426=ORIENTED_EDGE('',*,*,#12427,.F.);
#12436=STYLED_ITEM('',(#34),#12437);
#12437=ADVANCED_FACE('',(#12443),#12438,.T.);
#12438=PLANE('',#12439);
#12439=AXIS2_PLACEMENT_3D('',#12440,#12441,#12442);
#12440=CARTESIAN_POINT('',(2.644,0.598,0.0));
#12441=DIRECTION('',(1.0,0.0,0.0));
#12442=DIRECTION('',(0.,0.,1.));
#12443=FACE_OUTER_BOUND('',#12444,.T.);
#12444=EDGE_LOOP('',(#12445,#12455,#12465,#12475));
#12445=ORIENTED_EDGE('',*,*,#12417,.T.);
#12456=EDGE_CURVE('',#12349,#12408,#12461,.T.);
#12461=LINE('',#12350,#12463);
#12463=VECTOR('',#12464,0.079375);
#12464=DIRECTION('',(0.0,0.0,-1.0));
#12455=ORIENTED_EDGE('',*,*,#12456,.F.);
#12465=ORIENTED_EDGE('',*,*,#12348,.T.);
#12476=EDGE_CURVE('',#12418,#12351,#12481,.T.);
#12481=LINE('',#12419,#12483);
#12483=VECTOR('',#12484,0.079375);
#12484=DIRECTION('',(0.0,0.0,1.0));
#12475=ORIENTED_EDGE('',*,*,#12476,.F.);
#12485=STYLED_ITEM($,(#34),#12486);
#12486=ADVANCED_FACE($,(#12492),#12487,.T.);
#12487=CYLINDRICAL_SURFACE($,#12488,0.15875);
#12488=AXIS2_PLACEMENT_3D($,#12489,#12490,#12491);
#12489=CARTESIAN_POINT('',(2.177,0.903,0.159));
#12490=DIRECTION('',(0.0,1.0,0.0));
#12491=DIRECTION('',(0.,0.,1.));
#12492=FACE_OUTER_BOUND($,#12493,.T.);
#12493=EDGE_LOOP($,(#12505,#12515,#12526,#12494));
#12505=ORIENTED_EDGE('',*,*,#12172,.T.);
#12516=EDGE_CURVE($,#12271,#12163,#12521,.T.);
#12521=CIRCLE($,#12522,0.15875);
#12523=CARTESIAN_POINT('',(2.177,0.598,0.159));
#12522=AXIS2_PLACEMENT_3D($,#12523,#12524,#12525);
#12524=DIRECTION('',(0.0,-1.0,0.0));
#12525=DIRECTION('',(-0.793,0.0,0.609));
#12515=ORIENTED_EDGE('',*,*,#12516,.F.);
#12526=ORIENTED_EDGE('',*,*,#12270,.T.);
#12495=EDGE_CURVE($,#12173,#12261,#12500,.T.);
#12500=CIRCLE($,#12501,0.15875);
#12502=CARTESIAN_POINT('',(2.177,0.903,0.159));
#12501=AXIS2_PLACEMENT_3D($,#12502,#12503,#12504);
#12503=DIRECTION('',(0.0,1.0,0.0));
#12504=DIRECTION('',(0.793,0.0,-0.609));
#12494=ORIENTED_EDGE('',*,*,#12495,.F.);
#12536=STYLED_ITEM($,(#34),#12537);
#12537=ADVANCED_FACE($,(#12543),#12538,.F.);
#12538=CYLINDRICAL_SURFACE($,#12539,0.079375);
#12539=AXIS2_PLACEMENT_3D($,#12540,#12541,#12542);
#12540=CARTESIAN_POINT('',(2.177,0.598,0.159));
#12541=DIRECTION('',(0.0,1.0,0.0));
#12542=DIRECTION('',(0.,0.,-1.));
#12543=FACE_OUTER_BOUND($,#12544,.T.);
#12544=EDGE_LOOP($,(#12556,#12566,#12577,#12545));
#12556=ORIENTED_EDGE('',*,*,#12221,.T.);
#12567=EDGE_CURVE($,#12320,#12212,#12572,.T.);
#12572=CIRCLE($,#12573,0.079375);
#12573=AXIS2_PLACEMENT_3D($,#12502,#12575,#12576);
#12575=DIRECTION('',(0.0,-1.0,0.0));
#12576=DIRECTION('',(-0.793,0.0,0.609));
#12566=ORIENTED_EDGE('',*,*,#12567,.F.);
#12577=ORIENTED_EDGE('',*,*,#12319,.T.);
#12546=EDGE_CURVE($,#12222,#12310,#12551,.T.);
#12551=CIRCLE($,#12552,0.079375);
#12552=AXIS2_PLACEMENT_3D($,#12523,#12554,#12555);
#12554=DIRECTION('',(0.0,1.0,0.0));
#12555=DIRECTION('',(0.793,0.0,-0.609));
#12545=ORIENTED_EDGE('',*,*,#12546,.F.);
#12587=STYLED_ITEM($,(#34),#12588);
#12588=ADVANCED_FACE($,(#12594),#12589,.F.);
#12589=CYLINDRICAL_SURFACE($,#12590,0.079375);
#12590=AXIS2_PLACEMENT_3D($,#12591,#12592,#12593);
#12591=CARTESIAN_POINT('',(2.423,0.598,0.159));
#12592=DIRECTION('',(0.0,1.0,0.0));
#12593=DIRECTION('',(0.,0.,1.));
#12594=FACE_OUTER_BOUND($,#12595,.T.);
#12595=EDGE_LOOP($,(#12607,#12617,#12628,#12596));
#12607=ORIENTED_EDGE('',*,*,#12368,.T.);
#12618=EDGE_CURVE($,#12251,#12359,#12623,.T.);
#12623=CIRCLE($,#12624,0.079375);
#12625=CARTESIAN_POINT('',(2.423,0.903,0.159));
#12624=AXIS2_PLACEMENT_3D($,#12625,#12626,#12627);
#12626=DIRECTION('',(0.0,-1.0,0.0));
#12627=DIRECTION('',(0.793,0.0,-0.609));
#12617=ORIENTED_EDGE('',*,*,#12618,.F.);
#12628=ORIENTED_EDGE('',*,*,#12250,.T.);
#12597=EDGE_CURVE($,#12369,#12253,#12602,.T.);
#12602=CIRCLE($,#12603,0.079375);
#12604=CARTESIAN_POINT('',(2.423,0.598,0.159));
#12603=AXIS2_PLACEMENT_3D($,#12604,#12605,#12606);
#12605=DIRECTION('',(0.0,1.0,0.0));
#12606=DIRECTION('',(-0.793,0.0,0.609));
#12596=ORIENTED_EDGE('',*,*,#12597,.F.);
#12638=STYLED_ITEM($,(#34),#12639);
#12639=ADVANCED_FACE($,(#12645),#12640,.T.);
#12640=CYLINDRICAL_SURFACE($,#12641,0.15875);
#12641=AXIS2_PLACEMENT_3D($,#12642,#12643,#12644);
#12642=CARTESIAN_POINT('',(2.423,0.598,0.159));
#12643=DIRECTION('',(0.0,1.0,0.0));
#12644=DIRECTION('',(0.,0.,-1.));
#12645=FACE_OUTER_BOUND($,#12646,.T.);
#12646=EDGE_LOOP($,(#12658,#12668,#12679,#12647));
#12658=ORIENTED_EDGE('',*,*,#12397,.T.);
#12669=EDGE_CURVE($,#12300,#12400,#12674,.T.);
#12674=CIRCLE($,#12675,0.15875);
#12675=AXIS2_PLACEMENT_3D($,#12604,#12677,#12678);
#12677=DIRECTION('',(0.0,-1.0,0.0));
#12678=DIRECTION('',(0.793,0.0,-0.609));
#12668=ORIENTED_EDGE('',*,*,#12669,.F.);
#12679=ORIENTED_EDGE('',*,*,#12299,.T.);
#12648=EDGE_CURVE($,#12398,#12302,#12653,.T.);
#12653=CIRCLE($,#12654,0.15875);
#12654=AXIS2_PLACEMENT_3D($,#12625,#12656,#12657);
#12656=DIRECTION('',(0.0,1.0,0.0));
#12657=DIRECTION('',(-0.793,0.0,0.609));
#12647=ORIENTED_EDGE('',*,*,#12648,.F.);
#12689=STYLED_ITEM('color',(#34),#12690);
#12690=ADVANCED_FACE($,(#12696),#12691,.T.);
#12691=PLANE($,#12692);
#12692=AXIS2_PLACEMENT_3D($,#12693,#12694,#12695);
#12693=CARTESIAN_POINT('',(1.956,0.598,0.238));
#12694=DIRECTION('',(0.0,-1.0,0.0));
#12695=DIRECTION('',(1.,0.,0.));
#12696=FACE_OUTER_BOUND($,#12697,.T.);
#12697=EDGE_LOOP($,(#12700, #12710, #12720, #12783, #12794, #12730, #12741, #12751, #12761, #12771, #12804, #12814));
#12700=ORIENTED_EDGE('',*,*,#12162,.T.);
#12710=ORIENTED_EDGE('',*,*,#12113,.T.);
#12720=ORIENTED_EDGE('',*,*,#12231,.T.);
#12783=ORIENTED_EDGE('',*,*,#12546,.T.);
#12794=ORIENTED_EDGE('',*,*,#12309,.T.);
#12730=ORIENTED_EDGE('',*,*,#12669,.T.);
#12741=ORIENTED_EDGE('',*,*,#12427,.T.);
#12751=ORIENTED_EDGE('',*,*,#12476,.T.);
#12761=ORIENTED_EDGE('',*,*,#12378,.T.);
#12771=ORIENTED_EDGE('',*,*,#12597,.T.);
#12804=ORIENTED_EDGE('',*,*,#12280,.T.);
#12814=ORIENTED_EDGE('',*,*,#12516,.T.);
#12825=STYLED_ITEM('color',(#34),#12826);
#12826=ADVANCED_FACE($,(#12832),#12827,.T.);
#12827=PLANE($,#12828);
#12828=AXIS2_PLACEMENT_3D($,#12829,#12830,#12831);
#12829=CARTESIAN_POINT('',(2.423,0.903,0.079));
#12830=DIRECTION('',(0.0,1.0,0.0));
#12831=DIRECTION('',(1.,0.,0.));
#12832=FACE_OUTER_BOUND($,#12833,.T.);
#12833=EDGE_LOOP($,(#12836, #12846, #12856, #12919, #12930, #12866, #12877, #12887, #12897, #12907, #12940, #12950));
#12836=ORIENTED_EDGE('',*,*,#12211,.T.);
#12846=ORIENTED_EDGE('',*,*,#12133,.T.);
#12856=ORIENTED_EDGE('',*,*,#12182,.T.);
#12919=ORIENTED_EDGE('',*,*,#12495,.T.);
#12930=ORIENTED_EDGE('',*,*,#12260,.T.);
#12866=ORIENTED_EDGE('',*,*,#12618,.T.);
#12877=ORIENTED_EDGE('',*,*,#12358,.T.);
#12887=ORIENTED_EDGE('',*,*,#12456,.T.);
#12897=ORIENTED_EDGE('',*,*,#12407,.T.);
#12907=ORIENTED_EDGE('',*,*,#12648,.T.);
#12940=ORIENTED_EDGE('',*,*,#12329,.T.);
#12950=ORIENTED_EDGE('',*,*,#12567,.T.);
#12961=MANIFOLD_SOLID_BREP($,#12962);
#12962=CLOSED_SHELL('',(#12964,#13013,#13062,#13111,#13160,#13209,#13258,#13307,#13356,#13407,#13458,#13509,#13560,#13696));
#12963=STYLED_ITEM('',(#34),#12964);
#12964=ADVANCED_FACE('',(#12970),#12965,.T.);
#12965=PLANE('',#12966);
#12966=AXIS2_PLACEMENT_3D('',#12967,#12968,#12969);
#12967=CARTESIAN_POINT('',(1.956,1.403,0.238));
#12968=DIRECTION('',(-1.0,0.0,0.0));
#12969=DIRECTION('',(0.,0.,1.));
#12970=FACE_OUTER_BOUND('',#12971,.T.);
#12971=EDGE_LOOP('',(#12972,#12982,#12992,#13002));
#12975=CARTESIAN_POINT('',(1.956,1.098,0.238));
#12974=VERTEX_POINT('',#12975);
#12977=CARTESIAN_POINT('',(1.956,1.403,0.238));
#12976=VERTEX_POINT('',#12977);
#12973=EDGE_CURVE('',#12974,#12976,#12978,.T.);
#12978=LINE('',#12975,#12980);
#12980=VECTOR('',#12981,0.30479999488798);
#12981=DIRECTION('',(0.0,1.0,0.0));
#12972=ORIENTED_EDGE('',*,*,#12973,.F.);
#12985=CARTESIAN_POINT('',(1.956,1.098,0.318));
#12984=VERTEX_POINT('',#12985);
#12983=EDGE_CURVE('',#12984,#12974,#12988,.T.);
#12988=LINE('',#12985,#12990);
#12990=VECTOR('',#12991,0.079375);
#12991=DIRECTION('',(0.0,0.0,-1.0));
#12982=ORIENTED_EDGE('',*,*,#12983,.F.);
#12995=CARTESIAN_POINT('',(1.956,1.403,0.318));
#12994=VERTEX_POINT('',#12995);
#12993=EDGE_CURVE('',#12994,#12984,#12998,.T.);
#12998=LINE('',#12995,#13000);
#13000=VECTOR('',#13001,0.30479999488798);
#13001=DIRECTION('',(0.0,-1.0,0.0));
#12992=ORIENTED_EDGE('',*,*,#12993,.F.);
#13003=EDGE_CURVE('',#12976,#12994,#13008,.T.);
#13008=LINE('',#12977,#13010);
#13010=VECTOR('',#13011,0.079375);
#13011=DIRECTION('',(0.0,0.0,1.0));
#13002=ORIENTED_EDGE('',*,*,#13003,.F.);
#13012=STYLED_ITEM('',(#34),#13013);
#13013=ADVANCED_FACE('',(#13019),#13014,.T.);
#13014=PLANE('',#13015);
#13015=AXIS2_PLACEMENT_3D('',#13016,#13017,#13018);
#13016=CARTESIAN_POINT('',(1.956,1.403,0.318));
#13017=DIRECTION('',(0.0,0.0,1.0));
#13018=DIRECTION('',(0.,1.,0.));
#13019=FACE_OUTER_BOUND('',#13020,.T.);
#13020=EDGE_LOOP('',(#13021,#13031,#13041,#13051));
#13021=ORIENTED_EDGE('',*,*,#12993,.T.);
#13034=CARTESIAN_POINT('',(2.177,1.098,0.318));
#13033=VERTEX_POINT('',#13034);
#13032=EDGE_CURVE('',#13033,#12984,#13037,.T.);
#13037=LINE('',#13034,#13039);
#13039=VECTOR('',#13040,0.220881495615772);
#13040=DIRECTION('',(-1.0,0.0,0.0));
#13031=ORIENTED_EDGE('',*,*,#13032,.F.);
#13044=CARTESIAN_POINT('',(2.177,1.403,0.318));
#13043=VERTEX_POINT('',#13044);
#13042=EDGE_CURVE('',#13043,#13033,#13047,.T.);
#13047=LINE('',#13044,#13049);
#13049=VECTOR('',#13050,0.304799994978664);
#13050=DIRECTION('',(0.0,-1.0,0.0));
#13041=ORIENTED_EDGE('',*,*,#13042,.F.);
#13052=EDGE_CURVE('',#12994,#13043,#13057,.T.);
#13057=LINE('',#12995,#13059);
#13059=VECTOR('',#13060,0.220881495615772);
#13060=DIRECTION('',(1.0,0.0,0.0));
#13051=ORIENTED_EDGE('',*,*,#13052,.F.);
#13061=STYLED_ITEM('',(#34),#13062);
#13062=ADVANCED_FACE('',(#13068),#13063,.T.);
#13063=PLANE('',#13064);
#13064=AXIS2_PLACEMENT_3D('',#13065,#13066,#13067);
#13065=CARTESIAN_POINT('',(1.956,1.098,0.238));
#13066=DIRECTION('',(0.0,0.0,-1.0));
#13067=DIRECTION('',(0.,1.,0.));
#13068=FACE_OUTER_BOUND('',#13069,.T.);
#13069=EDGE_LOOP('',(#13070,#13080,#13090,#13100));
#13070=ORIENTED_EDGE('',*,*,#12973,.T.);
#13083=CARTESIAN_POINT('',(2.177,1.403,0.238));
#13082=VERTEX_POINT('',#13083);
#13081=EDGE_CURVE('',#13082,#12976,#13086,.T.);
#13086=LINE('',#13083,#13088);
#13088=VECTOR('',#13089,0.220881495615772);
#13089=DIRECTION('',(-1.0,0.0,0.0));
#13080=ORIENTED_EDGE('',*,*,#13081,.F.);
#13093=CARTESIAN_POINT('',(2.177,1.098,0.238));
#13092=VERTEX_POINT('',#13093);
#13091=EDGE_CURVE('',#13092,#13082,#13096,.T.);
#13096=LINE('',#13093,#13098);
#13098=VECTOR('',#13099,0.304799994978664);
#13099=DIRECTION('',(0.0,1.0,0.0));
#13090=ORIENTED_EDGE('',*,*,#13091,.F.);
#13101=EDGE_CURVE('',#12974,#13092,#13106,.T.);
#13106=LINE('',#12975,#13108);
#13108=VECTOR('',#13109,0.220881495615772);
#13109=DIRECTION('',(1.0,0.0,0.0));
#13100=ORIENTED_EDGE('',*,*,#13101,.F.);
#13110=STYLED_ITEM('',(#34),#13111);
#13111=ADVANCED_FACE('',(#13117),#13112,.T.);
#13112=PLANE('',#13113);
#13113=AXIS2_PLACEMENT_3D('',#13114,#13115,#13116);
#13114=CARTESIAN_POINT('',(2.347,1.098,0.138));
#13115=DIRECTION('',(0.966,0.0,0.259));
#13116=DIRECTION('',(0.,0.,1.));
#13117=FACE_OUTER_BOUND('',#13118,.T.);
#13118=EDGE_LOOP('',(#13119,#13129,#13139,#13149));
#13122=CARTESIAN_POINT('',(2.347,1.403,0.138));
#13121=VERTEX_POINT('',#13122);
#13124=CARTESIAN_POINT('',(2.347,1.098,0.138));
#13123=VERTEX_POINT('',#13124);
#13120=EDGE_CURVE('',#13121,#13123,#13125,.T.);
#13125=LINE('',#13122,#13127);
#13127=VECTOR('',#13128,0.304799995199375);
#13128=DIRECTION('',(0.0,-1.0,0.0));
#13119=ORIENTED_EDGE('',*,*,#13120,.F.);
#13132=CARTESIAN_POINT('',(2.33,1.403,0.2));
#13131=VERTEX_POINT('',#13132);
#13130=EDGE_CURVE('',#13131,#13121,#13135,.T.);
#13135=LINE('',#13132,#13137);
#13137=VECTOR('',#13138,0.063804620199384);
#13138=DIRECTION('',(0.259,0.0,-0.966));
#13129=ORIENTED_EDGE('',*,*,#13130,.F.);
#13142=CARTESIAN_POINT('',(2.33,1.098,0.2));
#13141=VERTEX_POINT('',#13142);
#13140=EDGE_CURVE('',#13141,#13131,#13145,.T.);
#13145=LINE('',#13142,#13147);
#13147=VECTOR('',#13148,0.304799995163812);
#13148=DIRECTION('',(0.0,1.0,0.0));
#13139=ORIENTED_EDGE('',*,*,#13140,.F.);
#13150=EDGE_CURVE('',#13123,#13141,#13155,.T.);
#13155=LINE('',#13124,#13157);
#13157=VECTOR('',#13158,0.063804620199384);
#13158=DIRECTION('',(-0.259,0.0,0.966));
#13149=ORIENTED_EDGE('',*,*,#13150,.F.);
#13159=STYLED_ITEM('',(#34),#13160);
#13160=ADVANCED_FACE('',(#13166),#13161,.T.);
#13161=PLANE('',#13162);
#13162=AXIS2_PLACEMENT_3D('',#13163,#13164,#13165);
#13163=CARTESIAN_POINT('',(2.27,1.403,0.118));
#13164=DIRECTION('',(-0.966,0.0,-0.259));
#13165=DIRECTION('',(0.,0.,1.));
#13166=FACE_OUTER_BOUND('',#13167,.T.);
#13167=EDGE_LOOP('',(#13168,#13178,#13188,#13198));
#13171=CARTESIAN_POINT('',(2.27,1.098,0.118));
#13170=VERTEX_POINT('',#13171);
#13173=CARTESIAN_POINT('',(2.27,1.403,0.118));
#13172=VERTEX_POINT('',#13173);
#13169=EDGE_CURVE('',#13170,#13172,#13174,.T.);
#13174=LINE('',#13171,#13176);
#13176=VECTOR('',#13177,0.304799995067094);
#13177=DIRECTION('',(0.0,1.0,0.0));
#13168=ORIENTED_EDGE('',*,*,#13169,.F.);
#13181=CARTESIAN_POINT('',(2.253,1.098,0.179));
#13180=VERTEX_POINT('',#13181);
#13179=EDGE_CURVE('',#13180,#13170,#13184,.T.);
#13184=LINE('',#13181,#13186);
#13186=VECTOR('',#13187,0.0638046202038981);
#13187=DIRECTION('',(0.259,0.0,-0.966));
#13178=ORIENTED_EDGE('',*,*,#13179,.F.);
#13191=CARTESIAN_POINT('',(2.253,1.403,0.179));
#13190=VERTEX_POINT('',#13191);
#13189=EDGE_CURVE('',#13190,#13180,#13194,.T.);
#13194=LINE('',#13191,#13196);
#13196=VECTOR('',#13197,0.304799995047204);
#13197=DIRECTION('',(0.0,-1.0,0.0));
#13188=ORIENTED_EDGE('',*,*,#13189,.F.);
#13199=EDGE_CURVE('',#13172,#13190,#13204,.T.);
#13204=LINE('',#13173,#13206);
#13206=VECTOR('',#13207,0.063804620203898);
#13207=DIRECTION('',(-0.259,0.0,0.966));
#13198=ORIENTED_EDGE('',*,*,#13199,.F.);
#13208=STYLED_ITEM('',(#34),#13209);
#13209=ADVANCED_FACE('',(#13215),#13210,.T.);
#13210=PLANE('',#13211);
#13211=AXIS2_PLACEMENT_3D('',#13212,#13213,#13214);
#13212=CARTESIAN_POINT('',(2.644,1.098,0.079));
#13213=DIRECTION('',(0.0,0.0,1.0));
#13214=DIRECTION('',(0.,1.,0.));
#13215=FACE_OUTER_BOUND('',#13216,.T.);
#13216=EDGE_LOOP('',(#13217,#13227,#13237,#13247));
#13220=CARTESIAN_POINT('',(2.644,1.403,0.079));
#13219=VERTEX_POINT('',#13220);
#13222=CARTESIAN_POINT('',(2.644,1.098,0.079));
#13221=VERTEX_POINT('',#13222);
#13218=EDGE_CURVE('',#13219,#13221,#13223,.T.);
#13223=LINE('',#13220,#13225);
#13225=VECTOR('',#13226,0.3048);
#13226=DIRECTION('',(0.0,-1.0,0.0));
#13217=ORIENTED_EDGE('',*,*,#13218,.F.);
#13230=CARTESIAN_POINT('',(2.423,1.403,0.079));
#13229=VERTEX_POINT('',#13230);
#13228=EDGE_CURVE('',#13229,#13219,#13233,.T.);
#13233=LINE('',#13230,#13235);
#13235=VECTOR('',#13236,0.220881493353523);
#13236=DIRECTION('',(1.0,0.0,0.0));
#13227=ORIENTED_EDGE('',*,*,#13228,.F.);
#13240=CARTESIAN_POINT('',(2.423,1.098,0.079));
#13239=VERTEX_POINT('',#13240);
#13238=EDGE_CURVE('',#13239,#13229,#13243,.T.);
#13243=LINE('',#13240,#13245);
#13245=VECTOR('',#13246,0.304799995453006);
#13246=DIRECTION('',(0.0,1.0,0.0));
#13237=ORIENTED_EDGE('',*,*,#13238,.F.);
#13248=EDGE_CURVE('',#13221,#13239,#13253,.T.);
#13253=LINE('',#13222,#13255);
#13255=VECTOR('',#13256,0.220881493353524);
#13256=DIRECTION('',(-1.0,0.0,0.0));
#13247=ORIENTED_EDGE('',*,*,#13248,.F.);
#13257=STYLED_ITEM('',(#34),#13258);
#13258=ADVANCED_FACE('',(#13264),#13259,.T.);
#13259=PLANE('',#13260);
#13260=AXIS2_PLACEMENT_3D('',#13261,#13262,#13263);
#13261=CARTESIAN_POINT('',(2.423,1.098,0.0));
#13262=DIRECTION('',(0.0,0.0,-1.0));
#13263=DIRECTION('',(0.,1.,0.));
#13264=FACE_OUTER_BOUND('',#13265,.T.);
#13265=EDGE_LOOP('',(#13266,#13276,#13286,#13296));
#13269=CARTESIAN_POINT('',(2.423,1.403,0.0));
#13268=VERTEX_POINT('',#13269);
#13271=CARTESIAN_POINT('',(2.423,1.098,0.0));
#13270=VERTEX_POINT('',#13271);
#13267=EDGE_CURVE('',#13268,#13270,#13272,.T.);
#13272=LINE('',#13269,#13274);
#13274=VECTOR('',#13275,0.304799995453006);
#13275=DIRECTION('',(0.0,-1.0,0.0));
#13266=ORIENTED_EDGE('',*,*,#13267,.F.);
#13279=CARTESIAN_POINT('',(2.644,1.403,0.0));
#13278=VERTEX_POINT('',#13279);
#13277=EDGE_CURVE('',#13278,#13268,#13282,.T.);
#13282=LINE('',#13279,#13284);
#13284=VECTOR('',#13285,0.220881493353523);
#13285=DIRECTION('',(-1.0,0.0,0.0));
#13276=ORIENTED_EDGE('',*,*,#13277,.F.);
#13289=CARTESIAN_POINT('',(2.644,1.098,0.0));
#13288=VERTEX_POINT('',#13289);
#13287=EDGE_CURVE('',#13288,#13278,#13292,.T.);
#13292=LINE('',#13289,#13294);
#13294=VECTOR('',#13295,0.3048);
#13295=DIRECTION('',(0.0,1.0,0.0));
#13286=ORIENTED_EDGE('',*,*,#13287,.F.);
#13297=EDGE_CURVE('',#13270,#13288,#13302,.T.);
#13302=LINE('',#13271,#13304);
#13304=VECTOR('',#13305,0.220881493353524);
#13305=DIRECTION('',(1.0,0.0,0.0));
#13296=ORIENTED_EDGE('',*,*,#13297,.F.);
#13306=STYLED_ITEM('',(#34),#13307);
#13307=ADVANCED_FACE('',(#13313),#13308,.T.);
#13308=PLANE('',#13309);
#13309=AXIS2_PLACEMENT_3D('',#13310,#13311,#13312);
#13310=CARTESIAN_POINT('',(2.644,1.098,0.0));
#13311=DIRECTION('',(1.0,0.0,0.0));
#13312=DIRECTION('',(0.,0.,1.));
#13313=FACE_OUTER_BOUND('',#13314,.T.);
#13314=EDGE_LOOP('',(#13315,#13325,#13335,#13345));
#13315=ORIENTED_EDGE('',*,*,#13287,.T.);
#13326=EDGE_CURVE('',#13219,#13278,#13331,.T.);
#13331=LINE('',#13220,#13333);
#13333=VECTOR('',#13334,0.079375);
#13334=DIRECTION('',(0.0,0.0,-1.0));
#13325=ORIENTED_EDGE('',*,*,#13326,.F.);
#13335=ORIENTED_EDGE('',*,*,#13218,.T.);
#13346=EDGE_CURVE('',#13288,#13221,#13351,.T.);
#13351=LINE('',#13289,#13353);
#13353=VECTOR('',#13354,0.079375);
#13354=DIRECTION('',(0.0,0.0,1.0));
#13345=ORIENTED_EDGE('',*,*,#13346,.F.);
#13355=STYLED_ITEM($,(#34),#13356);
#13356=ADVANCED_FACE($,(#13362),#13357,.T.);
#13357=CYLINDRICAL_SURFACE($,#13358,0.15875);
#13358=AXIS2_PLACEMENT_3D($,#13359,#13360,#13361);
#13359=CARTESIAN_POINT('',(2.177,1.403,0.159));
#13360=DIRECTION('',(0.0,1.0,0.0));
#13361=DIRECTION('',(0.,0.,1.));
#13362=FACE_OUTER_BOUND($,#13363,.T.);
#13363=EDGE_LOOP($,(#13375,#13385,#13396,#13364));
#13375=ORIENTED_EDGE('',*,*,#13042,.T.);
#13386=EDGE_CURVE($,#13141,#13033,#13391,.T.);
#13391=CIRCLE($,#13392,0.15875);
#13393=CARTESIAN_POINT('',(2.177,1.098,0.159));
#13392=AXIS2_PLACEMENT_3D($,#13393,#13394,#13395);
#13394=DIRECTION('',(0.0,-1.0,0.0));
#13395=DIRECTION('',(-0.793,0.0,0.609));
#13385=ORIENTED_EDGE('',*,*,#13386,.F.);
#13396=ORIENTED_EDGE('',*,*,#13140,.T.);
#13365=EDGE_CURVE($,#13043,#13131,#13370,.T.);
#13370=CIRCLE($,#13371,0.15875);
#13372=CARTESIAN_POINT('',(2.177,1.403,0.159));
#13371=AXIS2_PLACEMENT_3D($,#13372,#13373,#13374);
#13373=DIRECTION('',(0.0,1.0,0.0));
#13374=DIRECTION('',(0.793,0.0,-0.609));
#13364=ORIENTED_EDGE('',*,*,#13365,.F.);
#13406=STYLED_ITEM($,(#34),#13407);
#13407=ADVANCED_FACE($,(#13413),#13408,.F.);
#13408=CYLINDRICAL_SURFACE($,#13409,0.079375);
#13409=AXIS2_PLACEMENT_3D($,#13410,#13411,#13412);
#13410=CARTESIAN_POINT('',(2.177,1.098,0.159));
#13411=DIRECTION('',(0.0,1.0,0.0));
#13412=DIRECTION('',(0.,0.,-1.));
#13413=FACE_OUTER_BOUND($,#13414,.T.);
#13414=EDGE_LOOP($,(#13426,#13436,#13447,#13415));
#13426=ORIENTED_EDGE('',*,*,#13091,.T.);
#13437=EDGE_CURVE($,#13190,#13082,#13442,.T.);
#13442=CIRCLE($,#13443,0.079375);
#13443=AXIS2_PLACEMENT_3D($,#13372,#13445,#13446);
#13445=DIRECTION('',(0.0,-1.0,0.0));
#13446=DIRECTION('',(-0.793,0.0,0.609));
#13436=ORIENTED_EDGE('',*,*,#13437,.F.);
#13447=ORIENTED_EDGE('',*,*,#13189,.T.);
#13416=EDGE_CURVE($,#13092,#13180,#13421,.T.);
#13421=CIRCLE($,#13422,0.079375);
#13422=AXIS2_PLACEMENT_3D($,#13393,#13424,#13425);
#13424=DIRECTION('',(0.0,1.0,0.0));
#13425=DIRECTION('',(0.793,0.0,-0.609));
#13415=ORIENTED_EDGE('',*,*,#13416,.F.);
#13457=STYLED_ITEM($,(#34),#13458);
#13458=ADVANCED_FACE($,(#13464),#13459,.F.);
#13459=CYLINDRICAL_SURFACE($,#13460,0.079375);
#13460=AXIS2_PLACEMENT_3D($,#13461,#13462,#13463);
#13461=CARTESIAN_POINT('',(2.423,1.098,0.159));
#13462=DIRECTION('',(0.0,1.0,0.0));
#13463=DIRECTION('',(0.,0.,1.));
#13464=FACE_OUTER_BOUND($,#13465,.T.);
#13465=EDGE_LOOP($,(#13477,#13487,#13498,#13466));
#13477=ORIENTED_EDGE('',*,*,#13238,.T.);
#13488=EDGE_CURVE($,#13121,#13229,#13493,.T.);
#13493=CIRCLE($,#13494,0.079375);
#13495=CARTESIAN_POINT('',(2.423,1.403,0.159));
#13494=AXIS2_PLACEMENT_3D($,#13495,#13496,#13497);
#13496=DIRECTION('',(0.0,-1.0,0.0));
#13497=DIRECTION('',(0.793,0.0,-0.609));
#13487=ORIENTED_EDGE('',*,*,#13488,.F.);
#13498=ORIENTED_EDGE('',*,*,#13120,.T.);
#13467=EDGE_CURVE($,#13239,#13123,#13472,.T.);
#13472=CIRCLE($,#13473,0.079375);
#13474=CARTESIAN_POINT('',(2.423,1.098,0.159));
#13473=AXIS2_PLACEMENT_3D($,#13474,#13475,#13476);
#13475=DIRECTION('',(0.0,1.0,0.0));
#13476=DIRECTION('',(-0.793,0.0,0.609));
#13466=ORIENTED_EDGE('',*,*,#13467,.F.);
#13508=STYLED_ITEM($,(#34),#13509);
#13509=ADVANCED_FACE($,(#13515),#13510,.T.);
#13510=CYLINDRICAL_SURFACE($,#13511,0.15875);
#13511=AXIS2_PLACEMENT_3D($,#13512,#13513,#13514);
#13512=CARTESIAN_POINT('',(2.423,1.098,0.159));
#13513=DIRECTION('',(0.0,1.0,0.0));
#13514=DIRECTION('',(0.,0.,-1.));
#13515=FACE_OUTER_BOUND($,#13516,.T.);
#13516=EDGE_LOOP($,(#13528,#13538,#13549,#13517));
#13528=ORIENTED_EDGE('',*,*,#13267,.T.);
#13539=EDGE_CURVE($,#13170,#13270,#13544,.T.);
#13544=CIRCLE($,#13545,0.15875);
#13545=AXIS2_PLACEMENT_3D($,#13474,#13547,#13548);
#13547=DIRECTION('',(0.0,-1.0,0.0));
#13548=DIRECTION('',(0.793,0.0,-0.609));
#13538=ORIENTED_EDGE('',*,*,#13539,.F.);
#13549=ORIENTED_EDGE('',*,*,#13169,.T.);
#13518=EDGE_CURVE($,#13268,#13172,#13523,.T.);
#13523=CIRCLE($,#13524,0.15875);
#13524=AXIS2_PLACEMENT_3D($,#13495,#13526,#13527);
#13526=DIRECTION('',(0.0,1.0,0.0));
#13527=DIRECTION('',(-0.793,0.0,0.609));
#13517=ORIENTED_EDGE('',*,*,#13518,.F.);
#13559=STYLED_ITEM('color',(#34),#13560);
#13560=ADVANCED_FACE($,(#13566),#13561,.T.);
#13561=PLANE($,#13562);
#13562=AXIS2_PLACEMENT_3D($,#13563,#13564,#13565);
#13563=CARTESIAN_POINT('',(1.956,1.098,0.238));
#13564=DIRECTION('',(0.0,-1.0,0.0));
#13565=DIRECTION('',(1.,0.,0.));
#13566=FACE_OUTER_BOUND($,#13567,.T.);
#13567=EDGE_LOOP($,(#13570, #13580, #13590, #13653, #13664, #13600, #13611, #13621, #13631, #13641, #13674, #13684));
#13570=ORIENTED_EDGE('',*,*,#13032,.T.);
#13580=ORIENTED_EDGE('',*,*,#12983,.T.);
#13590=ORIENTED_EDGE('',*,*,#13101,.T.);
#13653=ORIENTED_EDGE('',*,*,#13416,.T.);
#13664=ORIENTED_EDGE('',*,*,#13179,.T.);
#13600=ORIENTED_EDGE('',*,*,#13539,.T.);
#13611=ORIENTED_EDGE('',*,*,#13297,.T.);
#13621=ORIENTED_EDGE('',*,*,#13346,.T.);
#13631=ORIENTED_EDGE('',*,*,#13248,.T.);
#13641=ORIENTED_EDGE('',*,*,#13467,.T.);
#13674=ORIENTED_EDGE('',*,*,#13150,.T.);
#13684=ORIENTED_EDGE('',*,*,#13386,.T.);
#13695=STYLED_ITEM('color',(#34),#13696);
#13696=ADVANCED_FACE($,(#13702),#13697,.T.);
#13697=PLANE($,#13698);
#13698=AXIS2_PLACEMENT_3D($,#13699,#13700,#13701);
#13699=CARTESIAN_POINT('',(2.423,1.403,0.079));
#13700=DIRECTION('',(0.0,1.0,0.0));
#13701=DIRECTION('',(1.,0.,0.));
#13702=FACE_OUTER_BOUND($,#13703,.T.);
#13703=EDGE_LOOP($,(#13706, #13716, #13726, #13789, #13800, #13736, #13747, #13757, #13767, #13777, #13810, #13820));
#13706=ORIENTED_EDGE('',*,*,#13081,.T.);
#13716=ORIENTED_EDGE('',*,*,#13003,.T.);
#13726=ORIENTED_EDGE('',*,*,#13052,.T.);
#13789=ORIENTED_EDGE('',*,*,#13365,.T.);
#13800=ORIENTED_EDGE('',*,*,#13130,.T.);
#13736=ORIENTED_EDGE('',*,*,#13488,.T.);
#13747=ORIENTED_EDGE('',*,*,#13228,.T.);
#13757=ORIENTED_EDGE('',*,*,#13326,.T.);
#13767=ORIENTED_EDGE('',*,*,#13277,.T.);
#13777=ORIENTED_EDGE('',*,*,#13518,.T.);
#13810=ORIENTED_EDGE('',*,*,#13199,.T.);
#13820=ORIENTED_EDGE('',*,*,#13437,.T.);
#13831=MANIFOLD_SOLID_BREP($,#13832);
#13832=CLOSED_SHELL('',(#13834,#13883,#13932,#13981,#14030,#14079,#14128,#14177,#14226,#14277,#14328,#14379,#14430,#14566));
#13833=STYLED_ITEM('',(#34),#13834);
#13834=ADVANCED_FACE('',(#13840),#13835,.T.);
#13835=PLANE('',#13836);
#13836=AXIS2_PLACEMENT_3D('',#13837,#13838,#13839);
#13837=CARTESIAN_POINT('',(1.956,1.903,0.238));
#13838=DIRECTION('',(-1.0,0.0,0.0));
#13839=DIRECTION('',(0.,0.,1.));
#13840=FACE_OUTER_BOUND('',#13841,.T.);
#13841=EDGE_LOOP('',(#13842,#13852,#13862,#13872));
#13845=CARTESIAN_POINT('',(1.956,1.598,0.238));
#13844=VERTEX_POINT('',#13845);
#13847=CARTESIAN_POINT('',(1.956,1.903,0.238));
#13846=VERTEX_POINT('',#13847);
#13843=EDGE_CURVE('',#13844,#13846,#13848,.T.);
#13848=LINE('',#13845,#13850);
#13850=VECTOR('',#13851,0.30479999488798);
#13851=DIRECTION('',(0.0,1.0,0.0));
#13842=ORIENTED_EDGE('',*,*,#13843,.F.);
#13855=CARTESIAN_POINT('',(1.956,1.598,0.318));
#13854=VERTEX_POINT('',#13855);
#13853=EDGE_CURVE('',#13854,#13844,#13858,.T.);
#13858=LINE('',#13855,#13860);
#13860=VECTOR('',#13861,0.079375);
#13861=DIRECTION('',(0.0,0.0,-1.0));
#13852=ORIENTED_EDGE('',*,*,#13853,.F.);
#13865=CARTESIAN_POINT('',(1.956,1.903,0.318));
#13864=VERTEX_POINT('',#13865);
#13863=EDGE_CURVE('',#13864,#13854,#13868,.T.);
#13868=LINE('',#13865,#13870);
#13870=VECTOR('',#13871,0.30479999488798);
#13871=DIRECTION('',(0.0,-1.0,0.0));
#13862=ORIENTED_EDGE('',*,*,#13863,.F.);
#13873=EDGE_CURVE('',#13846,#13864,#13878,.T.);
#13878=LINE('',#13847,#13880);
#13880=VECTOR('',#13881,0.079375);
#13881=DIRECTION('',(0.0,0.0,1.0));
#13872=ORIENTED_EDGE('',*,*,#13873,.F.);
#13882=STYLED_ITEM('',(#34),#13883);
#13883=ADVANCED_FACE('',(#13889),#13884,.T.);
#13884=PLANE('',#13885);
#13885=AXIS2_PLACEMENT_3D('',#13886,#13887,#13888);
#13886=CARTESIAN_POINT('',(1.956,1.903,0.318));
#13887=DIRECTION('',(0.0,0.0,1.0));
#13888=DIRECTION('',(0.,1.,0.));
#13889=FACE_OUTER_BOUND('',#13890,.T.);
#13890=EDGE_LOOP('',(#13891,#13901,#13911,#13921));
#13891=ORIENTED_EDGE('',*,*,#13863,.T.);
#13904=CARTESIAN_POINT('',(2.177,1.598,0.318));
#13903=VERTEX_POINT('',#13904);
#13902=EDGE_CURVE('',#13903,#13854,#13907,.T.);
#13907=LINE('',#13904,#13909);
#13909=VECTOR('',#13910,0.220881495615772);
#13910=DIRECTION('',(-1.0,0.0,0.0));
#13901=ORIENTED_EDGE('',*,*,#13902,.F.);
#13914=CARTESIAN_POINT('',(2.177,1.903,0.318));
#13913=VERTEX_POINT('',#13914);
#13912=EDGE_CURVE('',#13913,#13903,#13917,.T.);
#13917=LINE('',#13914,#13919);
#13919=VECTOR('',#13920,0.304799994978664);
#13920=DIRECTION('',(0.0,-1.0,0.0));
#13911=ORIENTED_EDGE('',*,*,#13912,.F.);
#13922=EDGE_CURVE('',#13864,#13913,#13927,.T.);
#13927=LINE('',#13865,#13929);
#13929=VECTOR('',#13930,0.220881495615772);
#13930=DIRECTION('',(1.0,0.0,0.0));
#13921=ORIENTED_EDGE('',*,*,#13922,.F.);
#13931=STYLED_ITEM('',(#34),#13932);
#13932=ADVANCED_FACE('',(#13938),#13933,.T.);
#13933=PLANE('',#13934);
#13934=AXIS2_PLACEMENT_3D('',#13935,#13936,#13937);
#13935=CARTESIAN_POINT('',(1.956,1.598,0.238));
#13936=DIRECTION('',(0.0,0.0,-1.0));
#13937=DIRECTION('',(0.,1.,0.));
#13938=FACE_OUTER_BOUND('',#13939,.T.);
#13939=EDGE_LOOP('',(#13940,#13950,#13960,#13970));
#13940=ORIENTED_EDGE('',*,*,#13843,.T.);
#13953=CARTESIAN_POINT('',(2.177,1.903,0.238));
#13952=VERTEX_POINT('',#13953);
#13951=EDGE_CURVE('',#13952,#13846,#13956,.T.);
#13956=LINE('',#13953,#13958);
#13958=VECTOR('',#13959,0.220881495615772);
#13959=DIRECTION('',(-1.0,0.0,0.0));
#13950=ORIENTED_EDGE('',*,*,#13951,.F.);
#13963=CARTESIAN_POINT('',(2.177,1.598,0.238));
#13962=VERTEX_POINT('',#13963);
#13961=EDGE_CURVE('',#13962,#13952,#13966,.T.);
#13966=LINE('',#13963,#13968);
#13968=VECTOR('',#13969,0.304799994978664);
#13969=DIRECTION('',(0.0,1.0,0.0));
#13960=ORIENTED_EDGE('',*,*,#13961,.F.);
#13971=EDGE_CURVE('',#13844,#13962,#13976,.T.);
#13976=LINE('',#13845,#13978);
#13978=VECTOR('',#13979,0.220881495615772);
#13979=DIRECTION('',(1.0,0.0,0.0));
#13970=ORIENTED_EDGE('',*,*,#13971,.F.);
#13980=STYLED_ITEM('',(#34),#13981);
#13981=ADVANCED_FACE('',(#13987),#13982,.T.);
#13982=PLANE('',#13983);
#13983=AXIS2_PLACEMENT_3D('',#13984,#13985,#13986);
#13984=CARTESIAN_POINT('',(2.347,1.598,0.138));
#13985=DIRECTION('',(0.966,0.0,0.259));
#13986=DIRECTION('',(0.,0.,1.));
#13987=FACE_OUTER_BOUND('',#13988,.T.);
#13988=EDGE_LOOP('',(#13989,#13999,#14009,#14019));
#13992=CARTESIAN_POINT('',(2.347,1.903,0.138));
#13991=VERTEX_POINT('',#13992);
#13994=CARTESIAN_POINT('',(2.347,1.598,0.138));
#13993=VERTEX_POINT('',#13994);
#13990=EDGE_CURVE('',#13991,#13993,#13995,.T.);
#13995=LINE('',#13992,#13997);
#13997=VECTOR('',#13998,0.304799995199374);
#13998=DIRECTION('',(0.0,-1.0,0.0));
#13989=ORIENTED_EDGE('',*,*,#13990,.F.);
#14002=CARTESIAN_POINT('',(2.33,1.903,0.2));
#14001=VERTEX_POINT('',#14002);
#14000=EDGE_CURVE('',#14001,#13991,#14005,.T.);
#14005=LINE('',#14002,#14007);
#14007=VECTOR('',#14008,0.063804620199384);
#14008=DIRECTION('',(0.259,0.0,-0.966));
#13999=ORIENTED_EDGE('',*,*,#14000,.F.);
#14012=CARTESIAN_POINT('',(2.33,1.598,0.2));
#14011=VERTEX_POINT('',#14012);
#14010=EDGE_CURVE('',#14011,#14001,#14015,.T.);
#14015=LINE('',#14012,#14017);
#14017=VECTOR('',#14018,0.304799995163812);
#14018=DIRECTION('',(0.0,1.0,0.0));
#14009=ORIENTED_EDGE('',*,*,#14010,.F.);
#14020=EDGE_CURVE('',#13993,#14011,#14025,.T.);
#14025=LINE('',#13994,#14027);
#14027=VECTOR('',#14028,0.063804620199384);
#14028=DIRECTION('',(-0.259,0.0,0.966));
#14019=ORIENTED_EDGE('',*,*,#14020,.F.);
#14029=STYLED_ITEM('',(#34),#14030);
#14030=ADVANCED_FACE('',(#14036),#14031,.T.);
#14031=PLANE('',#14032);
#14032=AXIS2_PLACEMENT_3D('',#14033,#14034,#14035);
#14033=CARTESIAN_POINT('',(2.27,1.903,0.118));
#14034=DIRECTION('',(-0.966,0.0,-0.259));
#14035=DIRECTION('',(0.,0.,1.));
#14036=FACE_OUTER_BOUND('',#14037,.T.);
#14037=EDGE_LOOP('',(#14038,#14048,#14058,#14068));
#14041=CARTESIAN_POINT('',(2.27,1.598,0.118));
#14040=VERTEX_POINT('',#14041);
#14043=CARTESIAN_POINT('',(2.27,1.903,0.118));
#14042=VERTEX_POINT('',#14043);
#14039=EDGE_CURVE('',#14040,#14042,#14044,.T.);
#14044=LINE('',#14041,#14046);
#14046=VECTOR('',#14047,0.304799995067094);
#14047=DIRECTION('',(0.0,1.0,0.0));
#14038=ORIENTED_EDGE('',*,*,#14039,.F.);
#14051=CARTESIAN_POINT('',(2.253,1.598,0.179));
#14050=VERTEX_POINT('',#14051);
#14049=EDGE_CURVE('',#14050,#14040,#14054,.T.);
#14054=LINE('',#14051,#14056);
#14056=VECTOR('',#14057,0.0638046202038981);
#14057=DIRECTION('',(0.259,0.0,-0.966));
#14048=ORIENTED_EDGE('',*,*,#14049,.F.);
#14061=CARTESIAN_POINT('',(2.253,1.903,0.179));
#14060=VERTEX_POINT('',#14061);
#14059=EDGE_CURVE('',#14060,#14050,#14064,.T.);
#14064=LINE('',#14061,#14066);
#14066=VECTOR('',#14067,0.304799995047204);
#14067=DIRECTION('',(0.0,-1.0,0.0));
#14058=ORIENTED_EDGE('',*,*,#14059,.F.);
#14069=EDGE_CURVE('',#14042,#14060,#14074,.T.);
#14074=LINE('',#14043,#14076);
#14076=VECTOR('',#14077,0.063804620203898);
#14077=DIRECTION('',(-0.259,0.0,0.966));
#14068=ORIENTED_EDGE('',*,*,#14069,.F.);
#14078=STYLED_ITEM('',(#34),#14079);
#14079=ADVANCED_FACE('',(#14085),#14080,.T.);
#14080=PLANE('',#14081);
#14081=AXIS2_PLACEMENT_3D('',#14082,#14083,#14084);
#14082=CARTESIAN_POINT('',(2.644,1.598,0.079));
#14083=DIRECTION('',(0.0,0.0,1.0));
#14084=DIRECTION('',(0.,1.,0.));
#14085=FACE_OUTER_BOUND('',#14086,.T.);
#14086=EDGE_LOOP('',(#14087,#14097,#14107,#14117));
#14090=CARTESIAN_POINT('',(2.644,1.903,0.079));
#14089=VERTEX_POINT('',#14090);
#14092=CARTESIAN_POINT('',(2.644,1.598,0.079));
#14091=VERTEX_POINT('',#14092);
#14088=EDGE_CURVE('',#14089,#14091,#14093,.T.);
#14093=LINE('',#14090,#14095);
#14095=VECTOR('',#14096,0.3048);
#14096=DIRECTION('',(0.0,-1.0,0.0));
#14087=ORIENTED_EDGE('',*,*,#14088,.F.);
#14100=CARTESIAN_POINT('',(2.423,1.903,0.079));
#14099=VERTEX_POINT('',#14100);
#14098=EDGE_CURVE('',#14099,#14089,#14103,.T.);
#14103=LINE('',#14100,#14105);
#14105=VECTOR('',#14106,0.220881493353523);
#14106=DIRECTION('',(1.0,0.0,0.0));
#14097=ORIENTED_EDGE('',*,*,#14098,.F.);
#14110=CARTESIAN_POINT('',(2.423,1.598,0.079));
#14109=VERTEX_POINT('',#14110);
#14108=EDGE_CURVE('',#14109,#14099,#14113,.T.);
#14113=LINE('',#14110,#14115);
#14115=VECTOR('',#14116,0.304799995453006);
#14116=DIRECTION('',(0.0,1.0,0.0));
#14107=ORIENTED_EDGE('',*,*,#14108,.F.);
#14118=EDGE_CURVE('',#14091,#14109,#14123,.T.);
#14123=LINE('',#14092,#14125);
#14125=VECTOR('',#14126,0.220881493353524);
#14126=DIRECTION('',(-1.0,0.0,0.0));
#14117=ORIENTED_EDGE('',*,*,#14118,.F.);
#14127=STYLED_ITEM('',(#34),#14128);
#14128=ADVANCED_FACE('',(#14134),#14129,.T.);
#14129=PLANE('',#14130);
#14130=AXIS2_PLACEMENT_3D('',#14131,#14132,#14133);
#14131=CARTESIAN_POINT('',(2.423,1.598,0.0));
#14132=DIRECTION('',(0.0,0.0,-1.0));
#14133=DIRECTION('',(0.,1.,0.));
#14134=FACE_OUTER_BOUND('',#14135,.T.);
#14135=EDGE_LOOP('',(#14136,#14146,#14156,#14166));
#14139=CARTESIAN_POINT('',(2.423,1.903,0.0));
#14138=VERTEX_POINT('',#14139);
#14141=CARTESIAN_POINT('',(2.423,1.598,0.0));
#14140=VERTEX_POINT('',#14141);
#14137=EDGE_CURVE('',#14138,#14140,#14142,.T.);
#14142=LINE('',#14139,#14144);
#14144=VECTOR('',#14145,0.304799995453006);
#14145=DIRECTION('',(0.0,-1.0,0.0));
#14136=ORIENTED_EDGE('',*,*,#14137,.F.);
#14149=CARTESIAN_POINT('',(2.644,1.903,0.0));
#14148=VERTEX_POINT('',#14149);
#14147=EDGE_CURVE('',#14148,#14138,#14152,.T.);
#14152=LINE('',#14149,#14154);
#14154=VECTOR('',#14155,0.220881493353523);
#14155=DIRECTION('',(-1.0,0.0,0.0));
#14146=ORIENTED_EDGE('',*,*,#14147,.F.);
#14159=CARTESIAN_POINT('',(2.644,1.598,0.0));
#14158=VERTEX_POINT('',#14159);
#14157=EDGE_CURVE('',#14158,#14148,#14162,.T.);
#14162=LINE('',#14159,#14164);
#14164=VECTOR('',#14165,0.3048);
#14165=DIRECTION('',(0.0,1.0,0.0));
#14156=ORIENTED_EDGE('',*,*,#14157,.F.);
#14167=EDGE_CURVE('',#14140,#14158,#14172,.T.);
#14172=LINE('',#14141,#14174);
#14174=VECTOR('',#14175,0.220881493353524);
#14175=DIRECTION('',(1.0,0.0,0.0));
#14166=ORIENTED_EDGE('',*,*,#14167,.F.);
#14176=STYLED_ITEM('',(#34),#14177);
#14177=ADVANCED_FACE('',(#14183),#14178,.T.);
#14178=PLANE('',#14179);
#14179=AXIS2_PLACEMENT_3D('',#14180,#14181,#14182);
#14180=CARTESIAN_POINT('',(2.644,1.598,0.0));
#14181=DIRECTION('',(1.0,0.0,0.0));
#14182=DIRECTION('',(0.,0.,1.));
#14183=FACE_OUTER_BOUND('',#14184,.T.);
#14184=EDGE_LOOP('',(#14185,#14195,#14205,#14215));
#14185=ORIENTED_EDGE('',*,*,#14157,.T.);
#14196=EDGE_CURVE('',#14089,#14148,#14201,.T.);
#14201=LINE('',#14090,#14203);
#14203=VECTOR('',#14204,0.079375);
#14204=DIRECTION('',(0.0,0.0,-1.0));
#14195=ORIENTED_EDGE('',*,*,#14196,.F.);
#14205=ORIENTED_EDGE('',*,*,#14088,.T.);
#14216=EDGE_CURVE('',#14158,#14091,#14221,.T.);
#14221=LINE('',#14159,#14223);
#14223=VECTOR('',#14224,0.079375);
#14224=DIRECTION('',(0.0,0.0,1.0));
#14215=ORIENTED_EDGE('',*,*,#14216,.F.);
#14225=STYLED_ITEM($,(#34),#14226);
#14226=ADVANCED_FACE($,(#14232),#14227,.T.);
#14227=CYLINDRICAL_SURFACE($,#14228,0.15875);
#14228=AXIS2_PLACEMENT_3D($,#14229,#14230,#14231);
#14229=CARTESIAN_POINT('',(2.177,1.903,0.159));
#14230=DIRECTION('',(0.0,1.0,0.0));
#14231=DIRECTION('',(0.,0.,1.));
#14232=FACE_OUTER_BOUND($,#14233,.T.);
#14233=EDGE_LOOP($,(#14245,#14255,#14266,#14234));
#14245=ORIENTED_EDGE('',*,*,#13912,.T.);
#14256=EDGE_CURVE($,#14011,#13903,#14261,.T.);
#14261=CIRCLE($,#14262,0.15875);
#14263=CARTESIAN_POINT('',(2.177,1.598,0.159));
#14262=AXIS2_PLACEMENT_3D($,#14263,#14264,#14265);
#14264=DIRECTION('',(0.0,-1.0,0.0));
#14265=DIRECTION('',(-0.793,0.0,0.609));
#14255=ORIENTED_EDGE('',*,*,#14256,.F.);
#14266=ORIENTED_EDGE('',*,*,#14010,.T.);
#14235=EDGE_CURVE($,#13913,#14001,#14240,.T.);
#14240=CIRCLE($,#14241,0.15875);
#14242=CARTESIAN_POINT('',(2.177,1.903,0.159));
#14241=AXIS2_PLACEMENT_3D($,#14242,#14243,#14244);
#14243=DIRECTION('',(0.0,1.0,0.0));
#14244=DIRECTION('',(0.793,0.0,-0.609));
#14234=ORIENTED_EDGE('',*,*,#14235,.F.);
#14276=STYLED_ITEM($,(#34),#14277);
#14277=ADVANCED_FACE($,(#14283),#14278,.F.);
#14278=CYLINDRICAL_SURFACE($,#14279,0.079375);
#14279=AXIS2_PLACEMENT_3D($,#14280,#14281,#14282);
#14280=CARTESIAN_POINT('',(2.177,1.598,0.159));
#14281=DIRECTION('',(0.0,1.0,0.0));
#14282=DIRECTION('',(0.,0.,-1.));
#14283=FACE_OUTER_BOUND($,#14284,.T.);
#14284=EDGE_LOOP($,(#14296,#14306,#14317,#14285));
#14296=ORIENTED_EDGE('',*,*,#13961,.T.);
#14307=EDGE_CURVE($,#14060,#13952,#14312,.T.);
#14312=CIRCLE($,#14313,0.079375);
#14313=AXIS2_PLACEMENT_3D($,#14242,#14315,#14316);
#14315=DIRECTION('',(0.0,-1.0,0.0));
#14316=DIRECTION('',(-0.793,0.0,0.609));
#14306=ORIENTED_EDGE('',*,*,#14307,.F.);
#14317=ORIENTED_EDGE('',*,*,#14059,.T.);
#14286=EDGE_CURVE($,#13962,#14050,#14291,.T.);
#14291=CIRCLE($,#14292,0.079375);
#14292=AXIS2_PLACEMENT_3D($,#14263,#14294,#14295);
#14294=DIRECTION('',(0.0,1.0,0.0));
#14295=DIRECTION('',(0.793,0.0,-0.609));
#14285=ORIENTED_EDGE('',*,*,#14286,.F.);
#14327=STYLED_ITEM($,(#34),#14328);
#14328=ADVANCED_FACE($,(#14334),#14329,.F.);
#14329=CYLINDRICAL_SURFACE($,#14330,0.079375);
#14330=AXIS2_PLACEMENT_3D($,#14331,#14332,#14333);
#14331=CARTESIAN_POINT('',(2.423,1.598,0.159));
#14332=DIRECTION('',(0.0,1.0,0.0));
#14333=DIRECTION('',(0.,0.,1.));
#14334=FACE_OUTER_BOUND($,#14335,.T.);
#14335=EDGE_LOOP($,(#14347,#14357,#14368,#14336));
#14347=ORIENTED_EDGE('',*,*,#14108,.T.);
#14358=EDGE_CURVE($,#13991,#14099,#14363,.T.);
#14363=CIRCLE($,#14364,0.079375);
#14365=CARTESIAN_POINT('',(2.423,1.903,0.159));
#14364=AXIS2_PLACEMENT_3D($,#14365,#14366,#14367);
#14366=DIRECTION('',(0.0,-1.0,0.0));
#14367=DIRECTION('',(0.793,0.0,-0.609));
#14357=ORIENTED_EDGE('',*,*,#14358,.F.);
#14368=ORIENTED_EDGE('',*,*,#13990,.T.);
#14337=EDGE_CURVE($,#14109,#13993,#14342,.T.);
#14342=CIRCLE($,#14343,0.079375);
#14344=CARTESIAN_POINT('',(2.423,1.598,0.159));
#14343=AXIS2_PLACEMENT_3D($,#14344,#14345,#14346);
#14345=DIRECTION('',(0.0,1.0,0.0));
#14346=DIRECTION('',(-0.793,0.0,0.609));
#14336=ORIENTED_EDGE('',*,*,#14337,.F.);
#14378=STYLED_ITEM($,(#34),#14379);
#14379=ADVANCED_FACE($,(#14385),#14380,.T.);
#14380=CYLINDRICAL_SURFACE($,#14381,0.15875);
#14381=AXIS2_PLACEMENT_3D($,#14382,#14383,#14384);
#14382=CARTESIAN_POINT('',(2.423,1.598,0.159));
#14383=DIRECTION('',(0.0,1.0,0.0));
#14384=DIRECTION('',(0.,0.,-1.));
#14385=FACE_OUTER_BOUND($,#14386,.T.);
#14386=EDGE_LOOP($,(#14398,#14408,#14419,#14387));
#14398=ORIENTED_EDGE('',*,*,#14137,.T.);
#14409=EDGE_CURVE($,#14040,#14140,#14414,.T.);
#14414=CIRCLE($,#14415,0.15875);
#14415=AXIS2_PLACEMENT_3D($,#14344,#14417,#14418);
#14417=DIRECTION('',(0.0,-1.0,0.0));
#14418=DIRECTION('',(0.793,0.0,-0.609));
#14408=ORIENTED_EDGE('',*,*,#14409,.F.);
#14419=ORIENTED_EDGE('',*,*,#14039,.T.);
#14388=EDGE_CURVE($,#14138,#14042,#14393,.T.);
#14393=CIRCLE($,#14394,0.15875);
#14394=AXIS2_PLACEMENT_3D($,#14365,#14396,#14397);
#14396=DIRECTION('',(0.0,1.0,0.0));
#14397=DIRECTION('',(-0.793,0.0,0.609));
#14387=ORIENTED_EDGE('',*,*,#14388,.F.);
#14429=STYLED_ITEM('color',(#34),#14430);
#14430=ADVANCED_FACE($,(#14436),#14431,.T.);
#14431=PLANE($,#14432);
#14432=AXIS2_PLACEMENT_3D($,#14433,#14434,#14435);
#14433=CARTESIAN_POINT('',(1.956,1.598,0.238));
#14434=DIRECTION('',(0.0,-1.0,0.0));
#14435=DIRECTION('',(1.,0.,0.));
#14436=FACE_OUTER_BOUND($,#14437,.T.);
#14437=EDGE_LOOP($,(#14440, #14450, #14460, #14523, #14534, #14470, #14481, #14491, #14501, #14511, #14544, #14554));
#14440=ORIENTED_EDGE('',*,*,#13902,.T.);
#14450=ORIENTED_EDGE('',*,*,#13853,.T.);
#14460=ORIENTED_EDGE('',*,*,#13971,.T.);
#14523=ORIENTED_EDGE('',*,*,#14286,.T.);
#14534=ORIENTED_EDGE('',*,*,#14049,.T.);
#14470=ORIENTED_EDGE('',*,*,#14409,.T.);
#14481=ORIENTED_EDGE('',*,*,#14167,.T.);
#14491=ORIENTED_EDGE('',*,*,#14216,.T.);
#14501=ORIENTED_EDGE('',*,*,#14118,.T.);
#14511=ORIENTED_EDGE('',*,*,#14337,.T.);
#14544=ORIENTED_EDGE('',*,*,#14020,.T.);
#14554=ORIENTED_EDGE('',*,*,#14256,.T.);
#14565=STYLED_ITEM('color',(#34),#14566);
#14566=ADVANCED_FACE($,(#14572),#14567,.T.);
#14567=PLANE($,#14568);
#14568=AXIS2_PLACEMENT_3D($,#14569,#14570,#14571);
#14569=CARTESIAN_POINT('',(2.423,1.903,0.079));
#14570=DIRECTION('',(0.0,1.0,0.0));
#14571=DIRECTION('',(1.,0.,0.));
#14572=FACE_OUTER_BOUND($,#14573,.T.);
#14573=EDGE_LOOP($,(#14576, #14586, #14596, #14659, #14670, #14606, #14617, #14627, #14637, #14647, #14680, #14690));
#14576=ORIENTED_EDGE('',*,*,#13951,.T.);
#14586=ORIENTED_EDGE('',*,*,#13873,.T.);
#14596=ORIENTED_EDGE('',*,*,#13922,.T.);
#14659=ORIENTED_EDGE('',*,*,#14235,.T.);
#14670=ORIENTED_EDGE('',*,*,#14000,.T.);
#14606=ORIENTED_EDGE('',*,*,#14358,.T.);
#14617=ORIENTED_EDGE('',*,*,#14098,.T.);
#14627=ORIENTED_EDGE('',*,*,#14196,.T.);
#14637=ORIENTED_EDGE('',*,*,#14147,.T.);
#14647=ORIENTED_EDGE('',*,*,#14388,.T.);
#14680=ORIENTED_EDGE('',*,*,#14069,.T.);
#14690=ORIENTED_EDGE('',*,*,#14307,.T.);
ENDSEC;
END-ISO-10303-21;
